2025-09-17 19:08:48.337 INFO: ===========VERIFYING SETTINGS===========
2025-09-17 19:08:48.338 INFO: Stage Two is activated as start_stage_two was defined
2025-09-17 19:08:48.339 INFO: MACE version: 0.3.13
2025-09-17 19:08:48.340 DEBUG: Configuration: Namespace(config='config.yaml', name='demo', seed=42, work_dir='.', log_dir='./logs', model_dir='./logs', checkpoints_dir='./ckps', results_dir='./logs', downloads_dir='./downloads', device='cuda', default_dtype='float32', distributed=False, log_level='INFO', plot=True, plot_frequency=0, error_table='TotalMAE', model='MACE', r_max=6.0, radial_type='bessel', num_radial_basis=8, num_cutoff_basis=5, pair_repulsion=False, distance_transform='None', interaction='RealAgnosticResidualInteractionBlock', interaction_first='RealAgnosticResidualInteractionBlock', max_ell=3, correlation=3, num_interactions=2, MLP_irreps='16x0e', radial_MLP='[64, 64, 64]', hidden_irreps=256x0e+256x1o+256x2e, num_channels=256, max_L=2, gate='silu', scaling='rms_forces_scaling', avg_num_neighbors=1, compute_avg_num_neighbors=True, compute_stress=False, compute_forces=True, train_file='./demo_train.xyz', valid_file=None, valid_fraction=0.1, test_file=None, test_dir=None, multi_processed_test=False, num_workers=0, pin_memory=True, atomic_numbers=None, mean=None, std=None, statistics_file=None, E0s='average', foundation_filter_elements=True, heads=None, multiheads_finetuning=True, foundation_head=None, weight_pt_head=1.0, num_samples_pt=10000, force_mh_ft_lr=False, subselect_pt='random', filter_type_pt='none', pt_train_file=None, pt_valid_file=None, foundation_model_elements=False, keep_isolated_atoms=False, energy_key='energy', forces_key='forces', virials_key='REF_virials', stress_key='REF_stress', dipole_key='dipole', head_key='head', charges_key='REF_charges', skip_evaluate_heads='pt_head', loss='weighted', forces_weight=10.0, swa_forces_weight=100.0, energy_weight=10.0, swa_energy_weight=1000.0, virials_weight=1.0, swa_virials_weight=10.0, stress_weight=1.0, swa_stress_weight=10.0, dipole_weight=1.0, swa_dipole_weight=1.0, config_type_weights='{"Default":1.0}', huber_delta=0.01, optimizer='adamw', beta=0.9, batch_size=10, valid_batch_size=10, lr=0.001, swa_lr=0.001, weight_decay=5e-07, amsgrad=True, scheduler='ReduceLROnPlateau', lr_factor=0.8, scheduler_patience=50, lr_scheduler_gamma=0.9993, swa=True, start_swa=100, lbfgs=False, ema=True, ema_decay=0.99, max_num_epochs=400, patience=10, foundation_model=None, foundation_model_readout=True, eval_interval=2, keep_checkpoints=False, save_all_checkpoints=False, restart_latest=True, save_cpu=False, clip_grad=10.0, dry_run=False, enable_cueq=True, wandb=False, wandb_dir=None, wandb_project='', wandb_entity='', wandb_name='', wandb_log_hypers=['num_channels', 'max_L', 'correlation', 'lr', 'swa_lr', 'weight_decay', 'batch_size', 'max_num_epochs', 'start_swa', 'energy_weight', 'forces_weight'], key_specification=KeySpecification(info_keys={'energy': 'energy', 'stress': 'REF_stress', 'virials': 'REF_virials', 'dipole': 'dipole', 'head': 'head'}, arrays_keys={'forces': 'forces', 'charges': 'REF_charges'}))
2025-09-17 19:08:48.563 INFO: CUDA version: 12.1, CUDA device: 0
2025-09-17 19:08:48.637 DEBUG: Popen(['git', 'version'], cwd=/mnt/d/rmlp/DeePEST-OS/examples/model_training, stdin=None, shell=False, universal_newlines=False)
2025-09-17 19:08:48.649 DEBUG: Popen(['git', 'version'], cwd=/mnt/d/rmlp/DeePEST-OS/examples/model_training, stdin=None, shell=False, universal_newlines=False)
2025-09-17 19:08:48.824 DEBUG: Popen(['git', 'cat-file', '--batch-check'], cwd=/mnt/d/rmlp/DeePEST-OS, stdin=<valid stream>, shell=False, universal_newlines=False)
2025-09-17 19:08:48.911 DEBUG: Current Git commit: 0cf5132eb7a94211a571112f675534a774b39e01
2025-09-17 19:08:48.911 INFO: ===========LOADING INPUT DATA===========
2025-09-17 19:08:48.912 INFO: Using heads: ['Default']
2025-09-17 19:08:48.913 INFO: Using the key specifications to parse data:
2025-09-17 19:08:48.914 INFO: Default: KeySpecification(info_keys={'energy': 'energy', 'stress': 'REF_stress', 'virials': 'REF_virials', 'dipole': 'dipole', 'head': 'head'}, arrays_keys={'forces': 'forces', 'charges': 'REF_charges'})
2025-09-17 19:08:48.915 INFO: =============    Processing head Default     ===========
2025-09-17 19:08:48.919 DEBUG: Loading training file: ./demo_train.xyz
2025-09-17 19:08:52.960 WARNING: Since ASE version 3.23.0b1, using energy_key 'energy' is no longer safe when communicating between MACE and ASE. We recommend using a different key, rewriting 'energy' to 'REF_energy'. You need to use --energy_key='REF_energy' to specify the chosen key name.
2025-09-17 19:08:53.373 WARNING: Since ASE version 3.23.0b1, using forces_key 'forces' is no longer safe when communicating between MACE and ASE. We recommend using a different key, rewriting 'forces' to 'REF_forces'. You need to use --forces_key='REF_forces' to specify the chosen key name.
2025-09-17 19:08:53.865 INFO: Training set 1/1 [energy: 5760, stress: 0, virials: 0, dipole components: 0, head: 5760, forces: 5760, charges: 0]
2025-09-17 19:08:53.881 INFO: Total Training set [energy: 5760, stress: 0, virials: 0, dipole components: 0, head: 5760, forces: 5760, charges: 0]
2025-09-17 19:08:53.882 INFO: No validation set provided, splitting training data instead.
2025-09-17 19:08:53.928 INFO: Using random 10% of training set for validation with indices saved in: ./valid_indices_42.txt
2025-09-17 19:08:53.952 INFO: Random Split Training set [energy: 5184, stress: 0, virials: 0, dipole components: 0, head: 5184, forces: 5184, charges: 0]
2025-09-17 19:08:53.954 INFO: Random Split Validation set [energy: 576, stress: 0, virials: 0, dipole components: 0, head: 576, forces: 576, charges: 0]
2025-09-17 19:08:53.955 INFO: Total number of configurations: train=5184, valid=576, tests=[],
2025-09-17 19:08:53.965 INFO: Atomic Numbers used: [1, 6, 7, 8, 9, 17, 35]
2025-09-17 19:08:53.967 INFO: Isolated Atomic Energies (E0s) not in training file, using command line argument
2025-09-17 19:08:53.967 INFO: Computing average Atomic Energies using least squares regression
2025-09-17 19:08:54.008 INFO: Atomic Energies used (z: eV) for head Default: {1: -2.225405372779404, 6: -979.0053578025254, 7: -1410.5780230604885, 8: -1936.6416571327854, 9: -2588.4096139972894, 17: -12398.640526277448, 35: -69931.22600875009}
2025-09-17 19:08:54.009 INFO: Processing datasets for head 'Default'
2025-09-17 19:08:55.346 DEBUG: Successfully loaded dataset from ASE files: ['./demo_train.xyz']
2025-09-17 19:08:55.346 INFO: Combining 1 list datasets for head 'Default'
2025-09-17 19:08:55.588 INFO: Head 'Default' training dataset size: 5184
2025-09-17 19:08:55.589 INFO: Computing average number of neighbors
2025-09-17 19:08:57.016 INFO: Average number of neighbors: 12.1578950881958
2025-09-17 19:08:57.027 INFO: During training the following quantities will be reported: energy, forces
2025-09-17 19:08:57.027 INFO: ===========MODEL DETAILS===========
2025-09-17 19:08:57.861 INFO: Building model
2025-09-17 19:08:57.874 INFO: Message passing with 256 channels and max_L=2 (256x0e+256x1o+256x2e)
2025-09-17 19:08:57.880 INFO: 2 layers, each with correlation order: 3 (body order: 4) and spherical harmonics up to: l=3
2025-09-17 19:08:57.882 INFO: 8 radial and 5 basis functions
2025-09-17 19:08:57.883 INFO: Radial cutoff: 6.0 A (total receptive field for each atom: 12.0 A)
2025-09-17 19:08:57.884 INFO: Distance transform for radial basis functions: None
2025-09-17 19:08:57.885 INFO: Hidden irreps: 256x0e+256x1o+256x2e
2025-09-17 19:08:59.130 DEBUG: ScaleShiftMACE(
  (node_embedding): LinearNodeEmbeddingBlock(
    (linear): Linear(7x0e -> 256x0e | 1792 weights)
  )
  (radial_embedding): RadialEmbeddingBlock(
    (bessel_fn): BesselBasis(r_max=6.0, num_basis=8, trainable=False)
    (cutoff_fn): PolynomialCutoff(p=5, r_max=6.0)
  )
  (spherical_harmonics): SphericalHarmonics()
  (atomic_energies_fn): AtomicEnergiesBlock(energies=[[-2.2254, -979.0054, -1410.5780, -1936.6416, -2588.4097, -12398.6406, -69931.2266]])
  (interactions): ModuleList(
    (0): RealAgnosticInteractionBlock(
      (linear_up): Linear(256x0e -> 256x0e | 65536 weights)
      (conv_tp): TensorProduct(256x0e x 1x0e+1x1o+1x2e+1x3o -> 256x0e+256x1o+256x2e+256x3o | 1024 paths | 1024 weights)
      (conv_tp_weights): FullyConnectedNet[8, 64, 64, 64, 1024]
      (linear): Linear(256x0e+256x1o+256x2e+256x3o -> 256x0e+256x1o+256x2e+256x3o | 262144 weights)
      (skip_tp): FullyConnectedTensorProduct(256x0e+256x1o+256x2e+256x3o x 7x0e -> 256x0e+256x1o+256x2e+256x3o | 1835008 paths | 1835008 weights)
      (reshape): reshape_irreps()
    )
    (1): RealAgnosticResidualInteractionBlock(
      (linear_up): Linear(256x0e+256x1o+256x2e -> 256x0e+256x1o+256x2e | 196608 weights)
      (conv_tp): TensorProduct(256x0e+256x1o+256x2e x 1x0e+1x1o+1x2e+1x3o -> 768x0e+1280x1o+1280x2e+1024x3o | 4352 paths | 4352 weights)
      (conv_tp_weights): FullyConnectedNet[8, 64, 64, 64, 4352]
      (linear): Linear(256x0e+256x0e+256x0e+256x1o+256x1o+256x1o+256x1o+256x1o+256x2e+256x2e+256x2e+256x2e+256x2e+256x3o+256x3o+256x3o+256x3o -> 256x0e+256x1o+256x2e+256x3o | 1114112 weights)
      (skip_tp): FullyConnectedTensorProduct(256x0e+256x1o+256x2e x 7x0e -> 256x0e | 458752 paths | 458752 weights)
      (reshape): reshape_irreps()
    )
  )
  (products): ModuleList(
    (0): EquivariantProductBasisBlock(
      (symmetric_contractions): SymmetricContraction(
        (contractions): ModuleList(
          (0): Contraction(
            (contractions_weighting): ModuleList(
              (0-1): 2 x GraphModule()
            )
            (contractions_features): ModuleList(
              (0-1): 2 x GraphModule()
            )
            (weights): ParameterList(
                (0): Parameter containing: [torch.float32 of size 7x4x256 (cuda:0)]
                (1): Parameter containing: [torch.float32 of size 7x1x256 (cuda:0)]
            )
            (graph_opt_main): GraphModule()
          )
          (1): Contraction(
            (contractions_weighting): ModuleList(
              (0-1): 2 x GraphModule()
            )
            (contractions_features): ModuleList(
              (0-1): 2 x GraphModule()
            )
            (weights): ParameterList(
                (0): Parameter containing: [torch.float32 of size 7x6x256 (cuda:0)]
                (1): Parameter containing: [torch.float32 of size 7x1x256 (cuda:0)]
            )
            (graph_opt_main): GraphModule()
          )
          (2): Contraction(
            (contractions_weighting): ModuleList(
              (0-1): 2 x GraphModule()
            )
            (contractions_features): ModuleList(
              (0-1): 2 x GraphModule()
            )
            (weights): ParameterList(
                (0): Parameter containing: [torch.float32 of size 7x7x256 (cuda:0)]
                (1): Parameter containing: [torch.float32 of size 7x1x256 (cuda:0)]
            )
            (graph_opt_main): GraphModule()
          )
        )
      )
      (linear): Linear(256x0e+256x1o+256x2e -> 256x0e+256x1o+256x2e | 196608 weights)
    )
    (1): EquivariantProductBasisBlock(
      (symmetric_contractions): SymmetricContraction(
        (contractions): ModuleList(
          (0): Contraction(
            (contractions_weighting): ModuleList(
              (0-1): 2 x GraphModule()
            )
            (contractions_features): ModuleList(
              (0-1): 2 x GraphModule()
            )
            (weights): ParameterList(
                (0): Parameter containing: [torch.float32 of size 7x4x256 (cuda:0)]
                (1): Parameter containing: [torch.float32 of size 7x1x256 (cuda:0)]
            )
            (graph_opt_main): GraphModule()
          )
        )
      )
      (linear): Linear(256x0e -> 256x0e | 65536 weights)
    )
  )
  (readouts): ModuleList(
    (0): LinearReadoutBlock(
      (linear): Linear(256x0e+256x1o+256x2e -> 1x0e | 256 weights)
    )
    (1): NonLinearReadoutBlock(
      (linear_1): Linear(256x0e -> 16x0e | 4096 weights)
      (non_linearity): Activation [x] (16x0e -> 16x0e)
      (linear_2): Linear(16x0e -> 1x0e | 16 weights)
    )
  )
  (scale_shift): ScaleShiftBlock(scale=0.4431, shift=0.0000)
)
2025-09-17 19:08:59.134 INFO: Total number of parameters: 4897040
2025-09-17 19:08:59.134 INFO: 
2025-09-17 19:08:59.135 INFO: ===========OPTIMIZER INFORMATION===========
2025-09-17 19:08:59.135 INFO: Using ADAMW as parameter optimizer
2025-09-17 19:08:59.136 INFO: Batch size: 10
2025-09-17 19:08:59.136 INFO: Using Exponential Moving Average with decay: 0.99
2025-09-17 19:08:59.137 INFO: Number of gradient updates: 207360
2025-09-17 19:08:59.137 INFO: Learning rate: 0.001, weight decay: 5e-07
2025-09-17 19:08:59.137 INFO: WeightedEnergyForcesLoss(energy_weight=10.000, forces_weight=10.000)
2025-09-17 19:08:59.138 INFO: Converting model to CUEQ for accelerated training
2025-09-17 19:08:59.226 INFO: Creating new model with cuequivariance settings
2025-09-17 19:08:59.228 DEBUG: Normalized paths for operand 2 in uv,iu,iv operands=[(7, 256)],[(1, 7)],[(1, 256)] paths=[op0[0]*op1[0]*op2[0]*1.]: got uv,iu,iv operands=[(7, 256)],[(1, 7)],[(1, 256)] paths=[op0[0]*op1[0]*op2[0]*0.38]
2025-09-17 19:08:59.241 DEBUG: Normalized paths for operand 2 in uv,iu,iv operands=[(256, 256)],[(1, 256)],[(1, 256)] paths=[op0[0]*op1[0]*op2[0]*1.]: got uv,iu,iv operands=[(256, 256)],[(1, 256)],[(1, 256)] paths=[op0[0]*op1[0]*op2[0]*0.06]
2025-09-17 19:08:59.252 DEBUG: Normalized paths for operand 3 in uv,iu,jv,kuv+ijk sizes=1024,256,16,4096 num_segments=4,1,4,4 num_paths=4 i=1 j={1, 3, 5, 7} k={1, 3, 5, 7} u=256 v=1: got uv,iu,jv,kuv+ijk sizes=1024,256,16,4096 num_segments=4,1,4,4 num_paths=4 i=1 j={1, 3, 5, 7} k={1, 3, 5, 7} u=256 v=1
2025-09-17 19:08:59.252 DEBUG: Starting search for a cuda kernel for uv,iu,jv,kuv+ijk sizes=1024,256,16,4096 num_segments=4,1,4,4 num_paths=4 i=1 j={1, 3, 5, 7} k={1, 3, 5, 7} u=256 v=1
2025-09-17 19:08:59.255 DEBUG: Flattened ijk in uv,iu,jv,kuv+ijk sizes=1024,256,16,4096 num_segments=4,1,4,4 num_paths=4 i=1 j={1, 3, 5, 7} k={1, 3, 5, 7} u=256 v=1: got uv,u,v,uv sizes=1024,256,16,4096 num_segments=4,1,16,16 num_paths=16 u=256 v=1
2025-09-17 19:08:59.256 DEBUG: Squeezed uv,u,v,uv sizes=1024,256,16,4096 num_segments=4,1,16,16 num_paths=16 u=256 v=1 to u,u,,u sizes=1024,256,16,4096 num_segments=4,1,16,16 num_paths=16 u=256
2025-09-17 19:08:59.258 DEBUG: Split u in u,u,,u sizes=1024,256,16,4096 num_segments=4,1,16,16 num_paths=16 u=256: got u,u,,u sizes=1024,256,16,4096 num_segments=4,1,16,16 num_paths=16 u=256
2025-09-17 19:08:59.259 WARNING: CUDA implementation not available: libcue_ops.so: cannot open shared object file: No such file or directory
2025-09-17 19:08:59.260 WARNING: Did you forget to install the CUDA version of cuequivariance-ops-torch?
Install it with one of the following commands:
pip install cuequivariance-ops-torch-cu11
pip install cuequivariance-ops-torch-cu12
2025-09-17 19:08:59.303 DEBUG: Normalized paths for operand 2 in uv,iu,iv sizes=262144,4096,4096 num_segments=4,4,4 num_paths=4 i={1, 3, 5, 7} u=256 v=256: got uv,iu,iv sizes=262144,4096,4096 num_segments=4,4,4 num_paths=4 i={1, 3, 5, 7} u=256 v=256
2025-09-17 19:08:59.342 DEBUG: Normalized paths for operand 3 in uvw,iu,jv,kw+ijk sizes=1835008,4096,7,4096 num_segments=4,4,1,4 num_paths=4 i={1, 3, 5, 7} j=1 k={1, 3, 5, 7} u=256 v=7 w=256: got uvw,iu,jv,kw+ijk sizes=1835008,4096,7,4096 num_segments=4,4,1,4 num_paths=4 i={1, 3, 5, 7} j=1 k={1, 3, 5, 7} u=256 v=7 w=256
2025-09-17 19:09:01.818 DEBUG: Flattened abciu in u,a,b,c,i+abcui operands=[(23,)],[(16,)],[(16,)],[(16,)],[(1,)] paths=[op0[0]*op1[0]*op2[0]*op3[0]*op4[0]*c c.shape=(16, 16, 16, 23, 1) c.nnz=276]: got ,,,, sizes=23,16,16,16,1 num_segments=23,16,16,16,1 num_paths=276
2025-09-17 19:09:01.821 DEBUG: Flattened abiu in u,a,b,i+abui operands=[(4,)],[(16,)],[(16,)],[(1,)] paths=[op0[0]*op1[0]*op2[0]*op3[0]*c c.shape=(16, 16, 4, 1) c.nnz=16]: got ,,, sizes=4,16,16,1 num_segments=4,16,16,1 num_paths=16
2025-09-17 19:09:01.822 DEBUG: Flattened aiu in u,a,i+aui operands=[(1,)],[(16,)],[(1,)] paths=[op0[0]*op1[0]*op2[0]*c c.shape=(16, 1, 1) c.nnz=1]: got ,, sizes=1,16,1 num_segments=1,16,1 num_paths=1
2025-09-17 19:09:01.872 DEBUG: Flattened abciu in u,a,b,c,i+abcui operands=[(51,)],[(16,)],[(16,)],[(16,)],[(3,)] paths=[op0[0]*op1[0]*op2[0]*op3[0]*op4[0]*c c.shape=(16, 16, 16, 51, 3) c.nnz=1543]: got ,,,, sizes=51,16,16,16,3 num_segments=51,16,16,16,3 num_paths=1543
2025-09-17 19:09:01.882 DEBUG: Flattened abiu in u,a,b,i+abui operands=[(6,)],[(16,)],[(16,)],[(3,)] paths=[op0[0]*op1[0]*op2[0]*op3[0]*c c.shape=(16, 16, 6, 3) c.nnz=70]: got ,,, sizes=6,16,16,3 num_segments=6,16,16,3 num_paths=70
2025-09-17 19:09:01.887 DEBUG: Flattened aiu in u,a,i+aui operands=[(1,)],[(16,)],[(3,)] paths=[op0[0]*op1[0]*op2[0]*c c.shape=(16, 1, 3) c.nnz=3]: got ,, sizes=1,16,3 num_segments=1,16,3 num_paths=3
2025-09-17 19:09:02.019 DEBUG: Flattened abciu in u,a,b,c,i+abcui operands=[(65,)],[(16,)],[(16,)],[(16,)],[(5,)] paths=[op0[0]*op1[0]*op2[0]*op3[0]*op4[0]*c c.shape=(16, 16, 16, 65, 5) c.nnz=3907]: got ,,,, sizes=65,16,16,16,5 num_segments=65,16,16,16,5 num_paths=3907
2025-09-17 19:09:02.040 DEBUG: Flattened abiu in u,a,b,i+abui operands=[(7,)],[(16,)],[(16,)],[(5,)] paths=[op0[0]*op1[0]*op2[0]*op3[0]*c c.shape=(16, 16, 7, 5) c.nnz=100]: got ,,, sizes=7,16,16,5 num_segments=7,16,16,5 num_paths=100
2025-09-17 19:09:02.042 DEBUG: Flattened aiu in u,a,i+aui operands=[(1,)],[(16,)],[(5,)] paths=[op0[0]*op1[0]*op2[0]*c c.shape=(16, 1, 5) c.nnz=5]: got ,, sizes=1,16,5 num_segments=1,16,5 num_paths=5
2025-09-17 19:09:02.594 DEBUG: _reduced_tensor_product_basis (0e+1o+2e+3o,), frozenset({(1, (0,))}), keep_ir=frozenset({0e, 2e, 1o})
2025-09-17 19:09:02.596 DEBUG: Normalized paths for operand 2 in w,a,i+aiw sizes=3,16,9 num_segments=3,1,3 num_paths=3 a=16 i={1, 3, 5} w=1: got w,a,i+aiw sizes=3,16,9 num_segments=3,1,3 num_paths=3 a=16 i={1, 3, 5} w=1
2025-09-17 19:09:02.597 DEBUG: Flattened aiw in w,a,i+aiw sizes=3,16,9 num_segments=3,1,3 num_paths=3 a=16 i={1, 3, 5} w=1: got ,, sizes=3,16,9 num_segments=3,16,9 num_paths=9
2025-09-17 19:09:02.598 DEBUG: _reduced_tensor_product_basis (0e+1o+2e+3o, 0e+1o+2e+3o), frozenset({(1, (0, 1)), (1, (1, 0))}), keep_ir=frozenset({0e, 2e, 1o}), use _optimized_reduced_symmetric_tensor_product_basis
2025-09-17 19:09:02.599 DEBUG: _reduced_tensor_product_basis (0e,), frozenset({(1, (0,))}), keep_ir=frozenset({0e, 2o, 3o, 2e, 3e, 5o, 1e, 1o, 4o, 4e})
2025-09-17 19:09:02.599 DEBUG: _reduced_tensor_product_basis (0e, 0e), frozenset({(1, (0, 1)), (1, (1, 0))}), keep_ir=frozenset({0e, 2e, 1o})
2025-09-17 19:09:02.663 DEBUG: _reduced_tensor_product_basis (1o,), frozenset({(1, (0,))}), keep_ir=frozenset({0e, 2o, 3o, 2e, 3e, 5o, 1e, 1o, 4o, 4e})
2025-09-17 19:09:02.663 DEBUG: _reduced_tensor_product_basis (1o, 1o), frozenset({(1, (0, 1)), (1, (1, 0))}), keep_ir=frozenset({0e, 2e, 1o})
2025-09-17 19:09:02.665 DEBUG: _reduced_tensor_product_basis (2e,), frozenset({(1, (0,))}), keep_ir=frozenset({0e, 2o, 3o, 2e, 3e, 5o, 1e, 1o, 4o, 4e})
2025-09-17 19:09:02.666 DEBUG: _reduced_tensor_product_basis (2e, 2e), frozenset({(1, (0, 1)), (1, (1, 0))}), keep_ir=frozenset({0e, 2e, 1o})
2025-09-17 19:09:02.668 DEBUG: _reduced_tensor_product_basis (3o,), frozenset({(1, (0,))}), keep_ir=frozenset({0e, 2o, 3o, 2e, 3e, 5o, 1e, 1o, 4o, 4e})
2025-09-17 19:09:02.669 DEBUG: _reduced_tensor_product_basis (3o, 3o), frozenset({(1, (0, 1)), (1, (1, 0))}), keep_ir=frozenset({0e, 2e, 1o})
2025-09-17 19:09:02.678 DEBUG: Normalized paths for operand 3 in w,a,b,i+abiw sizes=12,16,16,9 num_segments=3,1,1,3 num_paths=3 a=16 b=16 i={1, 3, 5} w={3, 4, 5}: got w,a,b,i+abiw sizes=12,16,16,9 num_segments=3,1,1,3 num_paths=3 a=16 b=16 i={1, 3, 5} w={3, 4, 5}
2025-09-17 19:09:02.681 DEBUG: Flattened abiw in w,a,b,i+abiw sizes=12,16,16,9 num_segments=3,1,1,3 num_paths=3 a=16 b=16 i={1, 3, 5} w={3, 4, 5}: got ,,, sizes=12,16,16,9 num_segments=12,16,16,9 num_paths=215
2025-09-17 19:09:02.683 DEBUG: _reduced_tensor_product_basis (0e+1o+2e+3o, 0e+1o+2e+3o, 0e+1o+2e+3o), frozenset({(1, (0, 1, 2)), (1, (1, 0, 2)), (1, (2, 0, 1)), (1, (1, 2, 0)), (1, (0, 2, 1)), (1, (2, 1, 0))}), keep_ir=frozenset({0e, 2e, 1o}), use _optimized_reduced_symmetric_tensor_product_basis
2025-09-17 19:09:02.684 DEBUG: _reduced_tensor_product_basis (0e,), frozenset({(1, (0,))}), keep_ir=frozenset({0e, 2o, 7o, 3o, 2e, 7e, 8e, 3e, 5o, 6e, 1e, 6o, 5e, 1o, 0o, 4o, 4e})
2025-09-17 19:09:02.685 DEBUG: _reduced_tensor_product_basis (0e, 0e), frozenset({(1, (0, 1)), (1, (1, 0))}), keep_ir=frozenset({0e, 2o, 3o, 2e, 3e, 5o, 1e, 1o, 4o, 4e})
2025-09-17 19:09:02.687 DEBUG: _reduced_tensor_product_basis (0e, 0e, 0e), frozenset({(1, (0, 1, 2)), (1, (1, 0, 2)), (1, (2, 0, 1)), (1, (1, 2, 0)), (1, (0, 2, 1)), (1, (2, 1, 0))}), keep_ir=frozenset({0e, 2e, 1o})
2025-09-17 19:09:02.688 DEBUG: _reduced_tensor_product_basis (1o,), frozenset({(1, (0,))}), keep_ir=frozenset({0e, 2o, 7o, 3o, 2e, 7e, 8e, 3e, 5o, 6e, 1e, 6o, 5e, 1o, 0o, 4o, 4e})
2025-09-17 19:09:02.689 DEBUG: _reduced_tensor_product_basis (1o, 1o), frozenset({(1, (0, 1)), (1, (1, 0))}), keep_ir=frozenset({0e, 2o, 3o, 2e, 3e, 5o, 1e, 1o, 4o, 4e})
2025-09-17 19:09:02.691 DEBUG: _reduced_tensor_product_basis (1o, 1o, 1o), frozenset({(1, (0, 1, 2)), (1, (1, 0, 2)), (1, (2, 0, 1)), (1, (1, 2, 0)), (1, (0, 2, 1)), (1, (2, 1, 0))}), keep_ir=frozenset({0e, 2e, 1o})
2025-09-17 19:09:02.692 DEBUG: _reduced_tensor_product_basis (1o, 1o), frozenset({(1, (0, 1)), (1, (1, 0))}), keep_ir=frozenset({0e, 2o, 3o, 2e, 1e, 1o})
2025-09-17 19:09:02.695 DEBUG: _reduced_tensor_product_basis (2e,), frozenset({(1, (0,))}), keep_ir=frozenset({0e, 2o, 7o, 3o, 2e, 7e, 8e, 3e, 5o, 6e, 1e, 6o, 5e, 1o, 0o, 4o, 4e})
2025-09-17 19:09:02.696 DEBUG: _reduced_tensor_product_basis (2e, 2e), frozenset({(1, (0, 1)), (1, (1, 0))}), keep_ir=frozenset({0e, 2o, 3o, 2e, 3e, 5o, 1e, 1o, 4o, 4e})
2025-09-17 19:09:02.698 DEBUG: _reduced_tensor_product_basis (2e, 2e, 2e), frozenset({(1, (0, 1, 2)), (1, (1, 0, 2)), (1, (2, 0, 1)), (1, (1, 2, 0)), (1, (0, 2, 1)), (1, (2, 1, 0))}), keep_ir=frozenset({0e, 2e, 1o})
2025-09-17 19:09:02.699 DEBUG: _reduced_tensor_product_basis (2e, 2e), frozenset({(1, (0, 1)), (1, (1, 0))}), keep_ir=frozenset({0e, 2o, 3o, 2e, 3e, 1e, 1o, 4e})
2025-09-17 19:09:02.704 DEBUG: _reduced_tensor_product_basis (3o,), frozenset({(1, (0,))}), keep_ir=frozenset({0e, 2o, 7o, 3o, 2e, 7e, 8e, 3e, 5o, 6e, 1e, 6o, 5e, 1o, 0o, 4o, 4e})
2025-09-17 19:09:02.705 DEBUG: _reduced_tensor_product_basis (3o, 3o), frozenset({(1, (0, 1)), (1, (1, 0))}), keep_ir=frozenset({0e, 2o, 3o, 2e, 3e, 5o, 1e, 1o, 4o, 4e})
2025-09-17 19:09:02.708 DEBUG: _reduced_tensor_product_basis (3o, 3o, 3o), frozenset({(1, (0, 1, 2)), (1, (1, 0, 2)), (1, (2, 0, 1)), (1, (1, 2, 0)), (1, (0, 2, 1)), (1, (2, 1, 0))}), keep_ir=frozenset({0e, 2e, 1o})
2025-09-17 19:09:02.708 DEBUG: _reduced_tensor_product_basis (3o, 3o), frozenset({(1, (0, 1)), (1, (1, 0))}), keep_ir=frozenset({2o, 3o, 2e, 3e, 5o, 1o, 4o, 4e})
2025-09-17 19:09:03.201 DEBUG: Normalized paths for operand 4 in w,a,b,c,i+abciw sizes=34,16,16,16,9 num_segments=3,1,1,1,3 num_paths=3 a=16 b=16 c=16 i={1, 3, 5} w={8, 12, 14}: got w,a,b,c,i+abciw sizes=34,16,16,16,9 num_segments=3,1,1,1,3 num_paths=3 a=16 b=16 c=16 i={1, 3, 5} w={8, 12, 14}
2025-09-17 19:09:03.256 DEBUG: Flattened abciw in w,a,b,c,i+abciw sizes=34,16,16,16,9 num_segments=3,1,1,1,3 num_paths=3 a=16 b=16 c=16 i={1, 3, 5} w={8, 12, 14}: got ,,,, sizes=34,16,16,16,9 num_segments=34,16,16,16,9 num_paths=5455
2025-09-17 19:09:05.102 DEBUG: Split u in u,u,u sizes=4096,12544,2304 num_segments=16,49,9 num_paths=9 u=256: got u,u,u sizes=4096,12544,2304 num_segments=16,49,9 num_paths=9 u=256
2025-09-17 19:09:05.117 DEBUG: Split u in u,u,u,u sizes=4096,4096,12544,2304 num_segments=16,16,49,9 num_paths=125 u=256: got u,u,u,u sizes=4096,4096,12544,2304 num_segments=16,16,49,9 num_paths=125 u=256
2025-09-17 19:09:05.225 DEBUG: Split u in u,u,u,u,u sizes=4096,4096,4096,12544,2304 num_segments=16,16,16,49,9 num_paths=1093 u=256: got u,u,u,u,u sizes=4096,4096,4096,12544,2304 num_segments=16,16,16,49,9 num_paths=1093 u=256
2025-09-17 19:09:05.227 WARNING: Failed to initialize CUDA implementation: libcue_ops.so: cannot open shared object file: No such file or directory
2025-09-17 19:09:57.233 DEBUG: Normalized paths for operand 2 in uv,iu,iv sizes=196608,2304,2304 num_segments=3,3,3 num_paths=3 i={1, 3, 5} u=256 v=256: got uv,iu,iv sizes=196608,2304,2304 num_segments=3,3,3 num_paths=3 i={1, 3, 5} u=256 v=256
2025-09-17 19:09:57.265 DEBUG: Normalized paths for operand 2 in uv,iu,iv sizes=256,2304,1 num_segments=1,3,1 num_paths=1 i={1, 3, 5} u=256 v=1: got uv,iu,iv sizes=256,2304,1 num_segments=1,3,1 num_paths=1 i={1, 3, 5} u=256 v=1
2025-09-17 19:09:57.277 DEBUG: Normalized paths for operand 2 in uv,iu,iv sizes=196608,2304,2304 num_segments=3,3,3 num_paths=3 i={1, 3, 5} u=256 v=256: got uv,iu,iv sizes=196608,2304,2304 num_segments=3,3,3 num_paths=3 i={1, 3, 5} u=256 v=256
2025-09-17 19:09:57.322 DEBUG: Normalized paths for operand 3 in uv,iu,jv,kuv+ijk sizes=4352,2304,16,18176 num_segments=17,3,4,17 num_paths=17 i={1, 3, 5} j={1, 3, 5, 7} k={1, 3, 5, 7} u=256 v=1: got uv,iu,jv,kuv+ijk sizes=4352,2304,16,18176 num_segments=17,3,4,17 num_paths=17 i={1, 3, 5} j={1, 3, 5, 7} k={1, 3, 5, 7} u=256 v=1
2025-09-17 19:09:57.324 DEBUG: Starting search for a cuda kernel for uv,iu,jv,kuv+ijk sizes=4352,2304,16,18176 num_segments=17,3,4,17 num_paths=17 i={1, 3, 5} j={1, 3, 5, 7} k={1, 3, 5, 7} u=256 v=1
2025-09-17 19:09:57.330 DEBUG: Flattened ijk in uv,iu,jv,kuv+ijk sizes=4352,2304,16,18176 num_segments=17,3,4,17 num_paths=17 i={1, 3, 5} j={1, 3, 5, 7} k={1, 3, 5, 7} u=256 v=1: got uv,u,v,uv sizes=4352,2304,16,18176 num_segments=17,9,16,71 num_paths=215 u=256 v=1
2025-09-17 19:09:57.335 DEBUG: Squeezed uv,u,v,uv sizes=4352,2304,16,18176 num_segments=17,9,16,71 num_paths=215 u=256 v=1 to u,u,,u sizes=4352,2304,16,18176 num_segments=17,9,16,71 num_paths=215 u=256
2025-09-17 19:09:57.348 DEBUG: Split u in u,u,,u sizes=4352,2304,16,18176 num_segments=17,9,16,71 num_paths=215 u=256: got u,u,,u sizes=4352,2304,16,18176 num_segments=17,9,16,71 num_paths=215 u=256
2025-09-17 19:09:57.359 WARNING: CUDA implementation not available: libcue_ops.so: cannot open shared object file: No such file or directory
2025-09-17 19:09:57.362 WARNING: Did you forget to install the CUDA version of cuequivariance-ops-torch?
Install it with one of the following commands:
pip install cuequivariance-ops-torch-cu11
pip install cuequivariance-ops-torch-cu12
2025-09-17 19:09:57.497 DEBUG: Normalized paths for operand 2 in uv,iu,iv sizes=1114112,18176,4096 num_segments=17,17,4 num_paths=17 i={1, 3, 5, 7} u=256 v=256: got uv,iu,iv sizes=1114112,18176,4096 num_segments=17,17,4 num_paths=17 i={1, 3, 5, 7} u=256 v=256
2025-09-17 19:09:57.600 DEBUG: Normalized paths for operand 3 in uvw,iu,jv,kw+ijk sizes=458752,2304,7,256 num_segments=1,3,1,1 num_paths=1 i={1, 3, 5} j=1 k=1 u=256 v=7 w=256: got uvw,iu,jv,kw+ijk sizes=458752,2304,7,256 num_segments=1,3,1,1 num_paths=1 i={1, 3, 5} j=1 k=1 u=256 v=7 w=256
2025-09-17 19:09:57.629 DEBUG: Flattened abciu in u,a,b,c,i+abcui operands=[(23,)],[(16,)],[(16,)],[(16,)],[(1,)] paths=[op0[0]*op1[0]*op2[0]*op3[0]*op4[0]*c c.shape=(16, 16, 16, 23, 1) c.nnz=276]: got ,,,, sizes=23,16,16,16,1 num_segments=23,16,16,16,1 num_paths=276
2025-09-17 19:09:57.634 DEBUG: Flattened abiu in u,a,b,i+abui operands=[(4,)],[(16,)],[(16,)],[(1,)] paths=[op0[0]*op1[0]*op2[0]*op3[0]*c c.shape=(16, 16, 4, 1) c.nnz=16]: got ,,, sizes=4,16,16,1 num_segments=4,16,16,1 num_paths=16
2025-09-17 19:09:57.635 DEBUG: Flattened aiu in u,a,i+aui operands=[(1,)],[(16,)],[(1,)] paths=[op0[0]*op1[0]*op2[0]*c c.shape=(16, 1, 1) c.nnz=1]: got ,, sizes=1,16,1 num_segments=1,16,1 num_paths=1
2025-09-17 19:09:57.659 DEBUG: _reduced_tensor_product_basis (0e+1o+2e+3o,), frozenset({(1, (0,))}), keep_ir=frozenset({0e})
2025-09-17 19:09:57.661 DEBUG: Normalized paths for operand 2 in w,a,i+aiw operands=[(1,)],[(16,)],[(1,)] paths=[op0[0]*op1[0]*op2[0]*c c.shape=(16, 1, 1) c.nnz=1]: got w,a,i+aiw operands=[(1,)],[(16,)],[(1,)] paths=[op0[0]*op1[0]*op2[0]*c c.shape=(16, 1, 1) c.nnz=1]
2025-09-17 19:09:57.662 DEBUG: Flattened aiw in w,a,i+aiw operands=[(1,)],[(16,)],[(1,)] paths=[op0[0]*op1[0]*op2[0]*c c.shape=(16, 1, 1) c.nnz=1]: got ,, sizes=1,16,1 num_segments=1,16,1 num_paths=1
2025-09-17 19:09:57.663 DEBUG: _reduced_tensor_product_basis (0e+1o+2e+3o, 0e+1o+2e+3o), frozenset({(1, (0, 1)), (1, (1, 0))}), keep_ir=frozenset({0e}), use _optimized_reduced_symmetric_tensor_product_basis
2025-09-17 19:09:57.664 DEBUG: _reduced_tensor_product_basis (0e,), frozenset({(1, (0,))}), keep_ir=frozenset({0e, 1o, 3o, 2e})
2025-09-17 19:09:57.665 DEBUG: _reduced_tensor_product_basis (0e, 0e), frozenset({(1, (0, 1)), (1, (1, 0))}), keep_ir=frozenset({0e})
2025-09-17 19:09:57.668 DEBUG: _reduced_tensor_product_basis (1o,), frozenset({(1, (0,))}), keep_ir=frozenset({0e, 1o, 3o, 2e})
2025-09-17 19:09:57.669 DEBUG: _reduced_tensor_product_basis (1o, 1o), frozenset({(1, (0, 1)), (1, (1, 0))}), keep_ir=frozenset({0e})
2025-09-17 19:09:57.671 DEBUG: _reduced_tensor_product_basis (2e,), frozenset({(1, (0,))}), keep_ir=frozenset({0e, 1o, 3o, 2e})
2025-09-17 19:09:57.672 DEBUG: _reduced_tensor_product_basis (2e, 2e), frozenset({(1, (0, 1)), (1, (1, 0))}), keep_ir=frozenset({0e})
2025-09-17 19:09:57.674 DEBUG: _reduced_tensor_product_basis (3o,), frozenset({(1, (0,))}), keep_ir=frozenset({0e, 1o, 3o, 2e})
2025-09-17 19:09:57.675 DEBUG: _reduced_tensor_product_basis (3o, 3o), frozenset({(1, (0, 1)), (1, (1, 0))}), keep_ir=frozenset({0e})
2025-09-17 19:09:57.680 DEBUG: Normalized paths for operand 3 in w,a,b,i+abiw operands=[(4,)],[(16,)],[(16,)],[(1,)] paths=[op0[0]*op1[0]*op2[0]*op3[0]*c c.shape=(16, 16, 1, 4) c.nnz=16]: got w,a,b,i+abiw operands=[(4,)],[(16,)],[(16,)],[(1,)] paths=[op0[0]*op1[0]*op2[0]*op3[0]*c c.shape=(16, 16, 1, 4) c.nnz=16]
2025-09-17 19:09:57.681 DEBUG: Flattened abiw in w,a,b,i+abiw operands=[(4,)],[(16,)],[(16,)],[(1,)] paths=[op0[0]*op1[0]*op2[0]*op3[0]*c c.shape=(16, 16, 1, 4) c.nnz=16]: got ,,, sizes=4,16,16,1 num_segments=4,16,16,1 num_paths=16
2025-09-17 19:09:57.682 DEBUG: _reduced_tensor_product_basis (0e+1o+2e+3o, 0e+1o+2e+3o, 0e+1o+2e+3o), frozenset({(1, (0, 1, 2)), (1, (1, 0, 2)), (1, (2, 0, 1)), (1, (1, 2, 0)), (1, (0, 2, 1)), (1, (2, 1, 0))}), keep_ir=frozenset({0e}), use _optimized_reduced_symmetric_tensor_product_basis
2025-09-17 19:09:57.683 DEBUG: _reduced_tensor_product_basis (0e,), frozenset({(1, (0,))}), keep_ir=frozenset({0e, 2o, 3o, 2e, 3e, 5o, 6e, 1e, 1o, 5e, 4o, 4e})
2025-09-17 19:09:57.684 DEBUG: _reduced_tensor_product_basis (0e, 0e), frozenset({(1, (0, 1)), (1, (1, 0))}), keep_ir=frozenset({0e, 1o, 3o, 2e})
2025-09-17 19:09:57.685 DEBUG: _reduced_tensor_product_basis (0e, 0e, 0e), frozenset({(1, (0, 1, 2)), (1, (1, 0, 2)), (1, (2, 0, 1)), (1, (1, 2, 0)), (1, (0, 2, 1)), (1, (2, 1, 0))}), keep_ir=frozenset({0e})
2025-09-17 19:09:57.687 DEBUG: _reduced_tensor_product_basis (1o,), frozenset({(1, (0,))}), keep_ir=frozenset({0e, 2o, 3o, 2e, 3e, 5o, 6e, 1e, 1o, 5e, 4o, 4e})
2025-09-17 19:09:57.688 DEBUG: _reduced_tensor_product_basis (1o, 1o), frozenset({(1, (0, 1)), (1, (1, 0))}), keep_ir=frozenset({0e, 1o, 3o, 2e})
2025-09-17 19:09:57.690 DEBUG: _reduced_tensor_product_basis (1o, 1o, 1o), frozenset({(1, (0, 1, 2)), (1, (1, 0, 2)), (1, (2, 0, 1)), (1, (1, 2, 0)), (1, (0, 2, 1)), (1, (2, 1, 0))}), keep_ir=frozenset({0e})
2025-09-17 19:09:57.690 DEBUG: _reduced_tensor_product_basis (1o, 1o), frozenset({(1, (0, 1)), (1, (1, 0))}), keep_ir=frozenset({1o})
2025-09-17 19:09:57.692 DEBUG: _reduced_tensor_product_basis (2e,), frozenset({(1, (0,))}), keep_ir=frozenset({0e, 2o, 3o, 2e, 3e, 5o, 6e, 1e, 1o, 5e, 4o, 4e})
2025-09-17 19:09:57.692 DEBUG: _reduced_tensor_product_basis (2e, 2e), frozenset({(1, (0, 1)), (1, (1, 0))}), keep_ir=frozenset({0e, 1o, 3o, 2e})
2025-09-17 19:09:57.694 DEBUG: _reduced_tensor_product_basis (2e, 2e, 2e), frozenset({(1, (0, 1, 2)), (1, (1, 0, 2)), (1, (2, 0, 1)), (1, (1, 2, 0)), (1, (0, 2, 1)), (1, (2, 1, 0))}), keep_ir=frozenset({0e})
2025-09-17 19:09:57.694 DEBUG: _reduced_tensor_product_basis (2e, 2e), frozenset({(1, (0, 1)), (1, (1, 0))}), keep_ir=frozenset({2e})
2025-09-17 19:09:57.697 DEBUG: _reduced_tensor_product_basis (3o,), frozenset({(1, (0,))}), keep_ir=frozenset({0e, 2o, 3o, 2e, 3e, 5o, 6e, 1e, 1o, 5e, 4o, 4e})
2025-09-17 19:09:57.698 DEBUG: _reduced_tensor_product_basis (3o, 3o), frozenset({(1, (0, 1)), (1, (1, 0))}), keep_ir=frozenset({0e, 1o, 3o, 2e})
2025-09-17 19:09:57.700 DEBUG: _reduced_tensor_product_basis (3o, 3o, 3o), frozenset({(1, (0, 1, 2)), (1, (1, 0, 2)), (1, (2, 0, 1)), (1, (1, 2, 0)), (1, (0, 2, 1)), (1, (2, 1, 0))}), keep_ir=frozenset({0e})
2025-09-17 19:09:57.701 DEBUG: _reduced_tensor_product_basis (3o, 3o), frozenset({(1, (0, 1)), (1, (1, 0))}), keep_ir=frozenset({3o})
2025-09-17 19:09:57.726 DEBUG: Normalized paths for operand 4 in w,a,b,c,i+abciw operands=[(8,)],[(16,)],[(16,)],[(16,)],[(1,)] paths=[op0[0]*op1[0]*op2[0]*op3[0]*op4[0]*c c.shape=(16, 16, 16, 1, 8) c.nnz=353]: got w,a,b,c,i+abciw operands=[(8,)],[(16,)],[(16,)],[(16,)],[(1,)] paths=[op0[0]*op1[0]*op2[0]*op3[0]*op4[0]*c c.shape=(16, 16, 16, 1, 8) c.nnz=353]
2025-09-17 19:09:57.738 DEBUG: Flattened abciw in w,a,b,c,i+abciw operands=[(8,)],[(16,)],[(16,)],[(16,)],[(1,)] paths=[op0[0]*op1[0]*op2[0]*op3[0]*op4[0]*c c.shape=(16, 16, 16, 1, 8) c.nnz=353]: got ,,,, sizes=8,16,16,16,1 num_segments=8,16,16,16,1 num_paths=353
2025-09-17 19:09:57.808 DEBUG: Split u in u,u,u sizes=4096,3328,256 num_segments=16,13,1 num_paths=1 u=256: got u,u,u sizes=4096,3328,256 num_segments=16,13,1 num_paths=1 u=256
2025-09-17 19:09:57.810 DEBUG: Split u in u,u,u,u sizes=4096,4096,3328,256 num_segments=16,16,13,1 num_paths=16 u=256: got u,u,u,u sizes=4096,4096,3328,256 num_segments=16,16,13,1 num_paths=16 u=256
2025-09-17 19:09:57.818 DEBUG: Split u in u,u,u,u,u sizes=4096,4096,4096,3328,256 num_segments=16,16,16,13,1 num_paths=77 u=256: got u,u,u,u,u sizes=4096,4096,4096,3328,256 num_segments=16,16,16,13,1 num_paths=77 u=256
2025-09-17 19:09:57.820 WARNING: Failed to initialize CUDA implementation: libcue_ops.so: cannot open shared object file: No such file or directory
2025-09-17 19:10:00.360 DEBUG: Normalized paths for operand 2 in uv,iu,iv operands=[(256, 256)],[(1, 256)],[(1, 256)] paths=[op0[0]*op1[0]*op2[0]*1.]: got uv,iu,iv operands=[(256, 256)],[(1, 256)],[(1, 256)] paths=[op0[0]*op1[0]*op2[0]*0.06]
2025-09-17 19:10:00.371 DEBUG: Normalized paths for operand 2 in uv,iu,iv operands=[(256, 16)],[(1, 256)],[(1, 16)] paths=[op0[0]*op1[0]*op2[0]*1.]: got uv,iu,iv operands=[(256, 16)],[(1, 256)],[(1, 16)] paths=[op0[0]*op1[0]*op2[0]*0.06]
2025-09-17 19:10:00.446 DEBUG: Normalized paths for operand 2 in uv,iu,iv operands=[(16, 1)],[(1, 16)],[(1, 1)] paths=[op0[0]*op1[0]*op2[0]*1.]: got uv,iu,iv operands=[(16, 1)],[(1, 16)],[(1, 1)] paths=[op0[0]*op1[0]*op2[0]*0.25]
2025-09-17 19:10:08.565 DEBUG: Transferring additional key: atomic_numbers
2025-09-17 19:10:08.566 DEBUG: Transferring additional key: radial_embedding.cutoff_fn.p
2025-09-17 19:10:08.567 DEBUG: Transferring additional key: r_max
2025-09-17 19:10:08.567 DEBUG: Transferring additional key: radial_embedding.bessel_fn.prefactor
2025-09-17 19:10:08.568 DEBUG: Transferring additional key: num_interactions
2025-09-17 19:10:08.568 DEBUG: Transferring additional key: radial_embedding.bessel_fn.r_max
2025-09-17 19:10:08.568 DEBUG: Transferring additional key: radial_embedding.cutoff_fn.r_max
2025-09-17 19:10:08.648 INFO: Stage Two (after 100 epochs) with loss function: WeightedEnergyForcesLoss(energy_weight=1000.000, forces_weight=100.000), with energy weight : 1000.0, forces weight : 100.0 and learning rate : 0.001
2025-09-17 19:10:17.871 WARNING: Cannot find checkpoint with tag 'demo_run-42' in './ckps'
2025-09-17 19:10:17.876 INFO: Using gradient clipping with tolerance=10.000
2025-09-17 19:10:17.880 INFO: 
2025-09-17 19:10:17.881 INFO: ===========TRAINING===========
2025-09-17 19:10:17.883 INFO: Started training, reporting errors on validation set
2025-09-17 19:10:17.883 INFO: Loss metrics on validation set
2025-09-17 19:30:26.610 INFO: ===========VERIFYING SETTINGS===========
2025-09-17 19:30:26.612 INFO: Stage Two is activated as start_stage_two was defined
2025-09-17 19:30:26.614 INFO: MACE version: 0.3.13
2025-09-17 19:30:26.614 DEBUG: Configuration: Namespace(config='config.yaml', name='demo', seed=42, work_dir='.', log_dir='./logs', model_dir='./logs', checkpoints_dir='./ckps', results_dir='./logs', downloads_dir='./downloads', device='cuda', default_dtype='float32', distributed=False, log_level='INFO', plot=True, plot_frequency=0, error_table='TotalMAE', model='MACE', r_max=6.0, radial_type='bessel', num_radial_basis=8, num_cutoff_basis=5, pair_repulsion=False, distance_transform='None', interaction='RealAgnosticResidualInteractionBlock', interaction_first='RealAgnosticResidualInteractionBlock', max_ell=3, correlation=3, num_interactions=2, MLP_irreps='16x0e', radial_MLP='[64, 64, 64]', hidden_irreps=256x0e+256x1o+256x2e, num_channels=256, max_L=2, gate='silu', scaling='rms_forces_scaling', avg_num_neighbors=1, compute_avg_num_neighbors=True, compute_stress=False, compute_forces=True, train_file='./demo_train.xyz', valid_file=None, valid_fraction=0.1, test_file=None, test_dir=None, multi_processed_test=False, num_workers=0, pin_memory=True, atomic_numbers=None, mean=None, std=None, statistics_file=None, E0s='average', foundation_filter_elements=True, heads=None, multiheads_finetuning=True, foundation_head=None, weight_pt_head=1.0, num_samples_pt=10000, force_mh_ft_lr=False, subselect_pt='random', filter_type_pt='none', pt_train_file=None, pt_valid_file=None, foundation_model_elements=False, keep_isolated_atoms=False, energy_key='energy', forces_key='forces', virials_key='REF_virials', stress_key='REF_stress', dipole_key='dipole', head_key='head', charges_key='REF_charges', skip_evaluate_heads='pt_head', loss='weighted', forces_weight=10.0, swa_forces_weight=100.0, energy_weight=10.0, swa_energy_weight=1000.0, virials_weight=1.0, swa_virials_weight=10.0, stress_weight=1.0, swa_stress_weight=10.0, dipole_weight=1.0, swa_dipole_weight=1.0, config_type_weights='{"Default":1.0}', huber_delta=0.01, optimizer='adamw', beta=0.9, batch_size=10, valid_batch_size=10, lr=0.001, swa_lr=0.001, weight_decay=5e-07, amsgrad=True, scheduler='ReduceLROnPlateau', lr_factor=0.8, scheduler_patience=50, lr_scheduler_gamma=0.9993, swa=True, start_swa=100, lbfgs=False, ema=True, ema_decay=0.99, max_num_epochs=400, patience=10, foundation_model=None, foundation_model_readout=True, eval_interval=2, keep_checkpoints=False, save_all_checkpoints=False, restart_latest=True, save_cpu=False, clip_grad=10.0, dry_run=False, enable_cueq=True, wandb=False, wandb_dir=None, wandb_project='', wandb_entity='', wandb_name='', wandb_log_hypers=['num_channels', 'max_L', 'correlation', 'lr', 'swa_lr', 'weight_decay', 'batch_size', 'max_num_epochs', 'start_swa', 'energy_weight', 'forces_weight'], key_specification=KeySpecification(info_keys={'energy': 'energy', 'stress': 'REF_stress', 'virials': 'REF_virials', 'dipole': 'dipole', 'head': 'head'}, arrays_keys={'forces': 'forces', 'charges': 'REF_charges'}))
2025-09-17 19:30:26.834 INFO: CUDA version: 12.6, CUDA device: 0
2025-09-17 19:30:26.883 DEBUG: Popen(['git', 'version'], cwd=/mnt/d/rmlp/DeePEST-OS/examples/model_training, stdin=None, shell=False, universal_newlines=False)
2025-09-17 19:30:26.900 DEBUG: Popen(['git', 'version'], cwd=/mnt/d/rmlp/DeePEST-OS/examples/model_training, stdin=None, shell=False, universal_newlines=False)
2025-09-17 19:30:26.997 DEBUG: Popen(['git', 'cat-file', '--batch-check'], cwd=/mnt/d/rmlp/DeePEST-OS, stdin=<valid stream>, shell=False, universal_newlines=False)
2025-09-17 19:30:27.039 DEBUG: Current Git commit: c79c74ecfbe864ce562925e932ca53ffefc2fe59
2025-09-17 19:30:27.039 INFO: ===========LOADING INPUT DATA===========
2025-09-17 19:30:27.040 INFO: Using heads: ['Default']
2025-09-17 19:30:27.040 INFO: Using the key specifications to parse data:
2025-09-17 19:30:27.040 INFO: Default: KeySpecification(info_keys={'energy': 'energy', 'stress': 'REF_stress', 'virials': 'REF_virials', 'dipole': 'dipole', 'head': 'head'}, arrays_keys={'forces': 'forces', 'charges': 'REF_charges'})
2025-09-17 19:30:27.041 INFO: =============    Processing head Default     ===========
2025-09-17 19:30:27.042 DEBUG: Loading training file: ./demo_train.xyz
2025-09-17 19:30:31.158 WARNING: Since ASE version 3.23.0b1, using energy_key 'energy' is no longer safe when communicating between MACE and ASE. We recommend using a different key, rewriting 'energy' to 'REF_energy'. You need to use --energy_key='REF_energy' to specify the chosen key name.
2025-09-17 19:30:31.539 WARNING: Since ASE version 3.23.0b1, using forces_key 'forces' is no longer safe when communicating between MACE and ASE. We recommend using a different key, rewriting 'forces' to 'REF_forces'. You need to use --forces_key='REF_forces' to specify the chosen key name.
2025-09-17 19:30:32.110 INFO: Training set 1/1 [energy: 5760, stress: 0, virials: 0, dipole components: 0, head: 5760, forces: 5760, charges: 0]
2025-09-17 19:30:32.125 INFO: Total Training set [energy: 5760, stress: 0, virials: 0, dipole components: 0, head: 5760, forces: 5760, charges: 0]
2025-09-17 19:30:32.125 INFO: No validation set provided, splitting training data instead.
2025-09-17 19:30:32.133 INFO: Using random 10% of training set for validation with indices saved in: ./valid_indices_42.txt
2025-09-17 19:30:32.151 INFO: Random Split Training set [energy: 5184, stress: 0, virials: 0, dipole components: 0, head: 5184, forces: 5184, charges: 0]
2025-09-17 19:30:32.174 INFO: Random Split Validation set [energy: 576, stress: 0, virials: 0, dipole components: 0, head: 576, forces: 576, charges: 0]
2025-09-17 19:30:32.175 INFO: Total number of configurations: train=5184, valid=576, tests=[],
2025-09-17 19:30:32.188 INFO: Atomic Numbers used: [1, 6, 7, 8, 9, 17, 35]
2025-09-17 19:30:32.190 INFO: Isolated Atomic Energies (E0s) not in training file, using command line argument
2025-09-17 19:30:32.191 INFO: Computing average Atomic Energies using least squares regression
2025-09-17 19:30:32.232 INFO: Atomic Energies used (z: eV) for head Default: {1: -2.225405372779404, 6: -979.0053578025254, 7: -1410.5780230604885, 8: -1936.6416571327854, 9: -2588.4096139972894, 17: -12398.640526277448, 35: -69931.22600875009}
2025-09-17 19:30:32.233 INFO: Processing datasets for head 'Default'
2025-09-17 19:30:33.633 DEBUG: Successfully loaded dataset from ASE files: ['./demo_train.xyz']
2025-09-17 19:30:33.634 INFO: Combining 1 list datasets for head 'Default'
2025-09-17 19:30:33.772 INFO: Head 'Default' training dataset size: 5184
2025-09-17 19:30:33.777 INFO: Computing average number of neighbors
2025-09-17 19:30:34.959 INFO: Average number of neighbors: 12.1578950881958
2025-09-17 19:30:34.964 INFO: During training the following quantities will be reported: energy, forces
2025-09-17 19:30:34.988 INFO: ===========MODEL DETAILS===========
2025-09-17 19:30:35.743 INFO: Building model
2025-09-17 19:30:35.749 INFO: Message passing with 256 channels and max_L=2 (256x0e+256x1o+256x2e)
2025-09-17 19:30:35.759 INFO: 2 layers, each with correlation order: 3 (body order: 4) and spherical harmonics up to: l=3
2025-09-17 19:30:35.768 INFO: 8 radial and 5 basis functions
2025-09-17 19:30:35.769 INFO: Radial cutoff: 6.0 A (total receptive field for each atom: 12.0 A)
2025-09-17 19:30:35.770 INFO: Distance transform for radial basis functions: None
2025-09-17 19:30:35.771 INFO: Hidden irreps: 256x0e+256x1o+256x2e
2025-09-17 19:30:36.910 DEBUG: ScaleShiftMACE(
  (node_embedding): LinearNodeEmbeddingBlock(
    (linear): Linear(7x0e -> 256x0e | 1792 weights)
  )
  (radial_embedding): RadialEmbeddingBlock(
    (bessel_fn): BesselBasis(r_max=6.0, num_basis=8, trainable=False)
    (cutoff_fn): PolynomialCutoff(p=5, r_max=6.0)
  )
  (spherical_harmonics): SphericalHarmonics()
  (atomic_energies_fn): AtomicEnergiesBlock(energies=[[-2.2254, -979.0054, -1410.5780, -1936.6416, -2588.4097, -12398.6406, -69931.2266]])
  (interactions): ModuleList(
    (0): RealAgnosticInteractionBlock(
      (linear_up): Linear(256x0e -> 256x0e | 65536 weights)
      (conv_tp): TensorProduct(256x0e x 1x0e+1x1o+1x2e+1x3o -> 256x0e+256x1o+256x2e+256x3o | 1024 paths | 1024 weights)
      (conv_tp_weights): FullyConnectedNet[8, 64, 64, 64, 1024]
      (linear): Linear(256x0e+256x1o+256x2e+256x3o -> 256x0e+256x1o+256x2e+256x3o | 262144 weights)
      (skip_tp): FullyConnectedTensorProduct(256x0e+256x1o+256x2e+256x3o x 7x0e -> 256x0e+256x1o+256x2e+256x3o | 1835008 paths | 1835008 weights)
      (reshape): reshape_irreps()
    )
    (1): RealAgnosticResidualInteractionBlock(
      (linear_up): Linear(256x0e+256x1o+256x2e -> 256x0e+256x1o+256x2e | 196608 weights)
      (conv_tp): TensorProduct(256x0e+256x1o+256x2e x 1x0e+1x1o+1x2e+1x3o -> 768x0e+1280x1o+1280x2e+1024x3o | 4352 paths | 4352 weights)
      (conv_tp_weights): FullyConnectedNet[8, 64, 64, 64, 4352]
      (linear): Linear(256x0e+256x0e+256x0e+256x1o+256x1o+256x1o+256x1o+256x1o+256x2e+256x2e+256x2e+256x2e+256x2e+256x3o+256x3o+256x3o+256x3o -> 256x0e+256x1o+256x2e+256x3o | 1114112 weights)
      (skip_tp): FullyConnectedTensorProduct(256x0e+256x1o+256x2e x 7x0e -> 256x0e | 458752 paths | 458752 weights)
      (reshape): reshape_irreps()
    )
  )
  (products): ModuleList(
    (0): EquivariantProductBasisBlock(
      (symmetric_contractions): SymmetricContraction(
        (contractions): ModuleList(
          (0): Contraction(
            (contractions_weighting): ModuleList(
              (0-1): 2 x GraphModule()
            )
            (contractions_features): ModuleList(
              (0-1): 2 x GraphModule()
            )
            (weights): ParameterList(
                (0): Parameter containing: [torch.float32 of size 7x4x256 (cuda:0)]
                (1): Parameter containing: [torch.float32 of size 7x1x256 (cuda:0)]
            )
            (graph_opt_main): GraphModule()
          )
          (1): Contraction(
            (contractions_weighting): ModuleList(
              (0-1): 2 x GraphModule()
            )
            (contractions_features): ModuleList(
              (0-1): 2 x GraphModule()
            )
            (weights): ParameterList(
                (0): Parameter containing: [torch.float32 of size 7x6x256 (cuda:0)]
                (1): Parameter containing: [torch.float32 of size 7x1x256 (cuda:0)]
            )
            (graph_opt_main): GraphModule()
          )
          (2): Contraction(
            (contractions_weighting): ModuleList(
              (0-1): 2 x GraphModule()
            )
            (contractions_features): ModuleList(
              (0-1): 2 x GraphModule()
            )
            (weights): ParameterList(
                (0): Parameter containing: [torch.float32 of size 7x7x256 (cuda:0)]
                (1): Parameter containing: [torch.float32 of size 7x1x256 (cuda:0)]
            )
            (graph_opt_main): GraphModule()
          )
        )
      )
      (linear): Linear(256x0e+256x1o+256x2e -> 256x0e+256x1o+256x2e | 196608 weights)
    )
    (1): EquivariantProductBasisBlock(
      (symmetric_contractions): SymmetricContraction(
        (contractions): ModuleList(
          (0): Contraction(
            (contractions_weighting): ModuleList(
              (0-1): 2 x GraphModule()
            )
            (contractions_features): ModuleList(
              (0-1): 2 x GraphModule()
            )
            (weights): ParameterList(
                (0): Parameter containing: [torch.float32 of size 7x4x256 (cuda:0)]
                (1): Parameter containing: [torch.float32 of size 7x1x256 (cuda:0)]
            )
            (graph_opt_main): GraphModule()
          )
        )
      )
      (linear): Linear(256x0e -> 256x0e | 65536 weights)
    )
  )
  (readouts): ModuleList(
    (0): LinearReadoutBlock(
      (linear): Linear(256x0e+256x1o+256x2e -> 1x0e | 256 weights)
    )
    (1): NonLinearReadoutBlock(
      (linear_1): Linear(256x0e -> 16x0e | 4096 weights)
      (non_linearity): Activation [x] (16x0e -> 16x0e)
      (linear_2): Linear(16x0e -> 1x0e | 16 weights)
    )
  )
  (scale_shift): ScaleShiftBlock(scale=0.4431, shift=0.0000)
)
2025-09-17 19:30:36.912 INFO: Total number of parameters: 4897040
2025-09-17 19:30:36.913 INFO: 
2025-09-17 19:30:36.914 INFO: ===========OPTIMIZER INFORMATION===========
2025-09-17 19:30:36.915 INFO: Using ADAMW as parameter optimizer
2025-09-17 19:30:36.916 INFO: Batch size: 10
2025-09-17 19:30:36.916 INFO: Using Exponential Moving Average with decay: 0.99
2025-09-17 19:30:36.916 INFO: Number of gradient updates: 207360
2025-09-17 19:30:36.917 INFO: Learning rate: 0.001, weight decay: 5e-07
2025-09-17 19:30:36.917 INFO: WeightedEnergyForcesLoss(energy_weight=10.000, forces_weight=10.000)
2025-09-17 19:30:36.917 INFO: Converting model to CUEQ for accelerated training
2025-09-17 19:30:36.995 INFO: Creating new model with cuequivariance settings
2025-09-17 19:30:36.998 DEBUG: Normalized paths for operand 2 in uv,iu,iv operands=[(7, 256)],[(1, 7)],[(1, 256)] paths=[op0[0]*op1[0]*op2[0]*1.]: got uv,iu,iv operands=[(7, 256)],[(1, 7)],[(1, 256)] paths=[op0[0]*op1[0]*op2[0]*0.38]
2025-09-17 19:30:37.010 DEBUG: Normalized paths for operand 2 in uv,iu,iv operands=[(256, 256)],[(1, 256)],[(1, 256)] paths=[op0[0]*op1[0]*op2[0]*1.]: got uv,iu,iv operands=[(256, 256)],[(1, 256)],[(1, 256)] paths=[op0[0]*op1[0]*op2[0]*0.06]
2025-09-17 19:30:37.021 DEBUG: Normalized paths for operand 3 in uv,iu,jv,kuv+ijk sizes=1024,256,16,4096 num_segments=4,1,4,4 num_paths=4 i=1 j={1, 3, 5, 7} k={1, 3, 5, 7} u=256 v=1: got uv,iu,jv,kuv+ijk sizes=1024,256,16,4096 num_segments=4,1,4,4 num_paths=4 i=1 j={1, 3, 5, 7} k={1, 3, 5, 7} u=256 v=1
2025-09-17 19:30:37.022 DEBUG: Starting search for a cuda kernel for uv,iu,jv,kuv+ijk sizes=1024,256,16,4096 num_segments=4,1,4,4 num_paths=4 i=1 j={1, 3, 5, 7} k={1, 3, 5, 7} u=256 v=1
2025-09-17 19:30:37.029 DEBUG: Flattened ijk in uv,iu,jv,kuv+ijk sizes=1024,256,16,4096 num_segments=4,1,4,4 num_paths=4 i=1 j={1, 3, 5, 7} k={1, 3, 5, 7} u=256 v=1: got uv,u,v,uv sizes=1024,256,16,4096 num_segments=4,1,16,16 num_paths=16 u=256 v=1
2025-09-17 19:30:37.031 DEBUG: Squeezed uv,u,v,uv sizes=1024,256,16,4096 num_segments=4,1,16,16 num_paths=16 u=256 v=1 to u,u,,u sizes=1024,256,16,4096 num_segments=4,1,16,16 num_paths=16 u=256
2025-09-17 19:30:37.037 DEBUG: Split u in u,u,,u sizes=1024,256,16,4096 num_segments=4,1,16,16 num_paths=16 u=256: got u,u,,u sizes=1024,256,16,4096 num_segments=4,1,16,16 num_paths=16 u=256
2025-09-17 19:30:37.038 DEBUG: TensorProductUniform4x1d.__init__(operand_dim=[1, 1, 0, 1], operand_extent=256, operand_num_segments=[4, 1, 16, 16], path_indices=..., path_coefficients=..., math_dtype=torch.float32)
2025-09-17 19:30:37.038 DEBUG: TensorProductUniform4x1d.__init__(path_indices=[(0, 0, 0, 0), (1, 0, 1, 1), (1, 0, 2, 2), (1, 0, 3, 3), (2, 0, 4, 4), (2, 0, 5, 5), (2, 0, 6, 6), (2, 0, 7, 7), (2, 0, 8, 8), (3, 0, 9, 9), (3, 0, 10, 10), (3, 0, 11, 11), (3, 0, 12, 12), (3, 0, 13, 13), (3, 0, 14, 14), (3, 0, 15, 15)], path_coefficients=[1.0, 1.0, 1.0, 1.0, 1.0, 1.0, 1.0, 1.0, 1.0, 1.0, 1.0, 1.0, 1.0, 1.0, 1.0, 1.0])
2025-09-17 19:30:37.057 DEBUG: Normalized paths for operand 2 in uv,iu,iv sizes=262144,4096,4096 num_segments=4,4,4 num_paths=4 i={1, 3, 5, 7} u=256 v=256: got uv,iu,iv sizes=262144,4096,4096 num_segments=4,4,4 num_paths=4 i={1, 3, 5, 7} u=256 v=256
2025-09-17 19:30:37.087 DEBUG: Normalized paths for operand 3 in uvw,iu,jv,kw+ijk sizes=1835008,4096,7,4096 num_segments=4,4,1,4 num_paths=4 i={1, 3, 5, 7} j=1 k={1, 3, 5, 7} u=256 v=7 w=256: got uvw,iu,jv,kw+ijk sizes=1835008,4096,7,4096 num_segments=4,4,1,4 num_paths=4 i={1, 3, 5, 7} j=1 k={1, 3, 5, 7} u=256 v=7 w=256
2025-09-17 19:30:39.546 DEBUG: Flattened abciu in u,a,b,c,i+abcui operands=[(23,)],[(16,)],[(16,)],[(16,)],[(1,)] paths=[op0[0]*op1[0]*op2[0]*op3[0]*op4[0]*c c.shape=(16, 16, 16, 23, 1) c.nnz=276]: got ,,,, sizes=23,16,16,16,1 num_segments=23,16,16,16,1 num_paths=276
2025-09-17 19:30:39.549 DEBUG: Flattened abiu in u,a,b,i+abui operands=[(4,)],[(16,)],[(16,)],[(1,)] paths=[op0[0]*op1[0]*op2[0]*op3[0]*c c.shape=(16, 16, 4, 1) c.nnz=16]: got ,,, sizes=4,16,16,1 num_segments=4,16,16,1 num_paths=16
2025-09-17 19:30:39.551 DEBUG: Flattened aiu in u,a,i+aui operands=[(1,)],[(16,)],[(1,)] paths=[op0[0]*op1[0]*op2[0]*c c.shape=(16, 1, 1) c.nnz=1]: got ,, sizes=1,16,1 num_segments=1,16,1 num_paths=1
2025-09-17 19:30:39.606 DEBUG: Flattened abciu in u,a,b,c,i+abcui operands=[(51,)],[(16,)],[(16,)],[(16,)],[(3,)] paths=[op0[0]*op1[0]*op2[0]*op3[0]*op4[0]*c c.shape=(16, 16, 16, 51, 3) c.nnz=1543]: got ,,,, sizes=51,16,16,16,3 num_segments=51,16,16,16,3 num_paths=1543
2025-09-17 19:30:39.618 DEBUG: Flattened abiu in u,a,b,i+abui operands=[(6,)],[(16,)],[(16,)],[(3,)] paths=[op0[0]*op1[0]*op2[0]*op3[0]*c c.shape=(16, 16, 6, 3) c.nnz=70]: got ,,, sizes=6,16,16,3 num_segments=6,16,16,3 num_paths=70
2025-09-17 19:30:39.656 DEBUG: Flattened aiu in u,a,i+aui operands=[(1,)],[(16,)],[(3,)] paths=[op0[0]*op1[0]*op2[0]*c c.shape=(16, 1, 3) c.nnz=3]: got ,, sizes=1,16,3 num_segments=1,16,3 num_paths=3
2025-09-17 19:30:39.791 DEBUG: Flattened abciu in u,a,b,c,i+abcui operands=[(65,)],[(16,)],[(16,)],[(16,)],[(5,)] paths=[op0[0]*op1[0]*op2[0]*op3[0]*op4[0]*c c.shape=(16, 16, 16, 65, 5) c.nnz=3907]: got ,,,, sizes=65,16,16,16,5 num_segments=65,16,16,16,5 num_paths=3907
2025-09-17 19:30:39.941 DEBUG: Flattened abiu in u,a,b,i+abui operands=[(7,)],[(16,)],[(16,)],[(5,)] paths=[op0[0]*op1[0]*op2[0]*op3[0]*c c.shape=(16, 16, 7, 5) c.nnz=100]: got ,,, sizes=7,16,16,5 num_segments=7,16,16,5 num_paths=100
2025-09-17 19:30:39.946 DEBUG: Flattened aiu in u,a,i+aui operands=[(1,)],[(16,)],[(5,)] paths=[op0[0]*op1[0]*op2[0]*c c.shape=(16, 1, 5) c.nnz=5]: got ,, sizes=1,16,5 num_segments=1,16,5 num_paths=5
2025-09-17 19:30:40.440 DEBUG: _reduced_tensor_product_basis (0e+1o+2e+3o,), frozenset({(1, (0,))}), keep_ir=frozenset({0e, 2e, 1o})
2025-09-17 19:30:40.443 DEBUG: Normalized paths for operand 2 in w,a,i+aiw sizes=3,16,9 num_segments=3,1,3 num_paths=3 a=16 i={1, 3, 5} w=1: got w,a,i+aiw sizes=3,16,9 num_segments=3,1,3 num_paths=3 a=16 i={1, 3, 5} w=1
2025-09-17 19:30:40.445 DEBUG: Flattened aiw in w,a,i+aiw sizes=3,16,9 num_segments=3,1,3 num_paths=3 a=16 i={1, 3, 5} w=1: got ,, sizes=3,16,9 num_segments=3,16,9 num_paths=9
2025-09-17 19:30:40.446 DEBUG: _reduced_tensor_product_basis (0e+1o+2e+3o, 0e+1o+2e+3o), frozenset({(1, (0, 1)), (1, (1, 0))}), keep_ir=frozenset({0e, 2e, 1o}), use _optimized_reduced_symmetric_tensor_product_basis
2025-09-17 19:30:40.447 DEBUG: _reduced_tensor_product_basis (0e,), frozenset({(1, (0,))}), keep_ir=frozenset({0e, 2o, 3o, 2e, 3e, 5o, 1e, 1o, 4o, 4e})
2025-09-17 19:30:40.448 DEBUG: _reduced_tensor_product_basis (0e, 0e), frozenset({(1, (0, 1)), (1, (1, 0))}), keep_ir=frozenset({0e, 2e, 1o})
2025-09-17 19:30:40.480 DEBUG: _reduced_tensor_product_basis (1o,), frozenset({(1, (0,))}), keep_ir=frozenset({0e, 2o, 3o, 2e, 3e, 5o, 1e, 1o, 4o, 4e})
2025-09-17 19:30:40.481 DEBUG: _reduced_tensor_product_basis (1o, 1o), frozenset({(1, (0, 1)), (1, (1, 0))}), keep_ir=frozenset({0e, 2e, 1o})
2025-09-17 19:30:40.483 DEBUG: _reduced_tensor_product_basis (2e,), frozenset({(1, (0,))}), keep_ir=frozenset({0e, 2o, 3o, 2e, 3e, 5o, 1e, 1o, 4o, 4e})
2025-09-17 19:30:40.485 DEBUG: _reduced_tensor_product_basis (2e, 2e), frozenset({(1, (0, 1)), (1, (1, 0))}), keep_ir=frozenset({0e, 2e, 1o})
2025-09-17 19:30:40.487 DEBUG: _reduced_tensor_product_basis (3o,), frozenset({(1, (0,))}), keep_ir=frozenset({0e, 2o, 3o, 2e, 3e, 5o, 1e, 1o, 4o, 4e})
2025-09-17 19:30:40.488 DEBUG: _reduced_tensor_product_basis (3o, 3o), frozenset({(1, (0, 1)), (1, (1, 0))}), keep_ir=frozenset({0e, 2e, 1o})
2025-09-17 19:30:40.500 DEBUG: Normalized paths for operand 3 in w,a,b,i+abiw sizes=12,16,16,9 num_segments=3,1,1,3 num_paths=3 a=16 b=16 i={1, 3, 5} w={3, 4, 5}: got w,a,b,i+abiw sizes=12,16,16,9 num_segments=3,1,1,3 num_paths=3 a=16 b=16 i={1, 3, 5} w={3, 4, 5}
2025-09-17 19:30:40.503 DEBUG: Flattened abiw in w,a,b,i+abiw sizes=12,16,16,9 num_segments=3,1,1,3 num_paths=3 a=16 b=16 i={1, 3, 5} w={3, 4, 5}: got ,,, sizes=12,16,16,9 num_segments=12,16,16,9 num_paths=215
2025-09-17 19:30:40.505 DEBUG: _reduced_tensor_product_basis (0e+1o+2e+3o, 0e+1o+2e+3o, 0e+1o+2e+3o), frozenset({(1, (0, 1, 2)), (1, (1, 0, 2)), (1, (2, 0, 1)), (1, (1, 2, 0)), (1, (0, 2, 1)), (1, (2, 1, 0))}), keep_ir=frozenset({0e, 2e, 1o}), use _optimized_reduced_symmetric_tensor_product_basis
2025-09-17 19:30:40.505 DEBUG: _reduced_tensor_product_basis (0e,), frozenset({(1, (0,))}), keep_ir=frozenset({0e, 2o, 7o, 3o, 2e, 7e, 8e, 3e, 5o, 6e, 1e, 6o, 5e, 1o, 0o, 4o, 4e})
2025-09-17 19:30:40.507 DEBUG: _reduced_tensor_product_basis (0e, 0e), frozenset({(1, (0, 1)), (1, (1, 0))}), keep_ir=frozenset({0e, 2o, 3o, 2e, 3e, 5o, 1e, 1o, 4o, 4e})
2025-09-17 19:30:40.508 DEBUG: _reduced_tensor_product_basis (0e, 0e, 0e), frozenset({(1, (0, 1, 2)), (1, (1, 0, 2)), (1, (2, 0, 1)), (1, (1, 2, 0)), (1, (0, 2, 1)), (1, (2, 1, 0))}), keep_ir=frozenset({0e, 2e, 1o})
2025-09-17 19:30:40.510 DEBUG: _reduced_tensor_product_basis (1o,), frozenset({(1, (0,))}), keep_ir=frozenset({0e, 2o, 7o, 3o, 2e, 7e, 8e, 3e, 5o, 6e, 1e, 6o, 5e, 1o, 0o, 4o, 4e})
2025-09-17 19:30:40.511 DEBUG: _reduced_tensor_product_basis (1o, 1o), frozenset({(1, (0, 1)), (1, (1, 0))}), keep_ir=frozenset({0e, 2o, 3o, 2e, 3e, 5o, 1e, 1o, 4o, 4e})
2025-09-17 19:30:40.513 DEBUG: _reduced_tensor_product_basis (1o, 1o, 1o), frozenset({(1, (0, 1, 2)), (1, (1, 0, 2)), (1, (2, 0, 1)), (1, (1, 2, 0)), (1, (0, 2, 1)), (1, (2, 1, 0))}), keep_ir=frozenset({0e, 2e, 1o})
2025-09-17 19:30:40.513 DEBUG: _reduced_tensor_product_basis (1o, 1o), frozenset({(1, (0, 1)), (1, (1, 0))}), keep_ir=frozenset({0e, 2o, 3o, 2e, 1e, 1o})
2025-09-17 19:30:40.517 DEBUG: _reduced_tensor_product_basis (2e,), frozenset({(1, (0,))}), keep_ir=frozenset({0e, 2o, 7o, 3o, 2e, 7e, 8e, 3e, 5o, 6e, 1e, 6o, 5e, 1o, 0o, 4o, 4e})
2025-09-17 19:30:40.517 DEBUG: _reduced_tensor_product_basis (2e, 2e), frozenset({(1, (0, 1)), (1, (1, 0))}), keep_ir=frozenset({0e, 2o, 3o, 2e, 3e, 5o, 1e, 1o, 4o, 4e})
2025-09-17 19:30:40.520 DEBUG: _reduced_tensor_product_basis (2e, 2e, 2e), frozenset({(1, (0, 1, 2)), (1, (1, 0, 2)), (1, (2, 0, 1)), (1, (1, 2, 0)), (1, (0, 2, 1)), (1, (2, 1, 0))}), keep_ir=frozenset({0e, 2e, 1o})
2025-09-17 19:30:40.521 DEBUG: _reduced_tensor_product_basis (2e, 2e), frozenset({(1, (0, 1)), (1, (1, 0))}), keep_ir=frozenset({0e, 2o, 3o, 2e, 3e, 1e, 1o, 4e})
2025-09-17 19:30:40.525 DEBUG: _reduced_tensor_product_basis (3o,), frozenset({(1, (0,))}), keep_ir=frozenset({0e, 2o, 7o, 3o, 2e, 7e, 8e, 3e, 5o, 6e, 1e, 6o, 5e, 1o, 0o, 4o, 4e})
2025-09-17 19:30:40.526 DEBUG: _reduced_tensor_product_basis (3o, 3o), frozenset({(1, (0, 1)), (1, (1, 0))}), keep_ir=frozenset({0e, 2o, 3o, 2e, 3e, 5o, 1e, 1o, 4o, 4e})
2025-09-17 19:30:40.529 DEBUG: _reduced_tensor_product_basis (3o, 3o, 3o), frozenset({(1, (0, 1, 2)), (1, (1, 0, 2)), (1, (2, 0, 1)), (1, (1, 2, 0)), (1, (0, 2, 1)), (1, (2, 1, 0))}), keep_ir=frozenset({0e, 2e, 1o})
2025-09-17 19:30:40.529 DEBUG: _reduced_tensor_product_basis (3o, 3o), frozenset({(1, (0, 1)), (1, (1, 0))}), keep_ir=frozenset({2o, 3o, 2e, 3e, 5o, 1o, 4o, 4e})
2025-09-17 19:30:40.977 DEBUG: Normalized paths for operand 4 in w,a,b,c,i+abciw sizes=34,16,16,16,9 num_segments=3,1,1,1,3 num_paths=3 a=16 b=16 c=16 i={1, 3, 5} w={8, 12, 14}: got w,a,b,c,i+abciw sizes=34,16,16,16,9 num_segments=3,1,1,1,3 num_paths=3 a=16 b=16 c=16 i={1, 3, 5} w={8, 12, 14}
2025-09-17 19:30:41.035 DEBUG: Flattened abciw in w,a,b,c,i+abciw sizes=34,16,16,16,9 num_segments=3,1,1,1,3 num_paths=3 a=16 b=16 c=16 i={1, 3, 5} w={8, 12, 14}: got ,,,, sizes=34,16,16,16,9 num_segments=34,16,16,16,9 num_paths=5455
2025-09-17 19:30:43.038 DEBUG: Split u in u,u,u sizes=4096,12544,2304 num_segments=16,49,9 num_paths=9 u=256: got u,u,u sizes=4096,12544,2304 num_segments=16,49,9 num_paths=9 u=256
2025-09-17 19:30:43.046 DEBUG: Split u in u,u,u,u sizes=4096,4096,12544,2304 num_segments=16,16,49,9 num_paths=125 u=256: got u,u,u,u sizes=4096,4096,12544,2304 num_segments=16,16,49,9 num_paths=125 u=256
2025-09-17 19:30:43.156 DEBUG: Split u in u,u,u,u,u sizes=4096,4096,4096,12544,2304 num_segments=16,16,16,49,9 num_paths=1093 u=256: got u,u,u,u,u sizes=4096,4096,4096,12544,2304 num_segments=16,16,16,49,9 num_paths=1093 u=256
2025-09-17 19:30:43.158 DEBUG: cuequivariance_ops_torch.SymmetricTensorContraction(
    path_segment_indices=[[0, 0, 0], [1, 1, 1], [2, 1, 2], [3, 1, 3], [4, 2, 4], [5, 2, 5], [6, 2, 6], [7, 2, 7], [8, 2, 8], [0, 0, 3, 0], [0, 1, 7, 1], [0, 2, 7, 2], [0, 3, 7, 3], [0, 4, 10, 4], [0, 5, 10, 5], [0, 6, 10, 6], [0, 7, 10, 7], [0, 8, 10, 8], [1, 1, 4, 0], [1, 1, 11, 6], [1, 1, 11, 8], [1, 2, 11, 5], [1, 3, 11, 4], [1, 4, 8, 3], [1, 5, 8, 2], [1, 6, 8, 1], [1, 8, 8, 1], [1, 9, 12, 8], [1, 10, 12, 7], [1, 11, 12, 6], [1, 11, 12, 8], [1, 12, 12, 5], [1, 13, 12, 4], [1, 14, 12, 5], [1, 15, 12, 4], [2, 2, 4, 0], [2, 2, 11, 6], [2, 3, 11, 7], [2, 5, 8, 1], [2, 6, 8, 2], [2, 7, 8, 3], [2, 10, 12, 4], [2, 11, 12, 5], [2, 12, 12, 6], [2, 13, 12, 7], [2, 14, 12, 8], [3, 3, 4, 0], [3, 3, 11, 6], [3, 3, 11, 8], [3, 4, 8, 1], [3, 6, 8, 3], [3, 7, 8, 2], [3, 8, 8, 3], [3, 9, 12, 4], [3, 10, 12, 5], [3, 11, 12, 4], [3, 12, 12, 7], [3, 13, 12, 6], [3, 13, 12, 8], [3, 14, 12, 7], [3, 15, 12, 8], [4, 4, 5, 0], [4, 4, 13, 6], [4, 5, 13, 7], [4, 6, 13, 4], [4, 7, 13, 5], [4, 9, 9, 3], [4, 10, 9, 2], [4, 11, 9, 3], [4, 13, 9, 1], [4, 15, 9, 1], [5, 5, 5, 0], [5, 5, 13, 6], [5, 5, 13, 8], [5, 6, 13, 5], [5, 7, 13, 4], [5, 8, 13, 5], [5, 10, 9, 3], [5, 11, 9, 2], [5, 12, 9, 1], [5, 14, 9, 1], [6, 6, 5, 0], [6, 6, 13, 6], [6, 7, 13, 7], [6, 8, 13, 8], [6, 11, 9, 1], [6, 12, 9, 2], [6, 13, 9, 3], [7, 7, 5, 0], [7, 7, 13, 6], [7, 7, 13, 8], [7, 8, 13, 7], [7, 10, 9, 1], [7, 12, 9, 3], [7, 13, 9, 2], [7, 14, 9, 3], [8, 8, 5, 0], [8, 8, 13, 6], [8, 9, 9, 1], [8, 11, 9, 1], [8, 13, 9, 3], [8, 14, 9, 2], [8, 15, 9, 3], [9, 9, 6, 0], [9, 9, 14, 6], [9, 10, 14, 7], [9, 11, 14, 8], [9, 13, 14, 4], [9, 14, 14, 5], [10, 10, 6, 0], [10, 11, 14, 7], [10, 12, 14, 4], [10, 13, 14, 5], [10, 15, 14, 5], [11, 11, 6, 0], [11, 11, 14, 6], [11, 11, 14, 8], [11, 12, 14, 5], [11, 13, 14, 4], [11, 14, 14, 5], [11, 15, 14, 4], [12, 12, 6, 0], [12, 12, 14, 6], [12, 13, 14, 7], [12, 14, 14, 8], [13, 13, 6, 0], [13, 13, 14, 6], [13, 13, 14, 8], [13, 14, 14, 7], [13, 15, 14, 8], [14, 14, 6, 0], [14, 15, 14, 7], [15, 15, 6, 0], [15, 15, 14, 6], [0, 0, 0, 15, 0], [0, 0, 1, 23, 1], [0, 0, 2, 23, 2], [0, 0, 3, 23, 3], [0, 0, 4, 35, 4], [0, 0, 5, 35, 5], [0, 0, 6, 35, 6], [0, 0, 7, 35, 7], [0, 0, 8, 35, 8], [0, 1, 1, 16, 0], [0, 1, 1, 36, 6], [0, 1, 1, 36, 8], [0, 1, 2, 36, 5], [0, 1, 3, 36, 4], [0, 1, 4, 24, 3], [0, 1, 5, 24, 2], [0, 1, 6, 24, 1], [0, 1, 8, 24, 1], [0, 1, 9, 37, 8], [0, 1, 10, 37, 7], [0, 1, 11, 37, 6], [0, 1, 11, 37, 8], [0, 1, 12, 37, 5], [0, 1, 13, 37, 4], [0, 1, 14, 37, 5], [0, 1, 15, 37, 4], [0, 2, 2, 16, 0], [0, 2, 2, 36, 6], [0, 2, 3, 36, 7], [0, 2, 5, 24, 1], [0, 2, 6, 24, 2], [0, 2, 7, 24, 3], [0, 2, 10, 37, 4], [0, 2, 11, 37, 5], [0, 2, 12, 37, 6], [0, 2, 13, 37, 7], [0, 2, 14, 37, 8], [0, 3, 3, 16, 0], [0, 3, 3, 36, 6], [0, 3, 3, 36, 8], [0, 3, 4, 24, 1], [0, 3, 6, 24, 3], [0, 3, 7, 24, 2], [0, 3, 8, 24, 3], [0, 3, 9, 37, 4], [0, 3, 10, 37, 5], [0, 3, 11, 37, 4], [0, 3, 12, 37, 7], [0, 3, 13, 37, 6], [0, 3, 13, 37, 8], [0, 3, 14, 37, 7], [0, 3, 15, 37, 8], [0, 4, 4, 17, 0], [0, 4, 4, 38, 6], [0, 4, 5, 38, 7], [0, 4, 6, 38, 4], [0, 4, 7, 38, 5], [0, 4, 9, 25, 3], [0, 4, 10, 25, 2], [0, 4, 11, 25, 3], [0, 4, 13, 25, 1], [0, 4, 15, 25, 1], [0, 5, 5, 17, 0], [0, 5, 5, 38, 6], [0, 5, 5, 38, 8], [0, 5, 6, 38, 5], [0, 5, 7, 38, 4], [0, 5, 8, 38, 5], [0, 5, 10, 25, 3], [0, 5, 11, 25, 2], [0, 5, 12, 25, 1], [0, 5, 14, 25, 1], [0, 6, 6, 17, 0], [0, 6, 6, 38, 6], [0, 6, 7, 38, 7], [0, 6, 8, 38, 8], [0, 6, 11, 25, 1], [0, 6, 12, 25, 2], [0, 6, 13, 25, 3], [0, 7, 7, 17, 0], [0, 7, 7, 38, 6], [0, 7, 7, 38, 8], [0, 7, 8, 38, 7], [0, 7, 10, 25, 1], [0, 7, 12, 25, 3], [0, 7, 13, 25, 2], [0, 7, 14, 25, 3], [0, 8, 8, 17, 0], [0, 8, 8, 38, 6], [0, 8, 9, 25, 1], [0, 8, 11, 25, 1], [0, 8, 13, 25, 3], [0, 8, 14, 25, 2], [0, 8, 15, 25, 3], [0, 9, 9, 18, 0], [0, 9, 9, 39, 6], [0, 9, 10, 39, 7], [0, 9, 11, 39, 8], [0, 9, 13, 39, 4], [0, 9, 14, 39, 5], [0, 10, 10, 18, 0], [0, 10, 11, 39, 7], [0, 10, 12, 39, 4], [0, 10, 13, 39, 5], [0, 10, 15, 39, 5], [0, 11, 11, 18, 0], [0, 11, 11, 39, 6], [0, 11, 11, 39, 8], [0, 11, 12, 39, 5], [0, 11, 13, 39, 4], [0, 11, 14, 39, 5], [0, 11, 15, 39, 4], [0, 12, 12, 18, 0], [0, 12, 12, 39, 6], [0, 12, 13, 39, 7], [0, 12, 14, 39, 8], [0, 13, 13, 18, 0], [0, 13, 13, 39, 6], [0, 13, 13, 39, 8], [0, 13, 14, 39, 7], [0, 13, 15, 39, 8], [0, 14, 14, 18, 0], [0, 14, 15, 39, 7], [0, 15, 15, 18, 0], [0, 15, 15, 39, 6], [1, 1, 1, 26, 1], [1, 1, 2, 26, 2], [1, 1, 3, 26, 3], [1, 1, 4, 40, 4], [1, 1, 5, 40, 5], [1, 1, 6, 19, 0], [1, 1, 6, 40, 6], [1, 1, 6, 41, 6], [1, 1, 6, 41, 8], [1, 1, 7, 40, 7], [1, 1, 7, 41, 7], [1, 1, 8, 19, 0], [1, 1, 8, 40, 8], [1, 1, 8, 41, 6], [1, 1, 9, 27, 1], [1, 1, 11, 27, 1], [1, 1, 12, 27, 2], [1, 1, 13, 27, 3], [1, 1, 14, 27, 2], [1, 1, 15, 27, 3], [1, 2, 2, 26, 1], [1, 2, 4, 41, 7], [1, 2, 5, 19, 0], [1, 2, 5, 41, 6], [1, 2, 5, 41, 8], [1, 2, 6, 41, 5], [1, 2, 7, 41, 4], [1, 2, 8, 41, 5], [1, 2, 10, 27, 3], [1, 2, 11, 27, 2], [1, 2, 12, 27, 1], [1, 2, 14, 27, 1], [1, 3, 3, 26, 1], [1, 3, 4, 19, 0], [1, 3, 4, 41, 6], [1, 3, 5, 41, 7], [1, 3, 6, 41, 4], [1, 3, 7, 41, 5], [1, 3, 9, 27, 3], [1, 3, 10, 27, 2], [1, 3, 11, 27, 3], [1, 3, 13, 27, 1], [1, 3, 15, 27, 1], [1, 4, 4, 28, 1], [1, 4, 6, 29, 3], [1, 4, 7, 29, 2], [1, 4, 9, 42, 4], [1, 4, 9, 43, 4], [1, 4, 10, 42, 5], [1, 4, 10, 44, 5], [1, 4, 11, 42, 4], [1, 4, 11, 43, 4], [1, 4, 11, 44, 4], [1, 4, 12, 42, 7], [1, 4, 12, 43, 7], [1, 4, 13, 20, 0], [1, 4, 13, 42, 6], [1, 4, 13, 42, 8], [1, 4, 13, 43, 6], [1, 4, 13, 43, 8], [1, 4, 13, 44, 6], [1, 4, 13, 44, 8], [1, 4, 14, 42, 7], [1, 4, 14, 44, 7], [1, 4, 15, 20, 0], [1, 4, 15, 42, 8], [1, 4, 15, 43, 8], [1, 4, 15, 44, 6], [1, 5, 5, 28, 1], [1, 5, 6, 29, 2], [1, 5, 7, 29, 3], [1, 5, 8, 29, 2], [1, 5, 9, 43, 5], [1, 5, 9, 44, 5], [1, 5, 10, 42, 4], [1, 5, 10, 44, 4], [1, 5, 11, 42, 5], [1, 5, 11, 43, 5], [1, 5, 11, 44, 5], [1, 5, 12, 20, 0], [1, 5, 12, 42, 6], [1, 5, 12, 43, 8], [1, 5, 12, 44, 6], [1, 5, 12, 44, 8], [1, 5, 13, 42, 7], [1, 5, 13, 43, 7], [1, 5, 13, 44, 7], [1, 5, 14, 20, 0], [1, 5, 14, 42, 8], [1, 5, 14, 43, 6], [1, 5, 14, 44, 8], [1, 5, 15, 43, 7], [1, 5, 15, 44, 7], [1, 6, 6, 28, 1], [1, 6, 6, 29, 1], [1, 6, 8, 29, 1], [1, 6, 9, 42, 8], [1, 6, 9, 43, 8], [1, 6, 9, 44, 8], [1, 6, 10, 42, 7], [1, 6, 10, 44, 7], [1, 6, 11, 20, 0], [1, 6, 11, 42, 6], [1, 6, 11, 42, 8], [1, 6, 11, 43, 6], [1, 6, 11, 43, 8], [1, 6, 11, 44, 6], [1, 6, 11, 44, 8], [1, 6, 12, 42, 5], [1, 6, 12, 43, 5], [1, 6, 12, 44, 5], [1, 6, 13, 42, 4], [1, 6, 13, 43, 4], [1, 6, 13, 44, 4], [1, 6, 14, 42, 5], [1, 6, 14, 44, 5], [1, 6, 15, 42, 4], [1, 6, 15, 43, 4], [1, 6, 15, 44, 4], [1, 7, 7, 28, 1], [1, 7, 7, 29, 1], [1, 7, 9, 43, 7], [1, 7, 9, 44, 7], [1, 7, 10, 20, 0], [1, 7, 10, 43, 6], [1, 7, 10, 43, 8], [1, 7, 11, 43, 7], [1, 7, 11, 44, 7], [1, 7, 12, 43, 4], [1, 7, 12, 44, 4], [1, 7, 13, 43, 5], [1, 7, 13, 44, 5], [1, 7, 14, 43, 4], [1, 7, 15, 43, 5], [1, 7, 15, 44, 5], [1, 8, 8, 28, 1], [1, 8, 9, 20, 0], [1, 8, 9, 42, 8], [1, 8, 9, 43, 8], [1, 8, 9, 44, 6], [1, 8, 10, 42, 7], [1, 8, 10, 44, 7], [1, 8, 11, 20, 0], [1, 8, 11, 42, 6], [1, 8, 11, 42, 8], [1, 8, 11, 43, 6], [1, 8, 11, 43, 8], [1, 8, 11, 44, 6], [1, 8, 11, 44, 8], [1, 8, 12, 42, 5], [1, 8, 12, 43, 5], [1, 8, 13, 42, 4], [1, 8, 13, 43, 4], [1, 8, 13, 44, 4], [1, 8, 14, 42, 5], [1, 8, 14, 44, 5], [1, 8, 15, 42, 4], [1, 8, 15, 43, 4], [1, 9, 9, 30, 1], [1, 9, 9, 31, 1], [1, 9, 11, 31, 1], [1, 9, 13, 31, 3], [1, 9, 14, 31, 2], [1, 10, 10, 30, 1], [1, 10, 12, 31, 3], [1, 10, 13, 31, 2], [1, 10, 15, 31, 2], [1, 11, 11, 30, 1], [1, 11, 11, 31, 1], [1, 11, 12, 31, 2], [1, 11, 13, 31, 3], [1, 11, 14, 31, 2], [1, 11, 15, 31, 3], [1, 12, 12, 30, 1], [1, 12, 12, 31, 1], [1, 12, 14, 31, 1], [1, 13, 13, 30, 1], [1, 13, 13, 31, 1], [1, 13, 15, 31, 1], [1, 14, 14, 30, 1], [1, 15, 15, 30, 1], [1, 15, 15, 31, 1], [2, 2, 2, 26, 2], [2, 2, 3, 26, 3], [2, 2, 4, 40, 4], [2, 2, 4, 41, 4], [2, 2, 5, 40, 5], [2, 2, 6, 19, 0], [2, 2, 6, 40, 6], [2, 2, 6, 41, 6], [2, 2, 7, 40, 7], [2, 2, 8, 40, 8], [2, 2, 8, 41, 8], [2, 2, 11, 27, 1], [2, 2, 12, 27, 2], [2, 2, 13, 27, 3], [2, 3, 3, 26, 2], [2, 3, 4, 41, 5], [2, 3, 5, 41, 4], [2, 3, 6, 41, 7], [2, 3, 7, 19, 0], [2, 3, 7, 41, 6], [2, 3, 7, 41, 8], [2, 3, 8, 41, 7], [2, 3, 10, 27, 1], [2, 3, 12, 27, 3], [2, 3, 13, 27, 2], [2, 3, 14, 27, 3], [2, 4, 4, 28, 2], [2, 4, 4, 29, 2], [2, 4, 5, 29, 3], [2, 4, 7, 29, 1], [2, 4, 9, 43, 7], [2, 4, 9, 44, 7], [2, 4, 10, 20, 0], [2, 4, 10, 43, 6], [2, 4, 11, 43, 7], [2, 4, 11, 44, 7], [2, 4, 12, 43, 4], [2, 4, 12, 44, 4], [2, 4, 13, 43, 5], [2, 4, 13, 44, 5], [2, 4, 15, 43, 5], [2, 4, 15, 44, 5], [2, 5, 5, 28, 2], [2, 5, 6, 29, 1], [2, 5, 8, 29, 1], [2, 5, 9, 42, 8], [2, 5, 9, 43, 8], [2, 5, 9, 44, 8], [2, 5, 10, 42, 7], [2, 5, 10, 44, 7], [2, 5, 11, 20, 0], [2, 5, 11, 42, 6], [2, 5, 11, 42, 8], [2, 5, 11, 43, 6], [2, 5, 11, 43, 8], [2, 5, 11, 44, 6], [2, 5, 11, 44, 8], [2, 5, 12, 42, 5], [2, 5, 12, 43, 5], [2, 5, 12, 44, 5], [2, 5, 13, 42, 4], [2, 5, 13, 43, 4], [2, 5, 13, 44, 4], [2, 5, 14, 42, 5], [2, 5, 14, 44, 5], [2, 5, 15, 42, 4], [2, 5, 15, 43, 4], [2, 5, 15, 44, 4], [2, 6, 6, 28, 2], [2, 6, 6, 29, 2], [2, 6, 7, 29, 3], [2, 6, 10, 42, 4], [2, 6, 10, 44, 4], [2, 6, 11, 42, 5], [2, 6, 11, 44, 5], [2, 6, 12, 20, 0], [2, 6, 12, 42, 6], [2, 6, 12, 44, 6], [2, 6, 13, 42, 7], [2, 6, 13, 44, 7], [2, 6, 14, 42, 8], [2, 6, 14, 44, 8], [2, 7, 7, 28, 2], [2, 7, 8, 29, 3], [2, 7, 9, 42, 4], [2, 7, 9, 43, 4], [2, 7, 9, 44, 4], [2, 7, 10, 42, 5], [2, 7, 10, 44, 5], [2, 7, 11, 42, 4], [2, 7, 11, 43, 4], [2, 7, 11, 44, 4], [2, 7, 12, 42, 7], [2, 7, 12, 43, 7], [2, 7, 12, 44, 7], [2, 7, 13, 20, 0], [2, 7, 13, 42, 6], [2, 7, 13, 42, 8], [2, 7, 13, 43, 6], [2, 7, 13, 43, 8], [2, 7, 13, 44, 6], [2, 7, 13, 44, 8], [2, 7, 14, 42, 7], [2, 7, 14, 44, 7], [2, 7, 15, 42, 8], [2, 7, 15, 43, 8], [2, 7, 15, 44, 8], [2, 8, 8, 28, 2], [2, 8, 8, 29, 2], [2, 8, 9, 43, 5], [2, 8, 9, 44, 5], [2, 8, 11, 43, 5], [2, 8, 11, 44, 5], [2, 8, 12, 43, 8], [2, 8, 12, 44, 8], [2, 8, 13, 43, 7], [2, 8, 13, 44, 7], [2, 8, 14, 20, 0], [2, 8, 14, 43, 6], [2, 8, 15, 43, 7], [2, 8, 15, 44, 7], [2, 9, 9, 30, 2], [2, 9, 9, 31, 2], [2, 9, 10, 31, 3], [2, 9, 14, 31, 1], [2, 10, 10, 30, 2], [2, 10, 11, 31, 3], [2, 10, 13, 31, 1], [2, 10, 15, 31, 1], [2, 11, 11, 30, 2], [2, 11, 11, 31, 2], [2, 11, 12, 31, 1], [2, 11, 14, 31, 1], [2, 12, 12, 30, 2], [2, 12, 12, 31, 2], [2, 12, 13, 31, 3], [2, 13, 13, 30, 2], [2, 13, 13, 31, 2], [2, 13, 14, 31, 3], [2, 14, 14, 30, 2], [2, 14, 15, 31, 3], [2, 15, 15, 30, 2], [2, 15, 15, 31, 2], [3, 3, 3, 26, 3], [3, 3, 4, 40, 4], [3, 3, 5, 40, 5], [3, 3, 5, 41, 5], [3, 3, 6, 19, 0], [3, 3, 6, 40, 6], [3, 3, 6, 41, 6], [3, 3, 6, 41, 8], [3, 3, 7, 40, 7], [3, 3, 8, 19, 0], [3, 3, 8, 40, 8], [3, 3, 8, 41, 6], [3, 3, 9, 27, 1], [3, 3, 11, 27, 1], [3, 3, 12, 27, 2], [3, 3, 13, 27, 3], [3, 3, 14, 27, 2], [3, 3, 15, 27, 3], [3, 4, 4, 28, 3], [3, 4, 5, 29, 2], [3, 4, 6, 29, 1], [3, 4, 9, 20, 0], [3, 4, 9, 42, 8], [3, 4, 9, 43, 8], [3, 4, 9, 44, 6], [3, 4, 10, 42, 7], [3, 4, 10, 44, 7], [3, 4, 11, 20, 0], [3, 4, 11, 42, 6], [3, 4, 11, 42, 8], [3, 4, 11, 43, 6], [3, 4, 11, 43, 8], [3, 4, 11, 44, 6], [3, 4, 11, 44, 8], [3, 4, 12, 42, 5], [3, 4, 12, 43, 5], [3, 4, 13, 42, 4], [3, 4, 13, 43, 4], [3, 4, 13, 44, 4], [3, 4, 14, 42, 5], [3, 4, 14, 44, 5], [3, 4, 15, 42, 4], [3, 4, 15, 43, 4], [3, 5, 5, 28, 3], [3, 5, 5, 29, 3], [3, 5, 7, 29, 1], [3, 5, 9, 43, 7], [3, 5, 9, 44, 7], [3, 5, 10, 20, 0], [3, 5, 10, 43, 6], [3, 5, 10, 43, 8], [3, 5, 11, 43, 7], [3, 5, 11, 44, 7], [3, 5, 12, 43, 4], [3, 5, 12, 44, 4], [3, 5, 13, 43, 5], [3, 5, 13, 44, 5], [3, 5, 14, 43, 4], [3, 5, 15, 43, 5], [3, 5, 15, 44, 5], [3, 6, 6, 28, 3], [3, 6, 6, 29, 3], [3, 6, 7, 29, 2], [3, 6, 8, 29, 3], [3, 6, 9, 42, 4], [3, 6, 9, 43, 4], [3, 6, 9, 44, 4], [3, 6, 10, 42, 5], [3, 6, 10, 44, 5], [3, 6, 11, 42, 4], [3, 6, 11, 43, 4], [3, 6, 11, 44, 4], [3, 6, 12, 42, 7], [3, 6, 12, 43, 7], [3, 6, 12, 44, 7], [3, 6, 13, 20, 0], [3, 6, 13, 42, 6], [3, 6, 13, 42, 8], [3, 6, 13, 43, 6], [3, 6, 13, 43, 8], [3, 6, 13, 44, 6], [3, 6, 13, 44, 8], [3, 6, 14, 42, 7], [3, 6, 14, 44, 7], [3, 6, 15, 42, 8], [3, 6, 15, 43, 8], [3, 6, 15, 44, 8], [3, 7, 7, 28, 3], [3, 7, 8, 29, 2], [3, 7, 9, 43, 5], [3, 7, 9, 44, 5], [3, 7, 10, 42, 4], [3, 7, 10, 44, 4], [3, 7, 11, 42, 5], [3, 7, 11, 43, 5], [3, 7, 11, 44, 5], [3, 7, 12, 20, 0], [3, 7, 12, 42, 6], [3, 7, 12, 43, 8], [3, 7, 12, 44, 6], [3, 7, 12, 44, 8], [3, 7, 13, 42, 7], [3, 7, 13, 43, 7], [3, 7, 13, 44, 7], [3, 7, 14, 20, 0], [3, 7, 14, 42, 8], [3, 7, 14, 43, 6], [3, 7, 14, 44, 8], [3, 7, 15, 43, 7], [3, 7, 15, 44, 7], [3, 8, 8, 28, 3], [3, 8, 9, 42, 4], [3, 8, 9, 43, 4], [3, 8, 10, 42, 5], [3, 8, 10, 44, 5], [3, 8, 11, 42, 4], [3, 8, 11, 43, 4], [3, 8, 11, 44, 4], [3, 8, 12, 42, 7], [3, 8, 12, 43, 7], [3, 8, 13, 20, 0], [3, 8, 13, 42, 6], [3, 8, 13, 42, 8], [3, 8, 13, 43, 6], [3, 8, 13, 43, 8], [3, 8, 13, 44, 6], [3, 8, 13, 44, 8], [3, 8, 14, 42, 7], [3, 8, 14, 44, 7], [3, 8, 15, 20, 0], [3, 8, 15, 42, 8], [3, 8, 15, 43, 8], [3, 8, 15, 44, 6], [3, 9, 9, 30, 3], [3, 9, 9, 31, 3], [3, 9, 10, 31, 2], [3, 9, 11, 31, 3], [3, 9, 13, 31, 1], [3, 10, 10, 30, 3], [3, 10, 11, 31, 2], [3, 10, 12, 31, 1], [3, 11, 11, 30, 3], [3, 11, 11, 31, 3], [3, 11, 13, 31, 1], [3, 11, 15, 31, 1], [3, 12, 12, 30, 3], [3, 12, 12, 31, 3], [3, 12, 13, 31, 2], [3, 12, 14, 31, 3], [3, 13, 13, 30, 3], [3, 13, 13, 31, 3], [3, 13, 14, 31, 2], [3, 13, 15, 31, 3], [3, 14, 14, 30, 3], [3, 14, 15, 31, 2], [3, 15, 15, 30, 3], [3, 15, 15, 31, 3], [4, 4, 4, 45, 4], [4, 4, 5, 45, 5], [4, 4, 6, 21, 0], [4, 4, 6, 45, 6], [4, 4, 7, 45, 7], [4, 4, 8, 45, 8], [4, 4, 9, 33, 1], [4, 4, 11, 32, 1], [4, 4, 11, 33, 1], [4, 4, 12, 32, 2], [4, 4, 13, 32, 3], [4, 4, 13, 33, 3], [4, 4, 15, 33, 3], [4, 5, 5, 45, 4], [4, 5, 7, 21, 0], [4, 5, 10, 32, 1], [4, 5, 10, 33, 1], [4, 5, 12, 32, 3], [4, 5, 12, 33, 3], [4, 5, 13, 32, 2], [4, 5, 13, 33, 2], [4, 5, 14, 32, 3], [4, 5, 14, 33, 3], [4, 5, 15, 33, 2], [4, 6, 6, 45, 4], [4, 6, 9, 32, 3], [4, 6, 9, 33, 3], [4, 6, 10, 32, 2], [4, 6, 10, 33, 2], [4, 6, 11, 32, 3], [4, 6, 11, 33, 3], [4, 6, 13, 32, 1], [4, 6, 13, 33, 1], [4, 6, 15, 32, 1], [4, 6, 15, 33, 1], [4, 7, 7, 45, 4], [4, 7, 9, 33, 2], [4, 7, 10, 32, 3], [4, 7, 10, 33, 3], [4, 7, 11, 32, 2], [4, 7, 11, 33, 2], [4, 7, 12, 32, 1], [4, 7, 12, 33, 1], [4, 7, 14, 32, 1], [4, 7, 14, 33, 1], [4, 8, 8, 45, 4], [4, 8, 9, 33, 3], [4, 8, 15, 33, 1], [4, 9, 9, 46, 4], [4, 9, 9, 47, 4], [4, 9, 10, 47, 5], [4, 9, 11, 48, 4], [4, 9, 12, 48, 7], [4, 9, 13, 22, 0], [4, 9, 13, 47, 6], [4, 9, 13, 48, 6], [4, 9, 13, 48, 8], [4, 9, 14, 47, 7], [4, 10, 10, 46, 4], [4, 10, 10, 48, 4], [4, 10, 11, 47, 5], [4, 10, 12, 22, 0], [4, 10, 12, 47, 6], [4, 10, 12, 48, 6], [4, 10, 13, 47, 7], [4, 10, 14, 48, 8], [4, 10, 15, 47, 7], [4, 11, 11, 46, 4], [4, 11, 11, 47, 4], [4, 11, 11, 48, 4], [4, 11, 12, 47, 7], [4, 11, 12, 48, 7], [4, 11, 13, 22, 0], [4, 11, 13, 47, 6], [4, 11, 13, 48, 6], [4, 11, 14, 47, 7], [4, 11, 14, 48, 7], [4, 11, 15, 22, 0], [4, 11, 15, 47, 6], [4, 11, 15, 48, 6], [4, 11, 15, 48, 8], [4, 12, 12, 46, 4], [4, 12, 12, 47, 4], [4, 12, 12, 48, 4], [4, 12, 13, 47, 5], [4, 12, 13, 48, 5], [4, 12, 15, 48, 5], [4, 13, 13, 46, 4], [4, 13, 13, 47, 4], [4, 13, 13, 48, 4], [4, 13, 14, 47, 5], [4, 13, 14, 48, 5], [4, 13, 15, 48, 4], [4, 14, 14, 46, 4], [4, 14, 14, 48, 4], [4, 14, 15, 47, 5], [4, 15, 15, 46, 4], [4, 15, 15, 47, 4], [5, 5, 5, 45, 5], [5, 5, 6, 21, 0], [5, 5, 6, 45, 6], [5, 5, 7, 45, 7], [5, 5, 8, 21, 0], [5, 5, 8, 45, 8], [5, 5, 9, 32, 1], [5, 5, 11, 32, 1], [5, 5, 11, 33, 1], [5, 5, 12, 32, 2], [5, 5, 12, 33, 2], [5, 5, 13, 32, 3], [5, 5, 14, 32, 2], [5, 5, 14, 33, 2], [5, 5, 15, 32, 3], [5, 6, 6, 45, 5], [5, 6, 10, 32, 3], [5, 6, 10, 33, 3], [5, 6, 11, 32, 2], [5, 6, 11, 33, 2], [5, 6, 12, 32, 1], [5, 6, 12, 33, 1], [5, 6, 14, 32, 1], [5, 6, 14, 33, 1], [5, 7, 7, 45, 5], [5, 7, 9, 32, 3], [5, 7, 10, 32, 2], [5, 7, 10, 33, 2], [5, 7, 11, 32, 3], [5, 7, 11, 33, 3], [5, 7, 13, 32, 1], [5, 7, 13, 33, 1], [5, 7, 15, 32, 1], [5, 8, 8, 45, 5], [5, 8, 9, 33, 2], [5, 8, 10, 32, 3], [5, 8, 10, 33, 3], [5, 8, 11, 32, 2], [5, 8, 11, 33, 2], [5, 8, 12, 32, 1], [5, 8, 12, 33, 1], [5, 8, 14, 32, 1], [5, 8, 14, 33, 1], [5, 9, 9, 46, 5], [5, 9, 9, 47, 5], [5, 9, 10, 47, 4], [5, 9, 11, 47, 5], [5, 9, 11, 48, 5], [5, 9, 12, 48, 8], [5, 9, 13, 47, 7], [5, 9, 13, 48, 7], [5, 9, 14, 22, 0], [5, 9, 14, 47, 6], [5, 9, 14, 47, 8], [5, 9, 14, 48, 6], [5, 10, 10, 46, 5], [5, 10, 10, 48, 5], [5, 10, 11, 47, 4], [5, 10, 12, 47, 7], [5, 10, 13, 22, 0], [5, 10, 13, 47, 6], [5, 10, 13, 47, 8], [5, 10, 13, 48, 6], [5, 10, 13, 48, 8], [5, 10, 15, 22, 0], [5, 10, 15, 47, 6], [5, 10, 15, 47, 8], [5, 10, 15, 48, 6], [5, 11, 11, 46, 5], [5, 11, 11, 47, 5], [5, 11, 11, 48, 5], [5, 11, 12, 22, 0], [5, 11, 12, 47, 6], [5, 11, 12, 47, 8], [5, 11, 12, 48, 6], [5, 11, 12, 48, 8], [5, 11, 13, 47, 7], [5, 11, 13, 48, 7], [5, 11, 14, 22, 0], [5, 11, 14, 47, 6], [5, 11, 14, 47, 8], [5, 11, 14, 48, 6], [5, 11, 15, 47, 7], [5, 11, 15, 48, 7], [5, 12, 12, 46, 5], [5, 12, 12, 47, 5], [5, 12, 12, 48, 5], [5, 12, 13, 47, 4], [5, 12, 13, 48, 4], [5, 12, 14, 47, 5], [5, 12, 15, 48, 4], [5, 13, 13, 46, 5], [5, 13, 13, 47, 5], [5, 13, 13, 48, 5], [5, 13, 14, 47, 4], [5, 13, 14, 48, 4], [5, 13, 15, 47, 5], [5, 13, 15, 48, 5], [5, 14, 14, 46, 5], [5, 14, 14, 48, 5], [5, 14, 15, 47, 4], [5, 15, 15, 46, 5], [5, 15, 15, 47, 5], [6, 6, 6, 21, 0], [6, 6, 6, 45, 6], [6, 6, 7, 45, 7], [6, 6, 8, 45, 8], [6, 6, 11, 32, 1], [6, 6, 11, 33, 1], [6, 6, 12, 32, 2], [6, 6, 12, 33, 2], [6, 6, 13, 32, 3], [6, 6, 13, 33, 3], [6, 7, 7, 21, 0], [6, 7, 7, 45, 6], [6, 7, 10, 32, 1], [6, 7, 10, 33, 1], [6, 7, 12, 32, 3], [6, 7, 12, 33, 3], [6, 7, 13, 32, 2], [6, 7, 13, 33, 2], [6, 7, 14, 32, 3], [6, 7, 14, 33, 3], [6, 8, 8, 21, 0], [6, 8, 8, 45, 6], [6, 8, 9, 32, 1], [6, 8, 9, 33, 1], [6, 8, 11, 32, 1], [6, 8, 11, 33, 1], [6, 8, 13, 32, 3], [6, 8, 13, 33, 3], [6, 8, 14, 32, 2], [6, 8, 14, 33, 2], [6, 8, 15, 32, 3], [6, 8, 15, 33, 3], [6, 9, 9, 22, 0], [6, 9, 9, 46, 6], [6, 9, 9, 47, 6], [6, 9, 9, 48, 6], [6, 9, 10, 47, 7], [6, 9, 10, 48, 7], [6, 9, 11, 47, 8], [6, 9, 11, 48, 8], [6, 9, 13, 47, 4], [6, 9, 13, 48, 4], [6, 9, 14, 47, 5], [6, 9, 14, 48, 5], [6, 10, 10, 46, 6], [6, 10, 10, 48, 6], [6, 10, 11, 47, 7], [6, 10, 11, 48, 7], [6, 10, 12, 47, 4], [6, 10, 12, 48, 4], [6, 10, 13, 47, 5], [6, 10, 13, 48, 5], [6, 10, 15, 47, 5], [6, 10, 15, 48, 5], [6, 11, 11, 22, 0], [6, 11, 11, 46, 6], [6, 11, 11, 47, 6], [6, 11, 11, 47, 8], [6, 11, 11, 48, 6], [6, 11, 11, 48, 8], [6, 11, 12, 47, 5], [6, 11, 12, 48, 5], [6, 11, 13, 47, 4], [6, 11, 13, 48, 4], [6, 11, 14, 47, 5], [6, 11, 14, 48, 5], [6, 11, 15, 47, 4], [6, 11, 15, 48, 4], [6, 12, 12, 22, 0], [6, 12, 12, 46, 6], [6, 12, 12, 47, 6], [6, 12, 12, 48, 6], [6, 12, 13, 47, 7], [6, 12, 13, 48, 7], [6, 12, 14, 47, 8], [6, 12, 14, 48, 8], [6, 13, 13, 22, 0], [6, 13, 13, 46, 6], [6, 13, 13, 47, 6], [6, 13, 13, 47, 8], [6, 13, 13, 48, 6], [6, 13, 13, 48, 8], [6, 13, 14, 47, 7], [6, 13, 14, 48, 7], [6, 13, 15, 47, 8], [6, 13, 15, 48, 8], [6, 14, 14, 46, 6], [6, 14, 14, 48, 6], [6, 14, 15, 47, 7], [6, 14, 15, 48, 7], [6, 15, 15, 22, 0], [6, 15, 15, 46, 6], [6, 15, 15, 47, 6], [6, 15, 15, 48, 6], [7, 7, 7, 45, 7], [7, 7, 8, 21, 0], [7, 7, 8, 45, 8], [7, 7, 9, 32, 1], [7, 7, 11, 32, 1], [7, 7, 12, 32, 2], [7, 7, 12, 33, 2], [7, 7, 13, 32, 3], [7, 7, 13, 33, 3], [7, 7, 14, 32, 2], [7, 7, 14, 33, 2], [7, 7, 15, 32, 3], [7, 8, 8, 45, 7], [7, 8, 10, 32, 1], [7, 8, 10, 33, 1], [7, 8, 12, 32, 3], [7, 8, 12, 33, 3], [7, 8, 13, 32, 2], [7, 8, 13, 33, 2], [7, 8, 14, 32, 3], [7, 8, 14, 33, 3], [7, 8, 15, 33, 2], [7, 9, 9, 46, 7], [7, 9, 9, 47, 7], [7, 9, 10, 22, 0], [7, 9, 10, 47, 6], [7, 9, 10, 47, 8], [7, 9, 10, 48, 6], [7, 9, 11, 47, 7], [7, 9, 11, 48, 7], [7, 9, 12, 48, 4], [7, 9, 13, 47, 5], [7, 9, 13, 48, 5], [7, 9, 14, 47, 4], [7, 10, 10, 46, 7], [7, 10, 10, 48, 7], [7, 10, 11, 22, 0], [7, 10, 11, 47, 6], [7, 10, 11, 47, 8], [7, 10, 11, 48, 6], [7, 10, 11, 48, 8], [7, 10, 12, 47, 5], [7, 10, 13, 47, 4], [7, 10, 15, 47, 4], [7, 11, 11, 46, 7], [7, 11, 11, 47, 7], [7, 11, 11, 48, 7], [7, 11, 12, 47, 4], [7, 11, 12, 48, 4], [7, 11, 13, 47, 5], [7, 11, 13, 48, 5], [7, 11, 14, 47, 4], [7, 11, 14, 48, 4], [7, 11, 15, 47, 5], [7, 11, 15, 48, 5], [7, 12, 12, 46, 7], [7, 12, 12, 47, 7], [7, 12, 12, 48, 7], [7, 12, 13, 22, 0], [7, 12, 13, 47, 6], [7, 12, 13, 47, 8], [7, 12, 13, 48, 6], [7, 12, 13, 48, 8], [7, 12, 14, 47, 7], [7, 12, 15, 48, 8], [7, 13, 13, 46, 7], [7, 13, 13, 47, 7], [7, 13, 13, 48, 7], [7, 13, 14, 22, 0], [7, 13, 14, 47, 6], [7, 13, 14, 47, 8], [7, 13, 14, 48, 6], [7, 13, 15, 47, 7], [7, 13, 15, 48, 7], [7, 14, 14, 46, 7], [7, 14, 14, 48, 7], [7, 14, 15, 22, 0], [7, 14, 15, 47, 6], [7, 14, 15, 47, 8], [7, 14, 15, 48, 6], [7, 15, 15, 46, 7], [7, 15, 15, 47, 7], [8, 8, 8, 45, 8], [8, 8, 9, 33, 1], [8, 8, 11, 32, 1], [8, 8, 11, 33, 1], [8, 8, 12, 32, 2], [8, 8, 13, 32, 3], [8, 8, 13, 33, 3], [8, 8, 15, 33, 3], [8, 9, 9, 46, 8], [8, 9, 9, 47, 8], [8, 9, 10, 47, 7], [8, 9, 11, 22, 0], [8, 9, 11, 47, 6], [8, 9, 11, 48, 6], [8, 9, 11, 48, 8], [8, 9, 12, 48, 5], [8, 9, 13, 48, 4], [8, 9, 14, 47, 5], [8, 10, 10, 46, 8], [8, 10, 10, 48, 8], [8, 10, 11, 47, 7], [8, 10, 11, 48, 7], [8, 10, 13, 47, 5], [8, 10, 13, 48, 5], [8, 10, 14, 48, 4], [8, 10, 15, 47, 5], [8, 11, 11, 22, 0], [8, 11, 11, 46, 8], [8, 11, 11, 47, 6], [8, 11, 11, 47, 8], [8, 11, 11, 48, 6], [8, 11, 11, 48, 8], [8, 11, 12, 47, 5], [8, 11, 12, 48, 5], [8, 11, 14, 47, 5], [8, 11, 15, 48, 4], [8, 12, 12, 46, 8], [8, 12, 12, 47, 8], [8, 12, 12, 48, 8], [8, 12, 13, 47, 7], [8, 12, 13, 48, 7], [8, 12, 14, 22, 0], [8, 12, 14, 47, 6], [8, 12, 14, 48, 6], [8, 12, 15, 48, 7], [8, 13, 13, 22, 0], [8, 13, 13, 46, 8], [8, 13, 13, 47, 6], [8, 13, 13, 47, 8], [8, 13, 13, 48, 6], [8, 13, 13, 48, 8], [8, 13, 14, 47, 7], [8, 13, 15, 22, 0], [8, 13, 15, 47, 6], [8, 13, 15, 48, 6], [8, 13, 15, 48, 8], [8, 14, 14, 46, 8], [8, 14, 14, 48, 8], [8, 14, 15, 47, 7], [8, 15, 15, 46, 8], [8, 15, 15, 47, 8], [9, 9, 11, 34, 1], [9, 9, 12, 34, 2], [9, 9, 13, 34, 3], [9, 10, 10, 34, 1], [9, 10, 12, 34, 3], [9, 10, 13, 34, 2], [9, 10, 14, 34, 3], [9, 11, 11, 34, 1], [9, 11, 13, 34, 3], [9, 11, 14, 34, 2], [9, 12, 14, 34, 1], [9, 13, 13, 34, 1], [9, 14, 14, 34, 1], [10, 10, 11, 34, 1], [10, 10, 12, 34, 2], [10, 10, 13, 34, 3], [10, 10, 15, 34, 3], [10, 11, 12, 34, 3], [10, 11, 13, 34, 2], [10, 11, 15, 34, 2], [10, 12, 13, 34, 1], [10, 12, 15, 34, 1], [10, 14, 15, 34, 1], [11, 11, 11, 34, 1], [11, 11, 12, 34, 2], [11, 11, 13, 34, 3], [11, 11, 14, 34, 2], [11, 11, 15, 34, 3], [11, 12, 12, 34, 1], [11, 12, 14, 34, 1], [11, 13, 13, 34, 1], [11, 13, 15, 34, 1], [11, 14, 14, 34, 1], [11, 15, 15, 34, 1], [12, 12, 12, 34, 2], [12, 12, 13, 34, 3], [12, 13, 13, 34, 2], [12, 13, 14, 34, 3], [12, 14, 14, 34, 2], [12, 14, 15, 34, 3], [12, 15, 15, 34, 2], [13, 13, 13, 34, 3], [13, 13, 14, 34, 2], [13, 13, 15, 34, 3], [13, 14, 14, 34, 3], [13, 14, 15, 34, 2], [13, 15, 15, 34, 3], [14, 14, 15, 34, 3]],
    path_coefficients=[1.0, 1.0, 1.0, 1.0, 1.0, 1.0, 1.0, 1.0, 1.0, 0.5000000057903811, 0.8164965735007091, 0.8164965735007091, 0.8164965735007091, 0.6324555328059093, 0.6324555328059093, 0.6324555328059093, 0.6324555328059093, 0.6324555328059093, 0.2886751327566827, -0.18257417937417345, -0.3162277609909469, 0.6324555219818938, 0.6324555219818938, 0.4472135861947619, 0.4472135861947619, -0.2581989010528262, -0.4472135861947619, 0.3779644631382238, 0.30860671315061877, 0.33806169597156643, 0.09759001186841315, -0.23904571823816315, -0.09759001186841315, -0.30860671315061877, -0.3779644631382238, 0.2886751327566827, 0.3651483587483469, 0.6324555219818938, 0.4472135861947619, 0.5163978021056524, 0.4472135861947619, 0.30860671315061877, 0.3903600474736526, 0.41403933465355797, 0.3903600474736526, 0.30860671315061877, 0.2886751327566827, -0.18257417937417345, 0.3162277609909469, 0.4472135861947619, -0.2581989010528262, 0.4472135861947619, 0.4472135861947619, 0.3779644631382238, 0.30860671315061877, -0.09759001186841315, -0.23904571823816315, 0.33806169597156643, -0.09759001186841315, 0.30860671315061877, 0.3779644631382238, 0.22360679766209263, -0.2390457176809196, 0.41403934168137985, -0.4780914353618392, 0.41403934168137985, 0.3779644728512067, 0.30860671044996574, -0.09759000712278301, -0.09759000712278301, -0.3779644728512067, 0.22360679766209263, 0.1195228588404598, -0.20701967084068992, 0.2390457176809196, 0.41403934168137985, -0.41403934168137985, 0.30860671044996574, 0.39036002849113205, -0.2390457146937884, -0.30860671044996574, 0.22360679766209263, 0.2390457176809196, 0.2390457176809196, -0.4780914353618392, 0.3380617254902615, 0.4140393423587411, 0.3380617254902615, 0.22360679766209263, 0.1195228588404598, 0.20701967084068992, 0.41403934168137985, 0.30860671044996574, -0.2390457146937884, 0.39036002849113205, 0.30860671044996574, 0.22360679766209263, -0.2390457176809196, 0.3779644728512067, 0.09759000712278301, -0.09759000712278301, 0.30860671044996574, 0.3779644728512067, 0.1889822355936715, -0.24397502656158346, 0.3450327758491474, -0.21821789958849425, -0.21821789958849425, 0.3450327758491474, 0.1889822355936715, 0.2672612349325709, -0.4364357991769885, 0.2672612349325709, -0.3450327758491474, 0.1889822355936715, 0.14638501060574857, -0.16903084837981394, 0.1380131183364612, 0.3380616967596279, -0.2672612349325709, 0.21821789958849425, 0.1889822355936715, 0.19518001858366602, 0.1380131183364612, -0.4364357991769885, 0.1889822355936715, 0.14638501060574857, 0.16903084837981394, 0.2672612349325709, -0.21821789958849425, 0.1889822355936715, 0.3450327758491474, 0.1889822355936715, -0.24397502656158346, 0.35355339629587457, 0.4999999979597495, 0.4999999979597495, 0.4999999979597495, 0.46291005575549027, 0.46291005575549027, 0.46291005575549027, 0.46291005575549027, 0.46291005575549027, 0.35355338995021635, -0.18898223198231334, -0.32732683390218975, 0.6546536678043796, 0.6546536678043796, 0.3872983054199984, 0.3872983054199984, -0.22360679533451244, -0.3872983054199984, 0.39123036916406406, 0.3194382808107308, 0.3499270831364304, 0.10101525432575383, -0.24743581398340062, -0.10101525432575383, -0.3194382808107308, -0.39123036916406406, 0.35355338995021635, 0.3779644639646267, 0.6546536678043796, 0.3872983054199984, 0.4472135906690249, 0.3872983054199984, 0.3194382808107308, 0.4040610173030153, 0.4285714069518652, 0.4040610173030153, 0.3194382808107308, 0.35355338995021635, -0.18898223198231334, 0.32732683390218975, 0.3872983054199984, -0.22360679533451244, 0.3872983054199984, 0.3872983054199984, 0.39123036916406406, 0.3194382808107308, -0.10101525432575383, -0.24743581398340062, 0.3499270831364304, -0.10101525432575383, 0.3194382808107308, 0.39123036916406406, 0.27386127989063797, -0.24743582815492335, 0.4285714397712001, -0.4948716563098466, 0.4285714397712001, 0.327326836858912, 0.2672612523685212, -0.08451542574773842, -0.08451542574773842, -0.327326836858912, 0.27386127989063797, 0.12371791407746167, -0.2142857198856, 0.2474358281549233, 0.4285714397712001, -0.4285714397712001, 0.2672612523685212, 0.33806170299095367, -0.20701966262897634, -0.2672612523685212, 0.27386127989063797, 0.24743582815492335, 0.2474358281549233, -0.4948716563098466, 0.29277004379021443, 0.3585685904473446, 0.29277004379021443, 0.27386127989063797, 0.12371791407746167, 0.2142857198856, 0.4285714397712001, 0.2672612523685212, -0.20701966262897634, 0.33806170299095367, 0.2672612523685212, 0.27386127989063797, -0.24743582815492335, 0.327326836858912, 0.08451542574773842, -0.08451542574773842, 0.2672612523685212, 0.327326836858912, 0.23145502488026914, -0.2525381476482453, 0.3571428572788035, -0.22587698799515793, -0.22587698799515793, 0.3571428572788035, 0.23145502488026914, 0.27664166353115416, -0.45175397599031586, 0.27664166353115416, -0.3571428572788035, 0.23145502488026914, 0.15152288307062928, -0.17496355240471612, 0.14285715118899822, 0.34992710480943223, -0.27664166353115416, 0.22587698799515793, 0.23145502488026914, 0.2020305153594373, 0.14285715118899822, -0.45175397599031586, 0.23145502488026914, 0.15152288307062928, 0.17496355240471612, 0.27664166353115416, -0.22587698799515793, 0.23145502488026914, 0.3571428572788035, 0.23145502488026914, -0.2525381476482453, 0.2236067928637508, 0.2236067895022506, 0.22360679286375074, 0.2672612405041503, 0.2672612405041503, -0.11180339524661959, 0.2672612405041503, 0.1889822292017066, -0.16366341454301872, 0.2672612405041503, 0.2834733511275714, -0.19364916480093286, 0.2672612405041503, -0.16366341454301872, -0.16366341562847586, -0.12677314085312727, -0.10350983231949738, -0.04225771655180873, -0.13363062389726985, -0.16366341562847586, 0.2236067895022506, -0.28347335845258287, 0.3872983296018658, -0.16366341454301872, 0.28347335845258287, -0.16366341454301872, -0.28347335845258287, 0.28347335845258287, 0.2672612477945397, 0.33806169720527407, -0.20701965908598566, -0.2672612477945397, 0.22360679286375076, 0.3872983296018658, 0.32732682908603744, -0.28347335845258287, 0.32732682908603744, -0.28347335845258287, 0.3273268312569518, 0.2672612477945397, -0.08451542430131852, -0.08451542430131852, -0.3273268312569518, 0.2236067941601278, 0.2738612680956127, -0.23717082291699634, 0.21428569586276383, 0.11293848129833914, 0.17496355008173498, -0.11796039887946293, -0.05532833279839484, 0.08748177412662049, 0.1492094215879359, -0.13552617526623398, 0.14285713676258646, -0.059761429440271054, 0.1916629546712724, -0.05532833279839484, -0.10101525038119731, 0.08748177412662049, 0.06460957463229247, -0.07460471549587722, 0.17496355008173498, 0.23592080489865883, -0.23145502091908515, 0.21428569586276383, 0.11293848129833914, -0.25023181023579194, 0.2236067941601278, -0.13693063404780634, -0.23717082291699634, 0.23717082291699634, 0.11293848129833914, 0.14447139634922873, 0.17496355008173498, -0.1179603972840375, 0.22131333119357935, 0.08748177412662049, -0.03730234875792842, -0.14638499939463337, 0.23473822434027877, 0.07142856838129323, 0.15826048419606792, -0.18274347753982195, 0.22131333119357935, -0.08748177412662049, 0.18651177270170508, -0.18898223306138454, 0.17496355008173498, 0.15971913306166513, -0.1179603972840375, 0.11293848129833914, 0.14447139634922873, 0.2236067941601278, 0.15811388706877536, -0.2738612680956127, -0.12371791218125076, 0.19561519155180046, 0.08341060409995653, -0.10101525926301168, -0.1362089408288712, 0.20701966635493127, -0.11065666562086172, -0.031943829898336655, -0.17496354941034245, -0.15152288047742563, -0.14920942114933122, 0.1507556696944556, 0.0782460788264044, 0.24743582392023952, -0.05275349813153154, 0.031943829898336655, 0.15152288047742563, -0.1507556696944556, 0.10101525926301168, 0.1362089408288712, 0.12371791218125076, -0.19561519155180046, -0.08341060409995653, 0.2236067941601278, 0.23717082676007967, -0.11293848129833914, -0.14447139634922873, 0.18898223306138454, -0.15971913306166513, -0.27664165879663377, -0.08748177528372197, -0.11190706072981675, -0.07142856838129323, 0.18274347753982195, 0.2624453235369629, -0.11190706072981675, 0.27664165879663377, 0.11293848129833914, 0.14447139634922873, 0.2236067941601278, 0.23145502091908515, -0.21428569586276383, -0.11293848129833914, 0.25023181023579194, -0.17496355008173498, -0.23592080489865883, 0.059761429440271054, -0.1916629546712724, -0.05532833279839484, 0.10101525038119731, 0.08748177412662049, -0.06460957463229247, 0.1492094215879359, 0.13552617526623398, -0.14285713676258646, 0.05532833279839484, -0.08748177412662049, 0.07460471549587722, 0.17496355008173498, -0.11796039887946293, 0.21428569586276383, 0.11293848129833914, 0.18898223263397101, 0.08625820196521292, 0.13363062441005433, -0.13363062441005433, 0.21128855774710656, 0.18898223263397101, -0.26726124882010865, 0.16366341061842368, -0.21128855774710656, 0.18898223263397101, 0.05175491127486348, 0.08451542799586385, 0.2070196611382535, -0.16366341061842368, 0.13363062441005433, 0.18898223263397101, -0.0690065606297381, 0.26726124882010865, 0.18898223263397101, -0.15526474986339003, 0.13363062441005433, 0.18898223263397101, 0.18898223263397101, 0.08625820196521292, 0.2236067962252509, 0.2236067895022506, 0.2672612405041503, 0.28347334380255984, 0.2672612405041503, 0.22360679049323917, 0.2672612405041503, -0.0944911146008533, 0.2672612405041503, 0.2672612405041503, 0.28347334380255984, 0.16903085740493598, 0.20701966463899477, 0.16903085740493598, 0.2236067895022506, -0.28347335845258287, -0.28347335845258287, -0.16366341454301872, 0.3872983296018658, -0.16366341454301872, -0.28347335845258287, -0.28347335845258287, 0.2672612477945397, -0.20701965908598566, 0.33806169720527407, 0.2672612477945397, 0.2236067941601278, 0.23717083060316302, -0.23717082291699634, -0.23717082291699634, 0.22587696259667828, -0.14447139634922873, 0.18898223306138454, 0.31943826612333026, -0.17496354825324098, -0.11190706072981675, 0.14285713676258646, 0.18274347753982195, -0.17496354825324098, -0.11190706072981675, -0.22587696259667828, 0.14447139634922873, 0.2236067941601278, -0.13693063404780634, 0.23717082291699634, 0.21428569586276383, -0.11293848129833914, 0.14447140429225563, 0.17496355008173498, -0.11796039625564586, 0.23904571776108421, 0.1916629546712724, 0.05532833279839484, 0.10101525038119731, 0.08748177412662049, -0.1292191450962912, 0.18651177109496422, -0.13552617526623398, -0.14285713676258646, -0.09137173935802732, -0.05532833279839484, -0.08748177412662049, -0.18651177109496422, -0.17496355008173498, 0.11796039625564586, -0.21428569586276383, 0.11293848129833914, -0.14447140429225563, 0.2236067941601278, -0.07905694353438768, -0.13693063404780634, 0.20203051852602336, 0.27241790714540876, 0.25555063918669324, -0.043073049845299936, 0.25354628351490566, 0.27105237153218514, -0.18274347949228278, 0.25555063918669324, -0.043073049845299936, 0.20203051852602336, 0.27241790714540876, 0.2236067941601278, -0.23717082291699634, 0.21428569586276383, -0.11293848129833914, 0.14447140429225563, 0.17496355008173498, -0.11796039625564586, -0.05532833279839484, -0.08748177412662049, -0.18651177109496422, -0.13552617526623398, -0.14285713676258646, -0.09137173935802732, 0.23904571776108421, 0.1916629546712724, -0.05532833279839484, 0.10101525038119731, -0.08748177412662049, -0.1292191450962912, -0.18651177109496422, 0.17496355008173498, -0.11796039625564586, 0.21428569586276383, -0.11293848129833914, 0.14447140429225563, 0.2236067941601278, 0.23717083060316302, 0.22587696259667828, -0.14447139634922873, 0.17496354825324098, 0.11190706072981675, 0.14285713676258646, 0.18274347753982195, -0.17496354825324098, -0.11190706072981675, 0.18898223306138454, 0.31943826612333026, 0.22587696259667828, -0.14447139634922873, 0.18898223263397101, -0.17251640393042583, 0.21128855774710656, 0.21128855774710656, 0.18898223263397101, 0.16366341061842368, 0.16366341061842368, -0.21128855774710656, 0.18898223263397101, 0.10350983858852658, 0.08451542799586385, -0.16366341061842368, 0.18898223263397101, 0.1380131212594762, 0.08451542799586385, 0.18898223263397101, 0.10350983858852658, 0.16366341061842368, 0.18898223263397101, 0.21128855774710656, 0.18898223263397101, -0.17251640393042583, 0.2236067928637508, 0.2672612405041503, 0.2672612405041503, 0.2834733511275714, -0.11180339524661959, 0.2672612405041503, 0.1889822292017066, 0.16366341454301872, 0.2672612405041503, 0.19364916480093286, 0.2672612405041503, 0.16366341454301872, 0.16366341562847586, -0.04225771655180873, -0.10350983231949738, -0.12677314085312727, 0.13363062389726985, 0.16366341562847586, 0.2236067941601278, -0.23717082291699634, 0.2738612680956127, 0.23145502091908515, 0.21428569586276383, 0.11293848129833914, 0.25023181023579194, 0.17496355008173498, -0.11796039887946293, -0.059761429440271054, 0.1916629546712724, 0.05532833279839484, -0.10101525038119731, -0.08748177412662049, 0.06460957463229247, 0.07460471549587722, -0.13552617526623398, 0.14285713676258646, -0.05532833279839484, 0.08748177412662049, 0.1492094215879359, -0.17496355008173498, -0.23592080489865883, -0.21428569586276383, -0.11293848129833914, 0.2236067941601278, 0.23717082676007967, -0.23717082291699634, -0.11293848129833914, -0.14447139634922873, 0.18898223306138454, -0.15971913306166513, 0.27664165879663377, 0.2624453235369629, -0.11190706072981675, -0.07142856838129323, 0.18274347753982195, -0.08748177528372197, -0.11190706072981675, -0.27664165879663377, 0.11293848129833914, 0.14447139634922873, 0.2236067941601278, 0.15811388706877536, -0.13693063404780634, 0.2738612680956127, -0.12371791218125076, 0.19561519155180046, 0.08341060409995653, -0.10101525926301168, -0.1362089408288712, 0.031943829898336655, 0.15152288047742563, -0.1507556696944556, 0.0782460788264044, 0.24743582392023952, -0.05275349813153154, 0.20701966635493127, -0.11065666562086172, 0.031943829898336655, -0.17496354941034245, 0.15152288047742563, -0.14920942114933122, -0.1507556696944556, -0.10101525926301168, -0.1362089408288712, -0.12371791218125076, 0.19561519155180046, 0.08341060409995653, 0.2236067941601278, -0.23717082291699634, -0.11293848129833914, -0.14447139634922873, 0.17496355008173498, -0.1179603972840375, 0.22131333119357935, -0.08748177412662049, 0.18651177270170508, -0.14638499939463337, 0.23473822434027877, -0.07142856838129323, 0.15826048419606792, 0.18274347753982195, 0.22131333119357935, 0.08748177412662049, -0.03730234875792842, 0.18898223306138454, 0.17496355008173498, -0.15971913306166513, -0.1179603972840375, -0.11293848129833914, -0.14447139634922873, 0.2236067941601278, 0.21428569586276383, 0.11293848129833914, 0.17496355008173498, 0.23592080489865883, -0.05532833279839484, 0.08748177412662049, -0.07460471549587722, -0.13552617526623398, 0.14285713676258646, -0.059761429440271054, 0.1916629546712724, -0.05532833279839484, -0.10101525038119731, 0.08748177412662049, 0.06460957463229247, 0.1492094215879359, 0.17496355008173498, -0.11796039887946293, 0.23145502091908515, 0.21428569586276383, 0.11293848129833914, 0.25023181023579194, 0.18898223263397101, 0.08625820196521292, 0.21128855774710656, -0.13363062441005433, -0.13363062441005433, 0.18898223263397101, 0.16366341061842368, -0.26726124882010865, 0.18898223263397101, -0.15526474986339003, 0.2070196611382535, 0.13363062441005433, 0.18898223263397101, -0.0690065606297381, 0.08451542799586385, -0.26726124882010865, 0.18898223263397101, 0.05175491127486348, 0.16366341061842368, -0.13363062441005433, 0.18898223263397101, 0.21128855774710656, 0.18898223263397101, 0.08625820196521292, 0.17496355074100184, 0.17496355752600723, -0.25354627272272684, 0.17496355882013093, 0.17496355752600723, 0.17496355074100187, 0.14173667685723115, -0.11065667324122137, -0.036596259098955135, -0.13552618578739764, -0.11065667324122137, -0.036596259098955135, -0.14173667685723115, 0.17496355752600723, 0.4391550405601125, 0.1749635622549964, 0.23145503840279383, -0.13552618387213491, -0.08964215223741956, 0.22131333776633363, -0.0365962448659348, 0.1749635622549964, -0.11572751044507491, -0.14173668192782626, 0.17496355854659124, -0.24743582615531143, -0.08183171997411505, -0.20203051303004607, 0.13363062176317372, 0.06388765551103685, 0.147902001359983, 0.06388765551103685, 0.147902001359983, 0.24743582615531143, 0.08183171997411505, 0.17496355752600723, 0.14173668192782626, 0.1749635622549964, 0.23145503840279383, 0.22131333776633363, -0.0365962448659348, -0.13552618387213491, -0.08964215223741956, -0.1749635622549964, 0.11572751044507491, 0.17496355074100187, 0.2834733537144623, 0.2834733537144623, 0.17496355240471612, 0.13498731541286627, 0.1653250201037155, 0.1735234949371301, 0.21252203970042896, -0.1336306270755764, 0.1207363264003986, -0.10018386151913435, 0.1735234949371301, 0.1653250201037155, 0.17496355240471612, -0.11200894123068629, 0.12806020798873133, -0.2672612541511528, 0.2414726528007972, 0.10018384347135399, 0.12806020798873133, -0.2240178748450011, -0.1653250201037155, 0.17496355240471612, -0.08099238629805483, -0.044803578448010244, 0.06613001187321348, 0.05487294699454814, 0.20701966526766233, -0.1870439017166448, -0.15520414497298105, -0.12806020798873133, -0.14168134696350426, 0.1336306270755764, -0.1207363264003986, 0.10018386151913435, 0.1735234949371301, 0.17496355240471612, -0.10798985085546053, -0.06720536785023687, 0.06613001187321348, 0.05487294699454814, -0.21252203970042896, 0.17496355240471612, -0.08099238629805483, -0.044803578448010244, 0.12806020798873133, 0.14168134696350426, -0.1735234949371301, 0.17496355240471612, 0.11200893361431476, 0.1653250201037155, 0.17496355240471612, 0.13498731541286627, 0.17496356141725292, 0.12677313636136342, 0.17496355471277056, 0.17496356141725292, -0.21957752028005623, 0.17496355752600723, -0.1071428590769426, 0.027664169399818993, 0.14638502789549143, 0.06776309289369882, -0.08964215100442502, 0.08299250384140237, -0.0874817811274982, -0.11572752869868115, -0.1071428590769426, 0.17496355580692924, 0.10101525651502304, -0.06681530922318997, 0.1277753110220737, 0.29580399624525017, -0.07824607622239323, 0.2070196773362816, -0.10101525651502304, 0.06681530922318997, 0.17496356141725292, 0.21428571815388517, 0.1749635622549964, 0.23145505739736236, -0.05532833444158341, 0.146385027098705, -0.05532833444158341, 0.146385027098705, -0.21428571815388517, 0.17496355752600723, 0.14173668192782626, -0.1749635622549964, 0.11572751044507491, -0.22131333776633363, 0.0365962448659348, 0.13552618387213491, 0.08964215223741956, 0.1749635622549964, 0.23145503840279383, 0.17496355240471612, -0.06749365770643313, 0.1653250201037155, 0.10456072918774431, 0.17352351451602288, 0.21252203970042896, -0.10456072918774431, -0.17352351451602288, 0.21128856196166687, 0.0954504417884945, -0.1653250201037155, 0.1584045605384708, 0.17496355240471612, -0.11200894514759849, 0.12806020798873133, -0.20912145837548862, 0.16366341388300795, 0.07393559317508401, -0.12806020798873133, -0.12269965609543067, -0.14168134696350426, -0.21128856196166687, -0.0954504417884945, 0.1653250201037155, -0.1584045605384708, 0.17496355240471612, 0.12148858101063374, -0.04480358293481992, 0.08451542968168803, 0.03818017892764649, -0.06613001187321348, -0.1267236508396215, -0.05487294699454814, 0.16198477572321268, -0.08960715724500748, -0.16366341388300795, -0.07393559317508401, 0.12806020798873133, 0.12269965609543067, 0.10456072918774431, 0.17352351451602288, 0.17496355240471612, 0.05399492542773027, 0.06720536534895637, 0.06613001187321348, 0.05487294699454814, 0.20912145837548862, -0.21252203970042896, 0.17496355240471612, -0.040496194712578926, 0.04480357431018757, 0.12806020798873133, 0.14168134696350426, 0.10456072918774431, 0.17352351451602288, 0.17496355240471612, -0.11200894514759849, 0.1653250201037155, 0.17496355240471612, -0.06749365770643313, 0.08451542424090895, 0.1749635512816732, 0.17496355580692924, 0.17496355854659124, 0.11065667324122137, -0.07319250267288702, 0.13552618578739764, 0.17928429433876852, 0.11065667324122137, -0.07319250267288702, 0.12677313636136342, 0.17496355471277056, 0.10101525651502304, -0.06681530922318997, -0.07824607622239323, 0.2070196773362816, 0.1277753110220737, 0.29580399624525017, 0.10101525651502304, -0.06681530922318997, -0.25354627272272684, 0.1749635588201309, -0.24743582615531143, -0.08183171997411505, -0.06388765551103685, -0.147902001359983, 0.06388765551103685, 0.147902001359983, -0.20203051303004607, 0.13363062176317372, -0.24743582615531143, -0.08183171997411505, -0.1494035817028999, 0.17496355240471612, -0.13498731541286627, -0.11200894378806575, 0.0954504417884945, 0.1584045605384708, 0.1207363264003986, -0.10018386151913435, 0.1207363264003986, -0.10018386151913435, 0.0954504417884945, 0.1584045605384708, 0.17496355240471612, 0.11200893003715162, 0.07393559317508401, -0.12269965609543067, 0.2414726528007972, 0.10018384347135399, 0.07393559317508401, -0.12269965609543067, -0.0954504417884945, -0.1584045605384708, 0.08964214575705909, 0.17496355240471612, 0.08099238629805483, 0.09352195085832242, -0.022401793789106648, 0.07760207248649052, 0.03818017892764649, -0.1267236508396215, -0.1870439017166448, -0.15520414497298105, -0.07393559317508401, 0.12269965609543067, -0.1207363264003986, 0.10018386151913435, 0.1195228637299795, 0.17496355240471612, 0.10798985085546053, -0.11200894895428706, 0.03818017892764649, -0.1267236508396215, 0.2414726528007972, 0.10018384347135399, 0.08964214575705909, 0.17496355240471612, 0.08099238629805483, -0.09352195085832242, -0.022401793789106648, -0.07760207248649052, 0.07393559317508401, -0.12269965609543067, 0.1207363264003986, -0.10018386151913435, 0.17496355240471612, 0.11200893003715162, 0.0954504417884945, 0.1584045605384708, -0.1494035817028999, 0.17496355240471612, -0.13498731541286627, -0.11200894378806575, 0.17496356141725292, 0.21957752028005623, 0.17496355752600723, 0.1071428590769426, 0.08299250384140237, 0.06776309289369882, -0.08964215100442502, 0.027664169399818993, 0.14638502789549143, 0.0874817811274982, 0.11572752869868115, 0.1071428590769426, 0.17496355752600723, 0.1749635622549964, -0.11572751044507491, -0.13552618387213491, -0.08964215223741956, 0.22131333776633363, -0.0365962448659348, 0.1749635622549964, 0.23145503840279383, 0.14173668192782626, 0.17496355240471612, -0.06749365770643313, 0.21128856196166687, 0.0954504417884945, 0.1653250201037155, 0.1584045605384708, -0.10456072918774431, -0.17352351451602288, 0.21252203970042896, -0.10456072918774431, -0.17352351451602288, 0.1653250201037155, 0.17496355240471612, -0.11200894514759849, 0.16366341388300795, 0.07393559317508401, 0.12806020798873133, -0.12269965609543067, 0.14168134696350426, -0.20912145837548862, 0.12806020798873133, -0.1653250201037155, 0.17496355240471612, -0.040496194712578926, 0.04480357431018757, 0.06613001187321348, 0.05487294699454814, 0.16198477572321268, -0.08960715724500748, -0.12806020798873133, -0.14168134696350426, 0.10456072918774431, 0.17352351451602288, 0.17496355240471612, 0.05399492542773027, 0.06720536534895637, 0.08451542968168803, 0.03818017892764649, 0.06613001187321348, -0.1267236508396215, 0.05487294699454814, -0.20912145837548862, 0.21252203970042896, 0.17496355240471612, 0.12148858101063374, -0.04480358293481992, 0.16366341388300795, 0.07393559317508401, 0.12806020798873133, -0.12269965609543067, -0.10456072918774431, -0.17352351451602288, 0.17496355240471612, -0.11200894514759849, 0.21128856196166687, 0.0954504417884945, 0.1653250201037155, 0.1584045605384708, 0.17496355240471612, -0.06749365770643313, 0.17496355074100184, -0.14173667685723115, -0.11065667324122137, -0.036596259098955135, -0.13552618578739764, -0.11065667324122137, -0.036596259098955135, 0.14173667685723115, 0.17496355240471612, 0.13498731541286627, 0.1653250201037155, -0.1336306270755764, 0.1207363264003986, -0.10018386151913435, -0.1735234949371301, 0.21252203970042896, 0.1735234949371301, -0.1653250201037155, 0.17496355240471612, 0.11200893361431476, 0.12806020798873133, 0.14168134696350426, -0.12806020798873133, -0.14168134696350426, -0.2240178748450011, 0.1653250201037155, -0.10350983263383118, 0.17496355240471612, 0.09352195085832242, -0.08099238629805483, 0.07760207248649052, -0.044803578448010244, -0.06613001187321348, -0.05487294699454814, 0.12806020798873133, 0.1735234949371301, 0.17496355240471612, -0.10798985085546053, -0.06720536785023687, 0.06613001187321348, 0.05487294699454814, -0.2672612541511528, 0.2414726528007972, 0.10018384347135399, 0.21252203970042896, 0.10350983263383118, 0.17496355240471612, -0.09352195085832242, -0.08099238629805483, -0.07760207248649052, -0.044803578448010244, 0.12806020798873133, -0.1336306270755764, 0.1207363264003986, -0.10018386151913435, 0.1735234949371301, 0.17496355240471612, -0.11200894123068629, 0.1653250201037155, 0.17496355240471612, 0.13498731541286627, -0.18018750329606037, -0.1103418623491916, -0.18018750329606037, 0.11631052930759636, -0.27028125075009735, 0.07356123977190748, 0.2326210586151927, -0.09304842507585562, 0.18609685015171124, 0.07356123977190748, -0.2702812507500974, 0.09304842507585562, -0.11631052930759636, 0.0900937478267717, -0.14712247874499343, 0.0900937478267717, -0.11631052930759636, 0.02326211298757991, 0.3418817352132598, -0.0735612397719075, 0.02326211298757991, 0.2702812507500974, 0.2326210586151927, 0.036037501116435056, 0.1250541029227776, 0.036037501116435056, -0.1709408676066299, -0.09304842507585562, 0.036037500773774905, -0.023262112987579908, 0.036037501116435056, -0.18609685015171124, 0.0900937478267717, -0.18018750329606037, 0.08827348740404276, 0.036037500773774905, 0.1250541029227776, 0.02326211298757991, -0.14712247874499343, -0.27028125075009735, -0.1103418623491916, 0.036037501116435056, 0.1709408676066299, 0.09304842507585562, 0.0900937478267717, 0.0735612397719075, -0.18018750329606037, 0.11631052930759636],
    num_in_segments=16,
    num_couplings=49,
    num_out_segments=9,
    correlation=3,
    math_dtype=torch.float32,
        )
2025-09-17 19:30:43.160 DEBUG: Normalized paths for operand 2 in uv,iu,iv sizes=196608,2304,2304 num_segments=3,3,3 num_paths=3 i={1, 3, 5} u=256 v=256: got uv,iu,iv sizes=196608,2304,2304 num_segments=3,3,3 num_paths=3 i={1, 3, 5} u=256 v=256
2025-09-17 19:30:43.176 DEBUG: Normalized paths for operand 2 in uv,iu,iv sizes=256,2304,1 num_segments=1,3,1 num_paths=1 i={1, 3, 5} u=256 v=1: got uv,iu,iv sizes=256,2304,1 num_segments=1,3,1 num_paths=1 i={1, 3, 5} u=256 v=1
2025-09-17 19:30:43.185 DEBUG: Normalized paths for operand 2 in uv,iu,iv sizes=196608,2304,2304 num_segments=3,3,3 num_paths=3 i={1, 3, 5} u=256 v=256: got uv,iu,iv sizes=196608,2304,2304 num_segments=3,3,3 num_paths=3 i={1, 3, 5} u=256 v=256
2025-09-17 19:30:43.204 DEBUG: Normalized paths for operand 3 in uv,iu,jv,kuv+ijk sizes=4352,2304,16,18176 num_segments=17,3,4,17 num_paths=17 i={1, 3, 5} j={1, 3, 5, 7} k={1, 3, 5, 7} u=256 v=1: got uv,iu,jv,kuv+ijk sizes=4352,2304,16,18176 num_segments=17,3,4,17 num_paths=17 i={1, 3, 5} j={1, 3, 5, 7} k={1, 3, 5, 7} u=256 v=1
2025-09-17 19:30:43.205 DEBUG: Starting search for a cuda kernel for uv,iu,jv,kuv+ijk sizes=4352,2304,16,18176 num_segments=17,3,4,17 num_paths=17 i={1, 3, 5} j={1, 3, 5, 7} k={1, 3, 5, 7} u=256 v=1
2025-09-17 19:30:43.209 DEBUG: Flattened ijk in uv,iu,jv,kuv+ijk sizes=4352,2304,16,18176 num_segments=17,3,4,17 num_paths=17 i={1, 3, 5} j={1, 3, 5, 7} k={1, 3, 5, 7} u=256 v=1: got uv,u,v,uv sizes=4352,2304,16,18176 num_segments=17,9,16,71 num_paths=215 u=256 v=1
2025-09-17 19:30:43.212 DEBUG: Squeezed uv,u,v,uv sizes=4352,2304,16,18176 num_segments=17,9,16,71 num_paths=215 u=256 v=1 to u,u,,u sizes=4352,2304,16,18176 num_segments=17,9,16,71 num_paths=215 u=256
2025-09-17 19:30:43.223 DEBUG: Split u in u,u,,u sizes=4352,2304,16,18176 num_segments=17,9,16,71 num_paths=215 u=256: got u,u,,u sizes=4352,2304,16,18176 num_segments=17,9,16,71 num_paths=215 u=256
2025-09-17 19:30:43.225 DEBUG: TensorProductUniform4x1d.__init__(operand_dim=[1, 1, 0, 1], operand_extent=256, operand_num_segments=[17, 9, 16, 71], path_indices=..., path_coefficients=..., math_dtype=torch.float32)
2025-09-17 19:30:43.226 DEBUG: TensorProductUniform4x1d.__init__(path_indices=[(0, 0, 0, 0), (3, 0, 1, 3), (3, 0, 2, 4), (3, 0, 3, 5), (8, 0, 4, 18), (8, 0, 5, 19), (8, 0, 6, 20), (8, 0, 7, 21), (8, 0, 8, 22), (13, 0, 9, 43), (13, 0, 10, 44), (13, 0, 11, 45), (13, 0, 12, 46), (13, 0, 13, 47), (13, 0, 14, 48), (13, 0, 15, 49), (4, 1, 0, 6), (4, 2, 0, 7), (4, 3, 0, 8), (1, 1, 1, 1), (1, 2, 2, 1), (1, 3, 3, 1), (9, 1, 1, 25), (9, 1, 1, 27), (9, 1, 2, 24), (9, 1, 3, 23), (9, 2, 1, 24), (9, 2, 2, 25), (9, 2, 3, 26), (9, 3, 1, 23), (9, 3, 2, 26), (9, 3, 3, 25), (9, 3, 3, 27), (5, 1, 4, 11), (5, 1, 5, 10), (5, 1, 6, 9), (5, 1, 8, 9), (5, 2, 5, 9), (5, 2, 6, 10), (5, 2, 7, 11), (5, 3, 4, 9), (5, 3, 6, 11), (5, 3, 7, 10), (5, 3, 8, 11), (14, 1, 4, 54), (14, 1, 4, 56), (14, 1, 5, 53), (14, 1, 5, 55), (14, 1, 6, 52), (14, 1, 7, 51), (14, 1, 8, 50), (14, 1, 8, 52), (14, 2, 4, 51), (14, 2, 5, 52), (14, 2, 6, 53), (14, 2, 7, 54), (14, 2, 8, 55), (14, 3, 4, 50), (14, 3, 4, 52), (14, 3, 5, 51), (14, 3, 6, 54), (14, 3, 7, 53), (14, 3, 7, 55), (14, 3, 8, 54), (14, 3, 8, 56), (10, 1, 9, 32), (10, 1, 10, 31), (10, 1, 11, 30), (10, 1, 11, 32), (10, 1, 12, 29), (10, 1, 13, 28), (10, 1, 14, 29), (10, 1, 15, 28), (10, 2, 10, 28), (10, 2, 11, 29), (10, 2, 12, 30), (10, 2, 13, 31), (10, 2, 14, 32), (10, 3, 9, 28), (10, 3, 10, 29), (10, 3, 11, 28), (10, 3, 12, 31), (10, 3, 13, 30), (10, 3, 13, 32), (10, 3, 14, 31), (10, 3, 15, 32), (11, 4, 0, 33), (11, 5, 0, 34), (11, 6, 0, 35), (11, 7, 0, 36), (11, 8, 0, 37), (6, 4, 1, 14), (6, 4, 3, 12), (6, 5, 1, 13), (6, 5, 2, 12), (6, 6, 1, 12), (6, 6, 2, 13), (6, 6, 3, 14), (6, 7, 2, 14), (6, 7, 3, 13), (6, 8, 1, 12), (6, 8, 3, 14), (15, 4, 1, 61), (15, 4, 1, 63), (15, 4, 2, 58), (15, 4, 3, 57), (15, 4, 3, 59), (15, 5, 1, 60), (15, 5, 1, 62), (15, 5, 2, 59), (15, 5, 3, 58), (15, 6, 1, 59), (15, 6, 2, 60), (15, 6, 3, 61), (15, 7, 1, 58), (15, 7, 2, 61), (15, 7, 3, 60), (15, 7, 3, 62), (15, 8, 1, 57), (15, 8, 1, 59), (15, 8, 2, 62), (15, 8, 3, 61), (15, 8, 3, 63), (2, 4, 4, 2), (2, 5, 5, 2), (2, 6, 6, 2), (2, 7, 7, 2), (2, 8, 8, 2), (12, 4, 4, 40), (12, 4, 5, 41), (12, 4, 6, 38), (12, 4, 7, 39), (12, 5, 4, 41), (12, 5, 5, 40), (12, 5, 5, 42), (12, 5, 6, 39), (12, 5, 7, 38), (12, 5, 8, 39), (12, 6, 4, 38), (12, 6, 5, 39), (12, 6, 6, 40), (12, 6, 7, 41), (12, 6, 8, 42), (12, 7, 4, 39), (12, 7, 5, 38), (12, 7, 6, 41), (12, 7, 7, 40), (12, 7, 7, 42), (12, 7, 8, 41), (12, 8, 5, 39), (12, 8, 6, 42), (12, 8, 7, 41), (12, 8, 8, 40), (7, 4, 9, 17), (7, 4, 10, 16), (7, 4, 11, 17), (7, 4, 13, 15), (7, 4, 15, 15), (7, 5, 10, 17), (7, 5, 11, 16), (7, 5, 12, 15), (7, 5, 14, 15), (7, 6, 11, 15), (7, 6, 12, 16), (7, 6, 13, 17), (7, 7, 10, 15), (7, 7, 12, 17), (7, 7, 13, 16), (7, 7, 14, 17), (7, 8, 9, 15), (7, 8, 11, 15), (7, 8, 13, 17), (7, 8, 14, 16), (7, 8, 15, 17), (16, 4, 9, 68), (16, 4, 10, 67), (16, 4, 11, 68), (16, 4, 11, 70), (16, 4, 12, 65), (16, 4, 13, 64), (16, 4, 13, 66), (16, 4, 15, 66), (16, 5, 9, 69), (16, 5, 10, 68), (16, 5, 10, 70), (16, 5, 11, 67), (16, 5, 11, 69), (16, 5, 12, 66), (16, 5, 13, 65), (16, 5, 14, 64), (16, 5, 14, 66), (16, 5, 15, 65), (16, 6, 9, 64), (16, 6, 11, 66), (16, 6, 12, 67), (16, 6, 13, 68), (16, 6, 15, 70), (16, 7, 9, 65), (16, 7, 10, 64), (16, 7, 10, 66), (16, 7, 11, 65), (16, 7, 12, 68), (16, 7, 13, 67), (16, 7, 13, 69), (16, 7, 14, 68), (16, 7, 14, 70), (16, 7, 15, 69), (16, 8, 9, 66), (16, 8, 11, 64), (16, 8, 11, 66), (16, 8, 12, 69), (16, 8, 13, 68), (16, 8, 13, 70), (16, 8, 14, 67), (16, 8, 15, 68)], path_coefficients=[1.0, 1.0, 1.0, 1.0, 1.0, 1.0, 1.0, 1.0, 1.0, 1.0, 1.0, 1.0, 1.0, 1.0, 1.0, 1.0, 1.0, 1.0, 1.0, 0.5773502691896257, 0.5773502691896257, 0.5773502691896257, -0.40824828409700387, -0.7071067839434784, 0.7071067839434784, 0.7071067839434784, 0.7071067839434784, 0.8164965681940077, 0.7071067839434784, 0.7071067839434784, 0.7071067839434784, -0.40824828409700387, 0.7071067839434784, 0.5477225504292802, 0.5477225504292802, -0.31622778235789606, -0.5477225504292802, 0.5477225504292802, 0.6324555647157921, 0.5477225504292802, 0.5477225504292802, -0.31622778235789606, 0.5477225504292802, 0.5477225504292802, -0.18257418562504057, -0.7071067802245833, -0.44721356738812335, -0.577350267922698, 0.6324555377460488, 0.577350267922698, 0.7071067802245833, 0.18257418562504057, 0.577350267922698, 0.7302967425001623, 0.7745967033344707, 0.7302967425001623, 0.577350267922698, 0.7071067802245833, -0.18257418562504057, 0.577350267922698, 0.6324555377460488, -0.44721356738812335, 0.577350267922698, -0.18257418562504057, 0.7071067802245833, 0.5976142832319687, 0.4879500526287164, 0.5345224692522156, 0.15430335568879305, -0.3779644635858989, -0.15430335568879305, -0.4879500526287164, -0.5976142832319687, 0.4879500526287164, 0.6172134227551722, 0.6546536628189263, 0.6172134227551722, 0.4879500526287164, 0.5976142832319687, 0.4879500526287164, -0.15430335568879305, -0.3779644635858989, 0.5345224692522156, -0.15430335568879305, 0.4879500526287164, 0.5976142832319687, 1.0, 1.0, 1.0, 1.0, 1.0, 0.5477225504292802, 0.5477225504292802, 0.5477225504292802, 0.5477225504292802, -0.31622778235789606, 0.6324555647157921, -0.31622778235789606, 0.5477225504292802, 0.5477225504292802, -0.5477225504292802, 0.5477225504292802, -0.18257418562504057, -0.7071067802245833, 0.577350267922698, 0.7071067802245833, -0.18257418562504057, -0.44721356738812335, -0.577350267922698, 0.7302967425001623, 0.577350267922698, 0.6324555377460488, 0.7745967033344707, 0.6324555377460488, 0.577350267922698, 0.7302967425001623, -0.44721356738812335, 0.577350267922698, 0.7071067802245833, 0.18257418562504057, 0.577350267922698, -0.18257418562504057, 0.7071067802245833, 0.447213595499958, 0.447213595499958, 0.447213595499958, 0.447213595499958, 0.447213595499958, -0.5345224749770108, 0.4629100571230363, -0.5345224749770108, 0.4629100571230363, 0.4629100571230363, 0.2672612374885054, -0.4629100571230363, 0.2672612374885054, 0.4629100571230363, -0.4629100571230363, -0.5345224749770108, 0.2672612374885054, 0.5345224749770108, 0.2672612374885054, -0.5345224749770108, 0.4629100571230363, 0.4629100571230363, 0.2672612374885054, 0.2672612374885054, 0.4629100571230363, 0.4629100571230363, -0.4629100571230363, -0.5345224749770108, 0.4629100571230363, -0.5345224749770108, 0.4629100418304404, 0.3779644794810829, -0.11952285869265988, -0.11952285869265988, -0.4629100418304404, 0.3779644794810829, 0.47809143477063953, -0.2927700081267991, -0.3779644794810829, 0.4140393574757331, 0.5070925524954957, 0.4140393574757331, 0.3779644794810829, -0.2927700081267991, 0.47809143477063953, 0.3779644794810829, 0.4629100418304404, 0.11952285869265988, -0.11952285869265988, 0.3779644794810829, 0.4629100418304404, -0.2886751385990827, -0.5773502771981655, 0.44721357457286914, 0.2886751385990827, -0.5773502771981655, -0.2886751385990827, 0.44721357457286914, 0.2886751385990827, 0.45643545649434064, 0.35355339579233225, -0.45643545649434064, 0.18257418855820093, -0.35355339579233225, 0.18257418855820093, 0.35355339579233225, 0.45643545649434064, -0.35355339579233225, -0.45643545649434064, -0.6454972234125829, 0.38729835788940836, 0.5163977906509956, 0.38729835788940836, -0.6454972234125829, 0.45643545649434064, 0.45643545649434064, 0.35355339579233225, 0.35355339579233225, 0.18257418855820093, 0.18257418855820093, 0.35355339579233225, 0.35355339579233225, 0.45643545649434064, 0.45643545649434064, -0.2886751385990827, -0.2886751385990827, -0.44721357457286914, -0.5773502771981655, 0.44721357457286914, -0.2886751385990827, -0.5773502771981655, -0.2886751385990827])
2025-09-17 19:30:43.259 DEBUG: Normalized paths for operand 2 in uv,iu,iv sizes=1114112,18176,4096 num_segments=17,17,4 num_paths=17 i={1, 3, 5, 7} u=256 v=256: got uv,iu,iv sizes=1114112,18176,4096 num_segments=17,17,4 num_paths=17 i={1, 3, 5, 7} u=256 v=256
2025-09-17 19:30:43.349 DEBUG: Normalized paths for operand 3 in uvw,iu,jv,kw+ijk sizes=458752,2304,7,256 num_segments=1,3,1,1 num_paths=1 i={1, 3, 5} j=1 k=1 u=256 v=7 w=256: got uvw,iu,jv,kw+ijk sizes=458752,2304,7,256 num_segments=1,3,1,1 num_paths=1 i={1, 3, 5} j=1 k=1 u=256 v=7 w=256
2025-09-17 19:30:43.372 DEBUG: Flattened abciu in u,a,b,c,i+abcui operands=[(23,)],[(16,)],[(16,)],[(16,)],[(1,)] paths=[op0[0]*op1[0]*op2[0]*op3[0]*op4[0]*c c.shape=(16, 16, 16, 23, 1) c.nnz=276]: got ,,,, sizes=23,16,16,16,1 num_segments=23,16,16,16,1 num_paths=276
2025-09-17 19:30:43.379 DEBUG: Flattened abiu in u,a,b,i+abui operands=[(4,)],[(16,)],[(16,)],[(1,)] paths=[op0[0]*op1[0]*op2[0]*op3[0]*c c.shape=(16, 16, 4, 1) c.nnz=16]: got ,,, sizes=4,16,16,1 num_segments=4,16,16,1 num_paths=16
2025-09-17 19:30:43.381 DEBUG: Flattened aiu in u,a,i+aui operands=[(1,)],[(16,)],[(1,)] paths=[op0[0]*op1[0]*op2[0]*c c.shape=(16, 1, 1) c.nnz=1]: got ,, sizes=1,16,1 num_segments=1,16,1 num_paths=1
2025-09-17 19:30:43.398 DEBUG: _reduced_tensor_product_basis (0e+1o+2e+3o,), frozenset({(1, (0,))}), keep_ir=frozenset({0e})
2025-09-17 19:30:43.399 DEBUG: Normalized paths for operand 2 in w,a,i+aiw operands=[(1,)],[(16,)],[(1,)] paths=[op0[0]*op1[0]*op2[0]*c c.shape=(16, 1, 1) c.nnz=1]: got w,a,i+aiw operands=[(1,)],[(16,)],[(1,)] paths=[op0[0]*op1[0]*op2[0]*c c.shape=(16, 1, 1) c.nnz=1]
2025-09-17 19:30:43.400 DEBUG: Flattened aiw in w,a,i+aiw operands=[(1,)],[(16,)],[(1,)] paths=[op0[0]*op1[0]*op2[0]*c c.shape=(16, 1, 1) c.nnz=1]: got ,, sizes=1,16,1 num_segments=1,16,1 num_paths=1
2025-09-17 19:30:43.401 DEBUG: _reduced_tensor_product_basis (0e+1o+2e+3o, 0e+1o+2e+3o), frozenset({(1, (0, 1)), (1, (1, 0))}), keep_ir=frozenset({0e}), use _optimized_reduced_symmetric_tensor_product_basis
2025-09-17 19:30:43.402 DEBUG: _reduced_tensor_product_basis (0e,), frozenset({(1, (0,))}), keep_ir=frozenset({0e, 1o, 3o, 2e})
2025-09-17 19:30:43.403 DEBUG: _reduced_tensor_product_basis (0e, 0e), frozenset({(1, (0, 1)), (1, (1, 0))}), keep_ir=frozenset({0e})
2025-09-17 19:30:43.404 DEBUG: _reduced_tensor_product_basis (1o,), frozenset({(1, (0,))}), keep_ir=frozenset({0e, 1o, 3o, 2e})
2025-09-17 19:30:43.405 DEBUG: _reduced_tensor_product_basis (1o, 1o), frozenset({(1, (0, 1)), (1, (1, 0))}), keep_ir=frozenset({0e})
2025-09-17 19:30:43.406 DEBUG: _reduced_tensor_product_basis (2e,), frozenset({(1, (0,))}), keep_ir=frozenset({0e, 1o, 3o, 2e})
2025-09-17 19:30:43.407 DEBUG: _reduced_tensor_product_basis (2e, 2e), frozenset({(1, (0, 1)), (1, (1, 0))}), keep_ir=frozenset({0e})
2025-09-17 19:30:43.409 DEBUG: _reduced_tensor_product_basis (3o,), frozenset({(1, (0,))}), keep_ir=frozenset({0e, 1o, 3o, 2e})
2025-09-17 19:30:43.409 DEBUG: _reduced_tensor_product_basis (3o, 3o), frozenset({(1, (0, 1)), (1, (1, 0))}), keep_ir=frozenset({0e})
2025-09-17 19:30:43.413 DEBUG: Normalized paths for operand 3 in w,a,b,i+abiw operands=[(4,)],[(16,)],[(16,)],[(1,)] paths=[op0[0]*op1[0]*op2[0]*op3[0]*c c.shape=(16, 16, 1, 4) c.nnz=16]: got w,a,b,i+abiw operands=[(4,)],[(16,)],[(16,)],[(1,)] paths=[op0[0]*op1[0]*op2[0]*op3[0]*c c.shape=(16, 16, 1, 4) c.nnz=16]
2025-09-17 19:30:43.414 DEBUG: Flattened abiw in w,a,b,i+abiw operands=[(4,)],[(16,)],[(16,)],[(1,)] paths=[op0[0]*op1[0]*op2[0]*op3[0]*c c.shape=(16, 16, 1, 4) c.nnz=16]: got ,,, sizes=4,16,16,1 num_segments=4,16,16,1 num_paths=16
2025-09-17 19:30:43.415 DEBUG: _reduced_tensor_product_basis (0e+1o+2e+3o, 0e+1o+2e+3o, 0e+1o+2e+3o), frozenset({(1, (0, 1, 2)), (1, (1, 0, 2)), (1, (2, 0, 1)), (1, (1, 2, 0)), (1, (0, 2, 1)), (1, (2, 1, 0))}), keep_ir=frozenset({0e}), use _optimized_reduced_symmetric_tensor_product_basis
2025-09-17 19:30:43.416 DEBUG: _reduced_tensor_product_basis (0e,), frozenset({(1, (0,))}), keep_ir=frozenset({0e, 2o, 3o, 2e, 3e, 5o, 6e, 1e, 1o, 5e, 4o, 4e})
2025-09-17 19:30:43.417 DEBUG: _reduced_tensor_product_basis (0e, 0e), frozenset({(1, (0, 1)), (1, (1, 0))}), keep_ir=frozenset({0e, 1o, 3o, 2e})
2025-09-17 19:30:43.418 DEBUG: _reduced_tensor_product_basis (0e, 0e, 0e), frozenset({(1, (0, 1, 2)), (1, (1, 0, 2)), (1, (2, 0, 1)), (1, (1, 2, 0)), (1, (0, 2, 1)), (1, (2, 1, 0))}), keep_ir=frozenset({0e})
2025-09-17 19:30:43.419 DEBUG: _reduced_tensor_product_basis (1o,), frozenset({(1, (0,))}), keep_ir=frozenset({0e, 2o, 3o, 2e, 3e, 5o, 6e, 1e, 1o, 5e, 4o, 4e})
2025-09-17 19:30:43.420 DEBUG: _reduced_tensor_product_basis (1o, 1o), frozenset({(1, (0, 1)), (1, (1, 0))}), keep_ir=frozenset({0e, 1o, 3o, 2e})
2025-09-17 19:30:43.422 DEBUG: _reduced_tensor_product_basis (1o, 1o, 1o), frozenset({(1, (0, 1, 2)), (1, (1, 0, 2)), (1, (2, 0, 1)), (1, (1, 2, 0)), (1, (0, 2, 1)), (1, (2, 1, 0))}), keep_ir=frozenset({0e})
2025-09-17 19:30:43.422 DEBUG: _reduced_tensor_product_basis (1o, 1o), frozenset({(1, (0, 1)), (1, (1, 0))}), keep_ir=frozenset({1o})
2025-09-17 19:30:43.423 DEBUG: _reduced_tensor_product_basis (2e,), frozenset({(1, (0,))}), keep_ir=frozenset({0e, 2o, 3o, 2e, 3e, 5o, 6e, 1e, 1o, 5e, 4o, 4e})
2025-09-17 19:30:43.424 DEBUG: _reduced_tensor_product_basis (2e, 2e), frozenset({(1, (0, 1)), (1, (1, 0))}), keep_ir=frozenset({0e, 1o, 3o, 2e})
2025-09-17 19:30:43.426 DEBUG: _reduced_tensor_product_basis (2e, 2e, 2e), frozenset({(1, (0, 1, 2)), (1, (1, 0, 2)), (1, (2, 0, 1)), (1, (1, 2, 0)), (1, (0, 2, 1)), (1, (2, 1, 0))}), keep_ir=frozenset({0e})
2025-09-17 19:30:43.427 DEBUG: _reduced_tensor_product_basis (2e, 2e), frozenset({(1, (0, 1)), (1, (1, 0))}), keep_ir=frozenset({2e})
2025-09-17 19:30:43.429 DEBUG: _reduced_tensor_product_basis (3o,), frozenset({(1, (0,))}), keep_ir=frozenset({0e, 2o, 3o, 2e, 3e, 5o, 6e, 1e, 1o, 5e, 4o, 4e})
2025-09-17 19:30:43.429 DEBUG: _reduced_tensor_product_basis (3o, 3o), frozenset({(1, (0, 1)), (1, (1, 0))}), keep_ir=frozenset({0e, 1o, 3o, 2e})
2025-09-17 19:30:43.431 DEBUG: _reduced_tensor_product_basis (3o, 3o, 3o), frozenset({(1, (0, 1, 2)), (1, (1, 0, 2)), (1, (2, 0, 1)), (1, (1, 2, 0)), (1, (0, 2, 1)), (1, (2, 1, 0))}), keep_ir=frozenset({0e})
2025-09-17 19:30:43.432 DEBUG: _reduced_tensor_product_basis (3o, 3o), frozenset({(1, (0, 1)), (1, (1, 0))}), keep_ir=frozenset({3o})
2025-09-17 19:30:43.452 DEBUG: Normalized paths for operand 4 in w,a,b,c,i+abciw operands=[(8,)],[(16,)],[(16,)],[(16,)],[(1,)] paths=[op0[0]*op1[0]*op2[0]*op3[0]*op4[0]*c c.shape=(16, 16, 16, 1, 8) c.nnz=353]: got w,a,b,c,i+abciw operands=[(8,)],[(16,)],[(16,)],[(16,)],[(1,)] paths=[op0[0]*op1[0]*op2[0]*op3[0]*op4[0]*c c.shape=(16, 16, 16, 1, 8) c.nnz=353]
2025-09-17 19:30:43.462 DEBUG: Flattened abciw in w,a,b,c,i+abciw operands=[(8,)],[(16,)],[(16,)],[(16,)],[(1,)] paths=[op0[0]*op1[0]*op2[0]*op3[0]*op4[0]*c c.shape=(16, 16, 16, 1, 8) c.nnz=353]: got ,,,, sizes=8,16,16,16,1 num_segments=8,16,16,16,1 num_paths=353
2025-09-17 19:30:43.523 DEBUG: Split u in u,u,u sizes=4096,3328,256 num_segments=16,13,1 num_paths=1 u=256: got u,u,u sizes=4096,3328,256 num_segments=16,13,1 num_paths=1 u=256
2025-09-17 19:30:43.525 DEBUG: Split u in u,u,u,u sizes=4096,4096,3328,256 num_segments=16,16,13,1 num_paths=16 u=256: got u,u,u,u sizes=4096,4096,3328,256 num_segments=16,16,13,1 num_paths=16 u=256
2025-09-17 19:30:43.533 DEBUG: Split u in u,u,u,u,u sizes=4096,4096,4096,3328,256 num_segments=16,16,16,13,1 num_paths=77 u=256: got u,u,u,u,u sizes=4096,4096,4096,3328,256 num_segments=16,16,16,13,1 num_paths=77 u=256
2025-09-17 19:30:43.534 DEBUG: cuequivariance_ops_torch.SymmetricTensorContraction(
    path_segment_indices=[[0, 0, 0], [0, 0, 1, 0], [1, 1, 2, 0], [2, 2, 2, 0], [3, 3, 2, 0], [4, 4, 3, 0], [5, 5, 3, 0], [6, 6, 3, 0], [7, 7, 3, 0], [8, 8, 3, 0], [9, 9, 4, 0], [10, 10, 4, 0], [11, 11, 4, 0], [12, 12, 4, 0], [13, 13, 4, 0], [14, 14, 4, 0], [15, 15, 4, 0], [0, 0, 0, 5, 0], [0, 1, 1, 6, 0], [0, 2, 2, 6, 0], [0, 3, 3, 6, 0], [0, 4, 4, 7, 0], [0, 5, 5, 7, 0], [0, 6, 6, 7, 0], [0, 7, 7, 7, 0], [0, 8, 8, 7, 0], [0, 9, 9, 8, 0], [0, 10, 10, 8, 0], [0, 11, 11, 8, 0], [0, 12, 12, 8, 0], [0, 13, 13, 8, 0], [0, 14, 14, 8, 0], [0, 15, 15, 8, 0], [1, 1, 6, 9, 0], [1, 1, 8, 9, 0], [1, 2, 5, 9, 0], [1, 3, 4, 9, 0], [1, 4, 13, 10, 0], [1, 4, 15, 10, 0], [1, 5, 12, 10, 0], [1, 5, 14, 10, 0], [1, 6, 11, 10, 0], [1, 7, 10, 10, 0], [1, 8, 9, 10, 0], [1, 8, 11, 10, 0], [2, 2, 6, 9, 0], [2, 3, 7, 9, 0], [2, 4, 10, 10, 0], [2, 5, 11, 10, 0], [2, 6, 12, 10, 0], [2, 7, 13, 10, 0], [2, 8, 14, 10, 0], [3, 3, 6, 9, 0], [3, 3, 8, 9, 0], [3, 4, 9, 10, 0], [3, 4, 11, 10, 0], [3, 5, 10, 10, 0], [3, 6, 13, 10, 0], [3, 7, 12, 10, 0], [3, 7, 14, 10, 0], [3, 8, 13, 10, 0], [3, 8, 15, 10, 0], [4, 4, 6, 11, 0], [4, 5, 7, 11, 0], [4, 9, 13, 12, 0], [4, 10, 12, 12, 0], [4, 11, 13, 12, 0], [4, 11, 15, 12, 0], [5, 5, 6, 11, 0], [5, 5, 8, 11, 0], [5, 9, 14, 12, 0], [5, 10, 13, 12, 0], [5, 10, 15, 12, 0], [5, 11, 12, 12, 0], [5, 11, 14, 12, 0], [6, 6, 6, 11, 0], [6, 7, 7, 11, 0], [6, 8, 8, 11, 0], [6, 9, 9, 12, 0], [6, 11, 11, 12, 0], [6, 12, 12, 12, 0], [6, 13, 13, 12, 0], [6, 15, 15, 12, 0], [7, 7, 8, 11, 0], [7, 9, 10, 12, 0], [7, 10, 11, 12, 0], [7, 12, 13, 12, 0], [7, 13, 14, 12, 0], [7, 14, 15, 12, 0], [8, 9, 11, 12, 0], [8, 11, 11, 12, 0], [8, 12, 14, 12, 0], [8, 13, 13, 12, 0], [8, 13, 15, 12, 0]],
    path_coefficients=[1.0, 0.5000000057903811, 0.2886751327566827, 0.2886751327566827, 0.2886751327566827, 0.22360679766209263, 0.22360679766209263, 0.22360679766209263, 0.22360679766209263, 0.22360679766209263, 0.1889822355936715, 0.1889822355936715, 0.1889822355936715, 0.1889822355936715, 0.1889822355936715, 0.1889822355936715, 0.1889822355936715, 0.35355339629587457, 0.35355338995021635, 0.35355338995021635, 0.35355338995021635, 0.27386127989063797, 0.27386127989063797, 0.27386127989063797, 0.27386127989063797, 0.27386127989063797, 0.23145502488026914, 0.23145502488026914, 0.23145502488026914, 0.23145502488026914, 0.23145502488026914, 0.23145502488026914, 0.23145502488026914, -0.11180339524661959, -0.19364916480093286, 0.3872983296018658, 0.3872983296018658, -0.05976142944027106, -0.23145502091908515, -0.14638499939463337, -0.18898223306138456, 0.20701966635493127, 0.18898223306138456, 0.23145502091908515, 0.05976142944027106, 0.22360679049323917, 0.3872983296018658, 0.18898223306138456, 0.23904571776108424, 0.25354628351490566, 0.23904571776108424, 0.18898223306138456, -0.11180339524661959, 0.19364916480093286, 0.23145502091908515, -0.05976142944027106, 0.18898223306138456, 0.20701966635493127, -0.14638499939463337, 0.18898223306138456, -0.05976142944027106, 0.23145502091908515, -0.25354627272272684, 0.4391550405601125, -0.1336306270755764, -0.2672612541511528, 0.20701966526766233, 0.1336306270755764, 0.12677313636136342, -0.21957752028005623, 0.21128856196166687, 0.16366341388300795, -0.21128856196166687, 0.08451542968168803, -0.16366341388300795, 0.08451542424090895, 0.12677313636136342, -0.25354627272272684, -0.1494035817028999, 0.08964214575705909, 0.1195228637299795, 0.08964214575705909, -0.1494035817028999, 0.21957752028005623, 0.21128856196166687, 0.16366341388300795, 0.08451542968168803, 0.16366341388300795, 0.21128856196166687, -0.1336306270755764, -0.10350983263383118, -0.2672612541511528, 0.10350983263383118, -0.1336306270755764],
    num_in_segments=16,
    num_couplings=13,
    num_out_segments=1,
    correlation=3,
    math_dtype=torch.float32,
        )
2025-09-17 19:30:43.535 DEBUG: Normalized paths for operand 2 in uv,iu,iv operands=[(256, 256)],[(1, 256)],[(1, 256)] paths=[op0[0]*op1[0]*op2[0]*1.]: got uv,iu,iv operands=[(256, 256)],[(1, 256)],[(1, 256)] paths=[op0[0]*op1[0]*op2[0]*0.06]
2025-09-17 19:30:43.544 DEBUG: Normalized paths for operand 2 in uv,iu,iv operands=[(256, 16)],[(1, 256)],[(1, 16)] paths=[op0[0]*op1[0]*op2[0]*1.]: got uv,iu,iv operands=[(256, 16)],[(1, 256)],[(1, 16)] paths=[op0[0]*op1[0]*op2[0]*0.06]
2025-09-17 19:30:43.575 DEBUG: Normalized paths for operand 2 in uv,iu,iv operands=[(16, 1)],[(1, 16)],[(1, 1)] paths=[op0[0]*op1[0]*op2[0]*1.]: got uv,iu,iv operands=[(16, 1)],[(1, 16)],[(1, 1)] paths=[op0[0]*op1[0]*op2[0]*0.25]
2025-09-17 19:30:43.744 DEBUG: Transferring additional key: radial_embedding.bessel_fn.prefactor
2025-09-17 19:30:43.744 DEBUG: Transferring additional key: atomic_numbers
2025-09-17 19:30:43.745 DEBUG: Transferring additional key: radial_embedding.cutoff_fn.r_max
2025-09-17 19:30:43.745 DEBUG: Transferring additional key: radial_embedding.bessel_fn.r_max
2025-09-17 19:30:43.746 DEBUG: Transferring additional key: r_max
2025-09-17 19:30:43.746 DEBUG: Transferring additional key: radial_embedding.cutoff_fn.p
2025-09-17 19:30:43.746 DEBUG: Transferring additional key: num_interactions
2025-09-17 19:30:43.753 INFO: Stage Two (after 100 epochs) with loss function: WeightedEnergyForcesLoss(energy_weight=1000.000, forces_weight=100.000), with energy weight : 1000.0, forces weight : 100.0 and learning rate : 0.001
2025-09-17 19:30:43.885 WARNING: Cannot find checkpoint with tag 'demo_run-42' in './ckps'
2025-09-17 19:30:43.887 INFO: Using gradient clipping with tolerance=10.000
2025-09-17 19:30:43.887 INFO: 
2025-09-17 19:30:43.888 INFO: ===========TRAINING===========
2025-09-17 19:30:43.895 INFO: Started training, reporting errors on validation set
2025-09-17 19:30:43.895 INFO: Loss metrics on validation set
2025-09-17 19:30:44.306 DEBUG: Calling TensorProductUniform4x1d: u,u,,u sizes=1024,256,16,4096 num_segments=4,1,16,16 num_paths=16 u=256, input shapes: torch.Size([1476, 1024]), torch.Size([1476, 256]), torch.Size([1476, 16])
2025-09-17 19:30:44.613 DEBUG: Calling SymmetricTensorContraction: [u,u,u sizes=4096,12544,2304 num_segments=16,49,9 num_paths=9 u=256, u,u,u,u sizes=4096,4096,12544,2304 num_segments=16,16,49,9 num_paths=125 u=256, u,u,u,u,u sizes=4096,4096,4096,12544,2304 num_segments=16,16,16,49,9 num_paths=1093 u=256], input shapes: torch.Size([7, 49, 256]), torch.Size([126]), torch.Size([126, 16, 256])
2025-09-17 19:30:45.285 DEBUG: Calling TensorProductUniform4x1d: u,u,,u sizes=4352,2304,16,18176 num_segments=17,9,16,71 num_paths=215 u=256, input shapes: torch.Size([1476, 4352]), torch.Size([1476, 2304]), torch.Size([1476, 16])
2025-09-17 19:30:45.493 DEBUG: Calling SymmetricTensorContraction: [u,u,u sizes=4096,3328,256 num_segments=16,13,1 num_paths=1 u=256, u,u,u,u sizes=4096,4096,3328,256 num_segments=16,16,13,1 num_paths=16 u=256, u,u,u,u,u sizes=4096,4096,4096,3328,256 num_segments=16,16,16,13,1 num_paths=77 u=256], input shapes: torch.Size([7, 13, 256]), torch.Size([126]), torch.Size([126, 16, 256])
2025-09-17 19:30:48.427 DEBUG: Calling TensorProductUniform4x1d: u,u,,u sizes=1024,256,16,4096 num_segments=4,1,16,16 num_paths=16 u=256, input shapes: torch.Size([1596, 1024]), torch.Size([1596, 256]), torch.Size([1596, 16])
2025-09-17 19:30:48.524 DEBUG: Calling SymmetricTensorContraction: [u,u,u sizes=4096,12544,2304 num_segments=16,49,9 num_paths=9 u=256, u,u,u,u sizes=4096,4096,12544,2304 num_segments=16,16,49,9 num_paths=125 u=256, u,u,u,u,u sizes=4096,4096,4096,12544,2304 num_segments=16,16,16,49,9 num_paths=1093 u=256], input shapes: torch.Size([7, 49, 256]), torch.Size([132]), torch.Size([132, 16, 256])
2025-09-17 19:30:48.529 DEBUG: Calling TensorProductUniform4x1d: u,u,,u sizes=4352,2304,16,18176 num_segments=17,9,16,71 num_paths=215 u=256, input shapes: torch.Size([1596, 4352]), torch.Size([1596, 2304]), torch.Size([1596, 16])
2025-09-17 19:30:48.572 DEBUG: Calling SymmetricTensorContraction: [u,u,u sizes=4096,3328,256 num_segments=16,13,1 num_paths=1 u=256, u,u,u,u sizes=4096,4096,3328,256 num_segments=16,16,13,1 num_paths=16 u=256, u,u,u,u,u sizes=4096,4096,4096,3328,256 num_segments=16,16,16,13,1 num_paths=77 u=256], input shapes: torch.Size([7, 13, 256]), torch.Size([132]), torch.Size([132, 16, 256])
2025-09-17 19:30:48.870 DEBUG: Calling TensorProductUniform4x1d: u,u,,u sizes=1024,256,16,4096 num_segments=4,1,16,16 num_paths=16 u=256, input shapes: torch.Size([2006, 1024]), torch.Size([2006, 256]), torch.Size([2006, 16])
2025-09-17 19:30:48.877 DEBUG: Calling SymmetricTensorContraction: [u,u,u sizes=4096,12544,2304 num_segments=16,49,9 num_paths=9 u=256, u,u,u,u sizes=4096,4096,12544,2304 num_segments=16,16,49,9 num_paths=125 u=256, u,u,u,u,u sizes=4096,4096,4096,12544,2304 num_segments=16,16,16,49,9 num_paths=1093 u=256], input shapes: torch.Size([7, 49, 256]), torch.Size([147]), torch.Size([147, 16, 256])
2025-09-17 19:30:48.881 DEBUG: Calling TensorProductUniform4x1d: u,u,,u sizes=4352,2304,16,18176 num_segments=17,9,16,71 num_paths=215 u=256, input shapes: torch.Size([2006, 4352]), torch.Size([2006, 2304]), torch.Size([2006, 16])
2025-09-17 19:30:48.890 DEBUG: Calling SymmetricTensorContraction: [u,u,u sizes=4096,3328,256 num_segments=16,13,1 num_paths=1 u=256, u,u,u,u sizes=4096,4096,3328,256 num_segments=16,16,13,1 num_paths=16 u=256, u,u,u,u,u sizes=4096,4096,4096,3328,256 num_segments=16,16,16,13,1 num_paths=77 u=256], input shapes: torch.Size([7, 13, 256]), torch.Size([147]), torch.Size([147, 16, 256])
2025-09-17 19:30:49.456 DEBUG: Calling TensorProductUniform4x1d: u,u,,u sizes=1024,256,16,4096 num_segments=4,1,16,16 num_paths=16 u=256, input shapes: torch.Size([1958, 1024]), torch.Size([1958, 256]), torch.Size([1958, 16])
2025-09-17 19:30:49.464 DEBUG: Calling SymmetricTensorContraction: [u,u,u sizes=4096,12544,2304 num_segments=16,49,9 num_paths=9 u=256, u,u,u,u sizes=4096,4096,12544,2304 num_segments=16,16,49,9 num_paths=125 u=256, u,u,u,u,u sizes=4096,4096,4096,12544,2304 num_segments=16,16,16,49,9 num_paths=1093 u=256], input shapes: torch.Size([7, 49, 256]), torch.Size([144]), torch.Size([144, 16, 256])
2025-09-17 19:30:49.468 DEBUG: Calling TensorProductUniform4x1d: u,u,,u sizes=4352,2304,16,18176 num_segments=17,9,16,71 num_paths=215 u=256, input shapes: torch.Size([1958, 4352]), torch.Size([1958, 2304]), torch.Size([1958, 16])
2025-09-17 19:30:49.473 DEBUG: Calling SymmetricTensorContraction: [u,u,u sizes=4096,3328,256 num_segments=16,13,1 num_paths=1 u=256, u,u,u,u sizes=4096,4096,3328,256 num_segments=16,16,13,1 num_paths=16 u=256, u,u,u,u,u sizes=4096,4096,4096,3328,256 num_segments=16,16,16,13,1 num_paths=77 u=256], input shapes: torch.Size([7, 13, 256]), torch.Size([144]), torch.Size([144, 16, 256])
2025-09-17 19:30:50.094 DEBUG: Calling TensorProductUniform4x1d: u,u,,u sizes=1024,256,16,4096 num_segments=4,1,16,16 num_paths=16 u=256, input shapes: torch.Size([1328, 1024]), torch.Size([1328, 256]), torch.Size([1328, 16])
2025-09-17 19:30:50.101 DEBUG: Calling SymmetricTensorContraction: [u,u,u sizes=4096,12544,2304 num_segments=16,49,9 num_paths=9 u=256, u,u,u,u sizes=4096,4096,12544,2304 num_segments=16,16,49,9 num_paths=125 u=256, u,u,u,u,u sizes=4096,4096,4096,12544,2304 num_segments=16,16,16,49,9 num_paths=1093 u=256], input shapes: torch.Size([7, 49, 256]), torch.Size([118]), torch.Size([118, 16, 256])
2025-09-17 19:30:50.106 DEBUG: Calling TensorProductUniform4x1d: u,u,,u sizes=4352,2304,16,18176 num_segments=17,9,16,71 num_paths=215 u=256, input shapes: torch.Size([1328, 4352]), torch.Size([1328, 2304]), torch.Size([1328, 16])
2025-09-17 19:30:50.110 DEBUG: Calling SymmetricTensorContraction: [u,u,u sizes=4096,3328,256 num_segments=16,13,1 num_paths=1 u=256, u,u,u,u sizes=4096,4096,3328,256 num_segments=16,16,13,1 num_paths=16 u=256, u,u,u,u,u sizes=4096,4096,4096,3328,256 num_segments=16,16,16,13,1 num_paths=77 u=256], input shapes: torch.Size([7, 13, 256]), torch.Size([118]), torch.Size([118, 16, 256])
2025-09-17 19:30:50.412 DEBUG: Calling TensorProductUniform4x1d: u,u,,u sizes=1024,256,16,4096 num_segments=4,1,16,16 num_paths=16 u=256, input shapes: torch.Size([1562, 1024]), torch.Size([1562, 256]), torch.Size([1562, 16])
2025-09-17 19:30:50.421 DEBUG: Calling SymmetricTensorContraction: [u,u,u sizes=4096,12544,2304 num_segments=16,49,9 num_paths=9 u=256, u,u,u,u sizes=4096,4096,12544,2304 num_segments=16,16,49,9 num_paths=125 u=256, u,u,u,u,u sizes=4096,4096,4096,12544,2304 num_segments=16,16,16,49,9 num_paths=1093 u=256], input shapes: torch.Size([7, 49, 256]), torch.Size([128]), torch.Size([128, 16, 256])
2025-09-17 19:30:50.426 DEBUG: Calling TensorProductUniform4x1d: u,u,,u sizes=4352,2304,16,18176 num_segments=17,9,16,71 num_paths=215 u=256, input shapes: torch.Size([1562, 4352]), torch.Size([1562, 2304]), torch.Size([1562, 16])
2025-09-17 19:30:50.432 DEBUG: Calling SymmetricTensorContraction: [u,u,u sizes=4096,3328,256 num_segments=16,13,1 num_paths=1 u=256, u,u,u,u sizes=4096,4096,3328,256 num_segments=16,16,13,1 num_paths=16 u=256, u,u,u,u,u sizes=4096,4096,4096,3328,256 num_segments=16,16,16,13,1 num_paths=77 u=256], input shapes: torch.Size([7, 13, 256]), torch.Size([128]), torch.Size([128, 16, 256])
2025-09-17 19:30:50.457 DEBUG: Calling TensorProductUniform4x1d: u,u,,u sizes=1024,256,16,4096 num_segments=4,1,16,16 num_paths=16 u=256, input shapes: torch.Size([1494, 1024]), torch.Size([1494, 256]), torch.Size([1494, 16])
2025-09-17 19:30:50.467 DEBUG: Calling SymmetricTensorContraction: [u,u,u sizes=4096,12544,2304 num_segments=16,49,9 num_paths=9 u=256, u,u,u,u sizes=4096,4096,12544,2304 num_segments=16,16,49,9 num_paths=125 u=256, u,u,u,u,u sizes=4096,4096,4096,12544,2304 num_segments=16,16,16,49,9 num_paths=1093 u=256], input shapes: torch.Size([7, 49, 256]), torch.Size([126]), torch.Size([126, 16, 256])
2025-09-17 19:30:50.471 DEBUG: Calling TensorProductUniform4x1d: u,u,,u sizes=4352,2304,16,18176 num_segments=17,9,16,71 num_paths=215 u=256, input shapes: torch.Size([1494, 4352]), torch.Size([1494, 2304]), torch.Size([1494, 16])
2025-09-17 19:30:50.480 DEBUG: Calling SymmetricTensorContraction: [u,u,u sizes=4096,3328,256 num_segments=16,13,1 num_paths=1 u=256, u,u,u,u sizes=4096,4096,3328,256 num_segments=16,16,13,1 num_paths=16 u=256, u,u,u,u,u sizes=4096,4096,4096,3328,256 num_segments=16,16,16,13,1 num_paths=77 u=256], input shapes: torch.Size([7, 13, 256]), torch.Size([126]), torch.Size([126, 16, 256])
2025-09-17 19:30:50.508 DEBUG: Calling TensorProductUniform4x1d: u,u,,u sizes=1024,256,16,4096 num_segments=4,1,16,16 num_paths=16 u=256, input shapes: torch.Size([1518, 1024]), torch.Size([1518, 256]), torch.Size([1518, 16])
2025-09-17 19:30:50.518 DEBUG: Calling SymmetricTensorContraction: [u,u,u sizes=4096,12544,2304 num_segments=16,49,9 num_paths=9 u=256, u,u,u,u sizes=4096,4096,12544,2304 num_segments=16,16,49,9 num_paths=125 u=256, u,u,u,u,u sizes=4096,4096,4096,12544,2304 num_segments=16,16,16,49,9 num_paths=1093 u=256], input shapes: torch.Size([7, 49, 256]), torch.Size([130]), torch.Size([130, 16, 256])
2025-09-17 19:30:50.523 DEBUG: Calling TensorProductUniform4x1d: u,u,,u sizes=4352,2304,16,18176 num_segments=17,9,16,71 num_paths=215 u=256, input shapes: torch.Size([1518, 4352]), torch.Size([1518, 2304]), torch.Size([1518, 16])
2025-09-17 19:30:50.530 DEBUG: Calling SymmetricTensorContraction: [u,u,u sizes=4096,3328,256 num_segments=16,13,1 num_paths=1 u=256, u,u,u,u sizes=4096,4096,3328,256 num_segments=16,16,13,1 num_paths=16 u=256, u,u,u,u,u sizes=4096,4096,4096,3328,256 num_segments=16,16,16,13,1 num_paths=77 u=256], input shapes: torch.Size([7, 13, 256]), torch.Size([130]), torch.Size([130, 16, 256])
2025-09-17 19:30:50.558 DEBUG: Calling TensorProductUniform4x1d: u,u,,u sizes=1024,256,16,4096 num_segments=4,1,16,16 num_paths=16 u=256, input shapes: torch.Size([1590, 1024]), torch.Size([1590, 256]), torch.Size([1590, 16])
2025-09-17 19:30:50.568 DEBUG: Calling SymmetricTensorContraction: [u,u,u sizes=4096,12544,2304 num_segments=16,49,9 num_paths=9 u=256, u,u,u,u sizes=4096,4096,12544,2304 num_segments=16,16,49,9 num_paths=125 u=256, u,u,u,u,u sizes=4096,4096,4096,12544,2304 num_segments=16,16,16,49,9 num_paths=1093 u=256], input shapes: torch.Size([7, 49, 256]), torch.Size([129]), torch.Size([129, 16, 256])
2025-09-17 19:30:50.574 DEBUG: Calling TensorProductUniform4x1d: u,u,,u sizes=4352,2304,16,18176 num_segments=17,9,16,71 num_paths=215 u=256, input shapes: torch.Size([1590, 4352]), torch.Size([1590, 2304]), torch.Size([1590, 16])
2025-09-17 19:30:50.581 DEBUG: Calling SymmetricTensorContraction: [u,u,u sizes=4096,3328,256 num_segments=16,13,1 num_paths=1 u=256, u,u,u,u sizes=4096,4096,3328,256 num_segments=16,16,13,1 num_paths=16 u=256, u,u,u,u,u sizes=4096,4096,4096,3328,256 num_segments=16,16,16,13,1 num_paths=77 u=256], input shapes: torch.Size([7, 13, 256]), torch.Size([129]), torch.Size([129, 16, 256])
2025-09-17 19:30:50.612 DEBUG: Calling TensorProductUniform4x1d: u,u,,u sizes=1024,256,16,4096 num_segments=4,1,16,16 num_paths=16 u=256, input shapes: torch.Size([1524, 1024]), torch.Size([1524, 256]), torch.Size([1524, 16])
2025-09-17 19:30:50.621 DEBUG: Calling SymmetricTensorContraction: [u,u,u sizes=4096,12544,2304 num_segments=16,49,9 num_paths=9 u=256, u,u,u,u sizes=4096,4096,12544,2304 num_segments=16,16,49,9 num_paths=125 u=256, u,u,u,u,u sizes=4096,4096,4096,12544,2304 num_segments=16,16,16,49,9 num_paths=1093 u=256], input shapes: torch.Size([7, 49, 256]), torch.Size([126]), torch.Size([126, 16, 256])
2025-09-17 19:30:50.626 DEBUG: Calling TensorProductUniform4x1d: u,u,,u sizes=4352,2304,16,18176 num_segments=17,9,16,71 num_paths=215 u=256, input shapes: torch.Size([1524, 4352]), torch.Size([1524, 2304]), torch.Size([1524, 16])
2025-09-17 19:30:50.632 DEBUG: Calling SymmetricTensorContraction: [u,u,u sizes=4096,3328,256 num_segments=16,13,1 num_paths=1 u=256, u,u,u,u sizes=4096,4096,3328,256 num_segments=16,16,13,1 num_paths=16 u=256, u,u,u,u,u sizes=4096,4096,4096,3328,256 num_segments=16,16,16,13,1 num_paths=77 u=256], input shapes: torch.Size([7, 13, 256]), torch.Size([126]), torch.Size([126, 16, 256])
2025-09-17 19:30:50.660 DEBUG: Calling TensorProductUniform4x1d: u,u,,u sizes=1024,256,16,4096 num_segments=4,1,16,16 num_paths=16 u=256, input shapes: torch.Size([1404, 1024]), torch.Size([1404, 256]), torch.Size([1404, 16])
2025-09-17 19:30:50.669 DEBUG: Calling SymmetricTensorContraction: [u,u,u sizes=4096,12544,2304 num_segments=16,49,9 num_paths=9 u=256, u,u,u,u sizes=4096,4096,12544,2304 num_segments=16,16,49,9 num_paths=125 u=256, u,u,u,u,u sizes=4096,4096,4096,12544,2304 num_segments=16,16,16,49,9 num_paths=1093 u=256], input shapes: torch.Size([7, 49, 256]), torch.Size([123]), torch.Size([123, 16, 256])
2025-09-17 19:30:50.674 DEBUG: Calling TensorProductUniform4x1d: u,u,,u sizes=4352,2304,16,18176 num_segments=17,9,16,71 num_paths=215 u=256, input shapes: torch.Size([1404, 4352]), torch.Size([1404, 2304]), torch.Size([1404, 16])
2025-09-17 19:30:50.680 DEBUG: Calling SymmetricTensorContraction: [u,u,u sizes=4096,3328,256 num_segments=16,13,1 num_paths=1 u=256, u,u,u,u sizes=4096,4096,3328,256 num_segments=16,16,13,1 num_paths=16 u=256, u,u,u,u,u sizes=4096,4096,4096,3328,256 num_segments=16,16,16,13,1 num_paths=77 u=256], input shapes: torch.Size([7, 13, 256]), torch.Size([123]), torch.Size([123, 16, 256])
2025-09-17 19:30:50.707 DEBUG: Calling TensorProductUniform4x1d: u,u,,u sizes=1024,256,16,4096 num_segments=4,1,16,16 num_paths=16 u=256, input shapes: torch.Size([1736, 1024]), torch.Size([1736, 256]), torch.Size([1736, 16])
2025-09-17 19:30:50.717 DEBUG: Calling SymmetricTensorContraction: [u,u,u sizes=4096,12544,2304 num_segments=16,49,9 num_paths=9 u=256, u,u,u,u sizes=4096,4096,12544,2304 num_segments=16,16,49,9 num_paths=125 u=256, u,u,u,u,u sizes=4096,4096,4096,12544,2304 num_segments=16,16,16,49,9 num_paths=1093 u=256], input shapes: torch.Size([7, 49, 256]), torch.Size([136]), torch.Size([136, 16, 256])
2025-09-17 19:30:50.721 DEBUG: Calling TensorProductUniform4x1d: u,u,,u sizes=4352,2304,16,18176 num_segments=17,9,16,71 num_paths=215 u=256, input shapes: torch.Size([1736, 4352]), torch.Size([1736, 2304]), torch.Size([1736, 16])
2025-09-17 19:30:50.728 DEBUG: Calling SymmetricTensorContraction: [u,u,u sizes=4096,3328,256 num_segments=16,13,1 num_paths=1 u=256, u,u,u,u sizes=4096,4096,3328,256 num_segments=16,16,13,1 num_paths=16 u=256, u,u,u,u,u sizes=4096,4096,4096,3328,256 num_segments=16,16,16,13,1 num_paths=77 u=256], input shapes: torch.Size([7, 13, 256]), torch.Size([136]), torch.Size([136, 16, 256])
2025-09-17 19:30:50.757 DEBUG: Calling TensorProductUniform4x1d: u,u,,u sizes=1024,256,16,4096 num_segments=4,1,16,16 num_paths=16 u=256, input shapes: torch.Size([1788, 1024]), torch.Size([1788, 256]), torch.Size([1788, 16])
2025-09-17 19:30:50.786 DEBUG: Calling SymmetricTensorContraction: [u,u,u sizes=4096,12544,2304 num_segments=16,49,9 num_paths=9 u=256, u,u,u,u sizes=4096,4096,12544,2304 num_segments=16,16,49,9 num_paths=125 u=256, u,u,u,u,u sizes=4096,4096,4096,12544,2304 num_segments=16,16,16,49,9 num_paths=1093 u=256], input shapes: torch.Size([7, 49, 256]), torch.Size([136]), torch.Size([136, 16, 256])
2025-09-17 19:30:50.791 DEBUG: Calling TensorProductUniform4x1d: u,u,,u sizes=4352,2304,16,18176 num_segments=17,9,16,71 num_paths=215 u=256, input shapes: torch.Size([1788, 4352]), torch.Size([1788, 2304]), torch.Size([1788, 16])
2025-09-17 19:30:50.799 DEBUG: Calling SymmetricTensorContraction: [u,u,u sizes=4096,3328,256 num_segments=16,13,1 num_paths=1 u=256, u,u,u,u sizes=4096,4096,3328,256 num_segments=16,16,13,1 num_paths=16 u=256, u,u,u,u,u sizes=4096,4096,4096,3328,256 num_segments=16,16,16,13,1 num_paths=77 u=256], input shapes: torch.Size([7, 13, 256]), torch.Size([136]), torch.Size([136, 16, 256])
2025-09-17 19:30:50.836 DEBUG: Calling TensorProductUniform4x1d: u,u,,u sizes=1024,256,16,4096 num_segments=4,1,16,16 num_paths=16 u=256, input shapes: torch.Size([1454, 1024]), torch.Size([1454, 256]), torch.Size([1454, 16])
2025-09-17 19:30:50.857 DEBUG: Calling SymmetricTensorContraction: [u,u,u sizes=4096,12544,2304 num_segments=16,49,9 num_paths=9 u=256, u,u,u,u sizes=4096,4096,12544,2304 num_segments=16,16,49,9 num_paths=125 u=256, u,u,u,u,u sizes=4096,4096,4096,12544,2304 num_segments=16,16,16,49,9 num_paths=1093 u=256], input shapes: torch.Size([7, 49, 256]), torch.Size([124]), torch.Size([124, 16, 256])
2025-09-17 19:30:50.865 DEBUG: Calling TensorProductUniform4x1d: u,u,,u sizes=4352,2304,16,18176 num_segments=17,9,16,71 num_paths=215 u=256, input shapes: torch.Size([1454, 4352]), torch.Size([1454, 2304]), torch.Size([1454, 16])
2025-09-17 19:30:50.876 DEBUG: Calling SymmetricTensorContraction: [u,u,u sizes=4096,3328,256 num_segments=16,13,1 num_paths=1 u=256, u,u,u,u sizes=4096,4096,3328,256 num_segments=16,16,13,1 num_paths=16 u=256, u,u,u,u,u sizes=4096,4096,4096,3328,256 num_segments=16,16,16,13,1 num_paths=77 u=256], input shapes: torch.Size([7, 13, 256]), torch.Size([124]), torch.Size([124, 16, 256])
2025-09-17 19:30:50.901 DEBUG: Calling TensorProductUniform4x1d: u,u,,u sizes=1024,256,16,4096 num_segments=4,1,16,16 num_paths=16 u=256, input shapes: torch.Size([1404, 1024]), torch.Size([1404, 256]), torch.Size([1404, 16])
2025-09-17 19:30:50.909 DEBUG: Calling SymmetricTensorContraction: [u,u,u sizes=4096,12544,2304 num_segments=16,49,9 num_paths=9 u=256, u,u,u,u sizes=4096,4096,12544,2304 num_segments=16,16,49,9 num_paths=125 u=256, u,u,u,u,u sizes=4096,4096,4096,12544,2304 num_segments=16,16,16,49,9 num_paths=1093 u=256], input shapes: torch.Size([7, 49, 256]), torch.Size([122]), torch.Size([122, 16, 256])
2025-09-17 19:30:50.913 DEBUG: Calling TensorProductUniform4x1d: u,u,,u sizes=4352,2304,16,18176 num_segments=17,9,16,71 num_paths=215 u=256, input shapes: torch.Size([1404, 4352]), torch.Size([1404, 2304]), torch.Size([1404, 16])
2025-09-17 19:30:50.918 DEBUG: Calling SymmetricTensorContraction: [u,u,u sizes=4096,3328,256 num_segments=16,13,1 num_paths=1 u=256, u,u,u,u sizes=4096,4096,3328,256 num_segments=16,16,13,1 num_paths=16 u=256, u,u,u,u,u sizes=4096,4096,4096,3328,256 num_segments=16,16,16,13,1 num_paths=77 u=256], input shapes: torch.Size([7, 13, 256]), torch.Size([122]), torch.Size([122, 16, 256])
2025-09-17 19:30:50.945 DEBUG: Calling TensorProductUniform4x1d: u,u,,u sizes=1024,256,16,4096 num_segments=4,1,16,16 num_paths=16 u=256, input shapes: torch.Size([1546, 1024]), torch.Size([1546, 256]), torch.Size([1546, 16])
2025-09-17 19:30:50.953 DEBUG: Calling SymmetricTensorContraction: [u,u,u sizes=4096,12544,2304 num_segments=16,49,9 num_paths=9 u=256, u,u,u,u sizes=4096,4096,12544,2304 num_segments=16,16,49,9 num_paths=125 u=256, u,u,u,u,u sizes=4096,4096,4096,12544,2304 num_segments=16,16,16,49,9 num_paths=1093 u=256], input shapes: torch.Size([7, 49, 256]), torch.Size([127]), torch.Size([127, 16, 256])
2025-09-17 19:30:50.958 DEBUG: Calling TensorProductUniform4x1d: u,u,,u sizes=4352,2304,16,18176 num_segments=17,9,16,71 num_paths=215 u=256, input shapes: torch.Size([1546, 4352]), torch.Size([1546, 2304]), torch.Size([1546, 16])
2025-09-17 19:30:50.964 DEBUG: Calling SymmetricTensorContraction: [u,u,u sizes=4096,3328,256 num_segments=16,13,1 num_paths=1 u=256, u,u,u,u sizes=4096,4096,3328,256 num_segments=16,16,13,1 num_paths=16 u=256, u,u,u,u,u sizes=4096,4096,4096,3328,256 num_segments=16,16,16,13,1 num_paths=77 u=256], input shapes: torch.Size([7, 13, 256]), torch.Size([127]), torch.Size([127, 16, 256])
2025-09-17 19:30:50.987 DEBUG: Calling TensorProductUniform4x1d: u,u,,u sizes=1024,256,16,4096 num_segments=4,1,16,16 num_paths=16 u=256, input shapes: torch.Size([1204, 1024]), torch.Size([1204, 256]), torch.Size([1204, 16])
2025-09-17 19:30:50.995 DEBUG: Calling SymmetricTensorContraction: [u,u,u sizes=4096,12544,2304 num_segments=16,49,9 num_paths=9 u=256, u,u,u,u sizes=4096,4096,12544,2304 num_segments=16,16,49,9 num_paths=125 u=256, u,u,u,u,u sizes=4096,4096,4096,12544,2304 num_segments=16,16,16,49,9 num_paths=1093 u=256], input shapes: torch.Size([7, 49, 256]), torch.Size([113]), torch.Size([113, 16, 256])
2025-09-17 19:30:51.001 DEBUG: Calling TensorProductUniform4x1d: u,u,,u sizes=4352,2304,16,18176 num_segments=17,9,16,71 num_paths=215 u=256, input shapes: torch.Size([1204, 4352]), torch.Size([1204, 2304]), torch.Size([1204, 16])
2025-09-17 19:30:51.006 DEBUG: Calling SymmetricTensorContraction: [u,u,u sizes=4096,3328,256 num_segments=16,13,1 num_paths=1 u=256, u,u,u,u sizes=4096,4096,3328,256 num_segments=16,16,13,1 num_paths=16 u=256, u,u,u,u,u sizes=4096,4096,4096,3328,256 num_segments=16,16,16,13,1 num_paths=77 u=256], input shapes: torch.Size([7, 13, 256]), torch.Size([113]), torch.Size([113, 16, 256])
2025-09-17 19:30:51.040 DEBUG: Calling TensorProductUniform4x1d: u,u,,u sizes=1024,256,16,4096 num_segments=4,1,16,16 num_paths=16 u=256, input shapes: torch.Size([1332, 1024]), torch.Size([1332, 256]), torch.Size([1332, 16])
2025-09-17 19:30:51.048 DEBUG: Calling SymmetricTensorContraction: [u,u,u sizes=4096,12544,2304 num_segments=16,49,9 num_paths=9 u=256, u,u,u,u sizes=4096,4096,12544,2304 num_segments=16,16,49,9 num_paths=125 u=256, u,u,u,u,u sizes=4096,4096,4096,12544,2304 num_segments=16,16,16,49,9 num_paths=1093 u=256], input shapes: torch.Size([7, 49, 256]), torch.Size([120]), torch.Size([120, 16, 256])
2025-09-17 19:30:51.053 DEBUG: Calling TensorProductUniform4x1d: u,u,,u sizes=4352,2304,16,18176 num_segments=17,9,16,71 num_paths=215 u=256, input shapes: torch.Size([1332, 4352]), torch.Size([1332, 2304]), torch.Size([1332, 16])
2025-09-17 19:30:51.059 DEBUG: Calling SymmetricTensorContraction: [u,u,u sizes=4096,3328,256 num_segments=16,13,1 num_paths=1 u=256, u,u,u,u sizes=4096,4096,3328,256 num_segments=16,16,13,1 num_paths=16 u=256, u,u,u,u,u sizes=4096,4096,4096,3328,256 num_segments=16,16,16,13,1 num_paths=77 u=256], input shapes: torch.Size([7, 13, 256]), torch.Size([120]), torch.Size([120, 16, 256])
2025-09-17 19:30:51.089 DEBUG: Calling TensorProductUniform4x1d: u,u,,u sizes=1024,256,16,4096 num_segments=4,1,16,16 num_paths=16 u=256, input shapes: torch.Size([1578, 1024]), torch.Size([1578, 256]), torch.Size([1578, 16])
2025-09-17 19:30:51.100 DEBUG: Calling SymmetricTensorContraction: [u,u,u sizes=4096,12544,2304 num_segments=16,49,9 num_paths=9 u=256, u,u,u,u sizes=4096,4096,12544,2304 num_segments=16,16,49,9 num_paths=125 u=256, u,u,u,u,u sizes=4096,4096,4096,12544,2304 num_segments=16,16,16,49,9 num_paths=1093 u=256], input shapes: torch.Size([7, 49, 256]), torch.Size([130]), torch.Size([130, 16, 256])
2025-09-17 19:30:51.105 DEBUG: Calling TensorProductUniform4x1d: u,u,,u sizes=4352,2304,16,18176 num_segments=17,9,16,71 num_paths=215 u=256, input shapes: torch.Size([1578, 4352]), torch.Size([1578, 2304]), torch.Size([1578, 16])
2025-09-17 19:30:51.114 DEBUG: Calling SymmetricTensorContraction: [u,u,u sizes=4096,3328,256 num_segments=16,13,1 num_paths=1 u=256, u,u,u,u sizes=4096,4096,3328,256 num_segments=16,16,13,1 num_paths=16 u=256, u,u,u,u,u sizes=4096,4096,4096,3328,256 num_segments=16,16,16,13,1 num_paths=77 u=256], input shapes: torch.Size([7, 13, 256]), torch.Size([130]), torch.Size([130, 16, 256])
2025-09-17 19:30:51.145 DEBUG: Calling TensorProductUniform4x1d: u,u,,u sizes=1024,256,16,4096 num_segments=4,1,16,16 num_paths=16 u=256, input shapes: torch.Size([1418, 1024]), torch.Size([1418, 256]), torch.Size([1418, 16])
2025-09-17 19:30:51.153 DEBUG: Calling SymmetricTensorContraction: [u,u,u sizes=4096,12544,2304 num_segments=16,49,9 num_paths=9 u=256, u,u,u,u sizes=4096,4096,12544,2304 num_segments=16,16,49,9 num_paths=125 u=256, u,u,u,u,u sizes=4096,4096,4096,12544,2304 num_segments=16,16,16,49,9 num_paths=1093 u=256], input shapes: torch.Size([7, 49, 256]), torch.Size([124]), torch.Size([124, 16, 256])
2025-09-17 19:30:51.159 DEBUG: Calling TensorProductUniform4x1d: u,u,,u sizes=4352,2304,16,18176 num_segments=17,9,16,71 num_paths=215 u=256, input shapes: torch.Size([1418, 4352]), torch.Size([1418, 2304]), torch.Size([1418, 16])
2025-09-17 19:30:51.164 DEBUG: Calling SymmetricTensorContraction: [u,u,u sizes=4096,3328,256 num_segments=16,13,1 num_paths=1 u=256, u,u,u,u sizes=4096,4096,3328,256 num_segments=16,16,13,1 num_paths=16 u=256, u,u,u,u,u sizes=4096,4096,4096,3328,256 num_segments=16,16,16,13,1 num_paths=77 u=256], input shapes: torch.Size([7, 13, 256]), torch.Size([124]), torch.Size([124, 16, 256])
2025-09-17 19:30:51.192 DEBUG: Calling TensorProductUniform4x1d: u,u,,u sizes=1024,256,16,4096 num_segments=4,1,16,16 num_paths=16 u=256, input shapes: torch.Size([1394, 1024]), torch.Size([1394, 256]), torch.Size([1394, 16])
2025-09-17 19:30:51.200 DEBUG: Calling SymmetricTensorContraction: [u,u,u sizes=4096,12544,2304 num_segments=16,49,9 num_paths=9 u=256, u,u,u,u sizes=4096,4096,12544,2304 num_segments=16,16,49,9 num_paths=125 u=256, u,u,u,u,u sizes=4096,4096,4096,12544,2304 num_segments=16,16,16,49,9 num_paths=1093 u=256], input shapes: torch.Size([7, 49, 256]), torch.Size([123]), torch.Size([123, 16, 256])
2025-09-17 19:30:51.205 DEBUG: Calling TensorProductUniform4x1d: u,u,,u sizes=4352,2304,16,18176 num_segments=17,9,16,71 num_paths=215 u=256, input shapes: torch.Size([1394, 4352]), torch.Size([1394, 2304]), torch.Size([1394, 16])
2025-09-17 19:30:51.211 DEBUG: Calling SymmetricTensorContraction: [u,u,u sizes=4096,3328,256 num_segments=16,13,1 num_paths=1 u=256, u,u,u,u sizes=4096,4096,3328,256 num_segments=16,16,13,1 num_paths=16 u=256, u,u,u,u,u sizes=4096,4096,4096,3328,256 num_segments=16,16,16,13,1 num_paths=77 u=256], input shapes: torch.Size([7, 13, 256]), torch.Size([123]), torch.Size([123, 16, 256])
2025-09-17 19:30:51.240 DEBUG: Calling TensorProductUniform4x1d: u,u,,u sizes=1024,256,16,4096 num_segments=4,1,16,16 num_paths=16 u=256, input shapes: torch.Size([1546, 1024]), torch.Size([1546, 256]), torch.Size([1546, 16])
2025-09-17 19:30:51.248 DEBUG: Calling SymmetricTensorContraction: [u,u,u sizes=4096,12544,2304 num_segments=16,49,9 num_paths=9 u=256, u,u,u,u sizes=4096,4096,12544,2304 num_segments=16,16,49,9 num_paths=125 u=256, u,u,u,u,u sizes=4096,4096,4096,12544,2304 num_segments=16,16,16,49,9 num_paths=1093 u=256], input shapes: torch.Size([7, 49, 256]), torch.Size([127]), torch.Size([127, 16, 256])
2025-09-17 19:30:51.252 DEBUG: Calling TensorProductUniform4x1d: u,u,,u sizes=4352,2304,16,18176 num_segments=17,9,16,71 num_paths=215 u=256, input shapes: torch.Size([1546, 4352]), torch.Size([1546, 2304]), torch.Size([1546, 16])
2025-09-17 19:30:51.258 DEBUG: Calling SymmetricTensorContraction: [u,u,u sizes=4096,3328,256 num_segments=16,13,1 num_paths=1 u=256, u,u,u,u sizes=4096,4096,3328,256 num_segments=16,16,13,1 num_paths=16 u=256, u,u,u,u,u sizes=4096,4096,4096,3328,256 num_segments=16,16,16,13,1 num_paths=77 u=256], input shapes: torch.Size([7, 13, 256]), torch.Size([127]), torch.Size([127, 16, 256])
2025-09-17 19:30:51.280 DEBUG: Calling TensorProductUniform4x1d: u,u,,u sizes=1024,256,16,4096 num_segments=4,1,16,16 num_paths=16 u=256, input shapes: torch.Size([1636, 1024]), torch.Size([1636, 256]), torch.Size([1636, 16])
2025-09-17 19:30:51.288 DEBUG: Calling SymmetricTensorContraction: [u,u,u sizes=4096,12544,2304 num_segments=16,49,9 num_paths=9 u=256, u,u,u,u sizes=4096,4096,12544,2304 num_segments=16,16,49,9 num_paths=125 u=256, u,u,u,u,u sizes=4096,4096,4096,12544,2304 num_segments=16,16,16,49,9 num_paths=1093 u=256], input shapes: torch.Size([7, 49, 256]), torch.Size([132]), torch.Size([132, 16, 256])
2025-09-17 19:30:51.292 DEBUG: Calling TensorProductUniform4x1d: u,u,,u sizes=4352,2304,16,18176 num_segments=17,9,16,71 num_paths=215 u=256, input shapes: torch.Size([1636, 4352]), torch.Size([1636, 2304]), torch.Size([1636, 16])
2025-09-17 19:30:51.298 DEBUG: Calling SymmetricTensorContraction: [u,u,u sizes=4096,3328,256 num_segments=16,13,1 num_paths=1 u=256, u,u,u,u sizes=4096,4096,3328,256 num_segments=16,16,13,1 num_paths=16 u=256, u,u,u,u,u sizes=4096,4096,4096,3328,256 num_segments=16,16,16,13,1 num_paths=77 u=256], input shapes: torch.Size([7, 13, 256]), torch.Size([132]), torch.Size([132, 16, 256])
2025-09-17 19:30:51.321 DEBUG: Calling TensorProductUniform4x1d: u,u,,u sizes=1024,256,16,4096 num_segments=4,1,16,16 num_paths=16 u=256, input shapes: torch.Size([1234, 1024]), torch.Size([1234, 256]), torch.Size([1234, 16])
2025-09-17 19:30:51.327 DEBUG: Calling SymmetricTensorContraction: [u,u,u sizes=4096,12544,2304 num_segments=16,49,9 num_paths=9 u=256, u,u,u,u sizes=4096,4096,12544,2304 num_segments=16,16,49,9 num_paths=125 u=256, u,u,u,u,u sizes=4096,4096,4096,12544,2304 num_segments=16,16,16,49,9 num_paths=1093 u=256], input shapes: torch.Size([7, 49, 256]), torch.Size([114]), torch.Size([114, 16, 256])
2025-09-17 19:30:51.331 DEBUG: Calling TensorProductUniform4x1d: u,u,,u sizes=4352,2304,16,18176 num_segments=17,9,16,71 num_paths=215 u=256, input shapes: torch.Size([1234, 4352]), torch.Size([1234, 2304]), torch.Size([1234, 16])
2025-09-17 19:30:51.336 DEBUG: Calling SymmetricTensorContraction: [u,u,u sizes=4096,3328,256 num_segments=16,13,1 num_paths=1 u=256, u,u,u,u sizes=4096,4096,3328,256 num_segments=16,16,13,1 num_paths=16 u=256, u,u,u,u,u sizes=4096,4096,4096,3328,256 num_segments=16,16,16,13,1 num_paths=77 u=256], input shapes: torch.Size([7, 13, 256]), torch.Size([114]), torch.Size([114, 16, 256])
2025-09-17 19:30:51.358 DEBUG: Calling TensorProductUniform4x1d: u,u,,u sizes=1024,256,16,4096 num_segments=4,1,16,16 num_paths=16 u=256, input shapes: torch.Size([1318, 1024]), torch.Size([1318, 256]), torch.Size([1318, 16])
2025-09-17 19:30:51.365 DEBUG: Calling SymmetricTensorContraction: [u,u,u sizes=4096,12544,2304 num_segments=16,49,9 num_paths=9 u=256, u,u,u,u sizes=4096,4096,12544,2304 num_segments=16,16,49,9 num_paths=125 u=256, u,u,u,u,u sizes=4096,4096,4096,12544,2304 num_segments=16,16,16,49,9 num_paths=1093 u=256], input shapes: torch.Size([7, 49, 256]), torch.Size([118]), torch.Size([118, 16, 256])
2025-09-17 19:30:51.370 DEBUG: Calling TensorProductUniform4x1d: u,u,,u sizes=4352,2304,16,18176 num_segments=17,9,16,71 num_paths=215 u=256, input shapes: torch.Size([1318, 4352]), torch.Size([1318, 2304]), torch.Size([1318, 16])
2025-09-17 19:30:51.376 DEBUG: Calling SymmetricTensorContraction: [u,u,u sizes=4096,3328,256 num_segments=16,13,1 num_paths=1 u=256, u,u,u,u sizes=4096,4096,3328,256 num_segments=16,16,13,1 num_paths=16 u=256, u,u,u,u,u sizes=4096,4096,4096,3328,256 num_segments=16,16,16,13,1 num_paths=77 u=256], input shapes: torch.Size([7, 13, 256]), torch.Size([118]), torch.Size([118, 16, 256])
2025-09-17 19:30:51.398 DEBUG: Calling TensorProductUniform4x1d: u,u,,u sizes=1024,256,16,4096 num_segments=4,1,16,16 num_paths=16 u=256, input shapes: torch.Size([1788, 1024]), torch.Size([1788, 256]), torch.Size([1788, 16])
2025-09-17 19:30:51.405 DEBUG: Calling SymmetricTensorContraction: [u,u,u sizes=4096,12544,2304 num_segments=16,49,9 num_paths=9 u=256, u,u,u,u sizes=4096,4096,12544,2304 num_segments=16,16,49,9 num_paths=125 u=256, u,u,u,u,u sizes=4096,4096,4096,12544,2304 num_segments=16,16,16,49,9 num_paths=1093 u=256], input shapes: torch.Size([7, 49, 256]), torch.Size([138]), torch.Size([138, 16, 256])
2025-09-17 19:30:51.410 DEBUG: Calling TensorProductUniform4x1d: u,u,,u sizes=4352,2304,16,18176 num_segments=17,9,16,71 num_paths=215 u=256, input shapes: torch.Size([1788, 4352]), torch.Size([1788, 2304]), torch.Size([1788, 16])
2025-09-17 19:30:51.415 DEBUG: Calling SymmetricTensorContraction: [u,u,u sizes=4096,3328,256 num_segments=16,13,1 num_paths=1 u=256, u,u,u,u sizes=4096,4096,3328,256 num_segments=16,16,13,1 num_paths=16 u=256, u,u,u,u,u sizes=4096,4096,4096,3328,256 num_segments=16,16,16,13,1 num_paths=77 u=256], input shapes: torch.Size([7, 13, 256]), torch.Size([138]), torch.Size([138, 16, 256])
2025-09-17 19:30:51.437 DEBUG: Calling TensorProductUniform4x1d: u,u,,u sizes=1024,256,16,4096 num_segments=4,1,16,16 num_paths=16 u=256, input shapes: torch.Size([1506, 1024]), torch.Size([1506, 256]), torch.Size([1506, 16])
2025-09-17 19:30:51.444 DEBUG: Calling SymmetricTensorContraction: [u,u,u sizes=4096,12544,2304 num_segments=16,49,9 num_paths=9 u=256, u,u,u,u sizes=4096,4096,12544,2304 num_segments=16,16,49,9 num_paths=125 u=256, u,u,u,u,u sizes=4096,4096,4096,12544,2304 num_segments=16,16,16,49,9 num_paths=1093 u=256], input shapes: torch.Size([7, 49, 256]), torch.Size([126]), torch.Size([126, 16, 256])
2025-09-17 19:30:51.448 DEBUG: Calling TensorProductUniform4x1d: u,u,,u sizes=4352,2304,16,18176 num_segments=17,9,16,71 num_paths=215 u=256, input shapes: torch.Size([1506, 4352]), torch.Size([1506, 2304]), torch.Size([1506, 16])
2025-09-17 19:30:51.453 DEBUG: Calling SymmetricTensorContraction: [u,u,u sizes=4096,3328,256 num_segments=16,13,1 num_paths=1 u=256, u,u,u,u sizes=4096,4096,3328,256 num_segments=16,16,13,1 num_paths=16 u=256, u,u,u,u,u sizes=4096,4096,4096,3328,256 num_segments=16,16,16,13,1 num_paths=77 u=256], input shapes: torch.Size([7, 13, 256]), torch.Size([126]), torch.Size([126, 16, 256])
2025-09-17 19:30:51.475 DEBUG: Calling TensorProductUniform4x1d: u,u,,u sizes=1024,256,16,4096 num_segments=4,1,16,16 num_paths=16 u=256, input shapes: torch.Size([1408, 1024]), torch.Size([1408, 256]), torch.Size([1408, 16])
2025-09-17 19:30:51.481 DEBUG: Calling SymmetricTensorContraction: [u,u,u sizes=4096,12544,2304 num_segments=16,49,9 num_paths=9 u=256, u,u,u,u sizes=4096,4096,12544,2304 num_segments=16,16,49,9 num_paths=125 u=256, u,u,u,u,u sizes=4096,4096,4096,12544,2304 num_segments=16,16,16,49,9 num_paths=1093 u=256], input shapes: torch.Size([7, 49, 256]), torch.Size([124]), torch.Size([124, 16, 256])
2025-09-17 19:30:51.486 DEBUG: Calling TensorProductUniform4x1d: u,u,,u sizes=4352,2304,16,18176 num_segments=17,9,16,71 num_paths=215 u=256, input shapes: torch.Size([1408, 4352]), torch.Size([1408, 2304]), torch.Size([1408, 16])
2025-09-17 19:30:51.491 DEBUG: Calling SymmetricTensorContraction: [u,u,u sizes=4096,3328,256 num_segments=16,13,1 num_paths=1 u=256, u,u,u,u sizes=4096,4096,3328,256 num_segments=16,16,13,1 num_paths=16 u=256, u,u,u,u,u sizes=4096,4096,4096,3328,256 num_segments=16,16,16,13,1 num_paths=77 u=256], input shapes: torch.Size([7, 13, 256]), torch.Size([124]), torch.Size([124, 16, 256])
2025-09-17 19:30:51.511 DEBUG: Calling TensorProductUniform4x1d: u,u,,u sizes=1024,256,16,4096 num_segments=4,1,16,16 num_paths=16 u=256, input shapes: torch.Size([1320, 1024]), torch.Size([1320, 256]), torch.Size([1320, 16])
2025-09-17 19:30:51.518 DEBUG: Calling SymmetricTensorContraction: [u,u,u sizes=4096,12544,2304 num_segments=16,49,9 num_paths=9 u=256, u,u,u,u sizes=4096,4096,12544,2304 num_segments=16,16,49,9 num_paths=125 u=256, u,u,u,u,u sizes=4096,4096,4096,12544,2304 num_segments=16,16,16,49,9 num_paths=1093 u=256], input shapes: torch.Size([7, 49, 256]), torch.Size([116]), torch.Size([116, 16, 256])
2025-09-17 19:30:51.522 DEBUG: Calling TensorProductUniform4x1d: u,u,,u sizes=4352,2304,16,18176 num_segments=17,9,16,71 num_paths=215 u=256, input shapes: torch.Size([1320, 4352]), torch.Size([1320, 2304]), torch.Size([1320, 16])
2025-09-17 19:30:51.526 DEBUG: Calling SymmetricTensorContraction: [u,u,u sizes=4096,3328,256 num_segments=16,13,1 num_paths=1 u=256, u,u,u,u sizes=4096,4096,3328,256 num_segments=16,16,13,1 num_paths=16 u=256, u,u,u,u,u sizes=4096,4096,4096,3328,256 num_segments=16,16,16,13,1 num_paths=77 u=256], input shapes: torch.Size([7, 13, 256]), torch.Size([116]), torch.Size([116, 16, 256])
2025-09-17 19:30:51.547 DEBUG: Calling TensorProductUniform4x1d: u,u,,u sizes=1024,256,16,4096 num_segments=4,1,16,16 num_paths=16 u=256, input shapes: torch.Size([1942, 1024]), torch.Size([1942, 256]), torch.Size([1942, 16])
2025-09-17 19:30:51.553 DEBUG: Calling SymmetricTensorContraction: [u,u,u sizes=4096,12544,2304 num_segments=16,49,9 num_paths=9 u=256, u,u,u,u sizes=4096,4096,12544,2304 num_segments=16,16,49,9 num_paths=125 u=256, u,u,u,u,u sizes=4096,4096,4096,12544,2304 num_segments=16,16,16,49,9 num_paths=1093 u=256], input shapes: torch.Size([7, 49, 256]), torch.Size([144]), torch.Size([144, 16, 256])
2025-09-17 19:30:51.557 DEBUG: Calling TensorProductUniform4x1d: u,u,,u sizes=4352,2304,16,18176 num_segments=17,9,16,71 num_paths=215 u=256, input shapes: torch.Size([1942, 4352]), torch.Size([1942, 2304]), torch.Size([1942, 16])
2025-09-17 19:30:51.562 DEBUG: Calling SymmetricTensorContraction: [u,u,u sizes=4096,3328,256 num_segments=16,13,1 num_paths=1 u=256, u,u,u,u sizes=4096,4096,3328,256 num_segments=16,16,13,1 num_paths=16 u=256, u,u,u,u,u sizes=4096,4096,4096,3328,256 num_segments=16,16,16,13,1 num_paths=77 u=256], input shapes: torch.Size([7, 13, 256]), torch.Size([144]), torch.Size([144, 16, 256])
2025-09-17 19:30:51.584 DEBUG: Calling TensorProductUniform4x1d: u,u,,u sizes=1024,256,16,4096 num_segments=4,1,16,16 num_paths=16 u=256, input shapes: torch.Size([1694, 1024]), torch.Size([1694, 256]), torch.Size([1694, 16])
2025-09-17 19:30:51.591 DEBUG: Calling SymmetricTensorContraction: [u,u,u sizes=4096,12544,2304 num_segments=16,49,9 num_paths=9 u=256, u,u,u,u sizes=4096,4096,12544,2304 num_segments=16,16,49,9 num_paths=125 u=256, u,u,u,u,u sizes=4096,4096,4096,12544,2304 num_segments=16,16,16,49,9 num_paths=1093 u=256], input shapes: torch.Size([7, 49, 256]), torch.Size([135]), torch.Size([135, 16, 256])
2025-09-17 19:30:51.596 DEBUG: Calling TensorProductUniform4x1d: u,u,,u sizes=4352,2304,16,18176 num_segments=17,9,16,71 num_paths=215 u=256, input shapes: torch.Size([1694, 4352]), torch.Size([1694, 2304]), torch.Size([1694, 16])
2025-09-17 19:30:51.603 DEBUG: Calling SymmetricTensorContraction: [u,u,u sizes=4096,3328,256 num_segments=16,13,1 num_paths=1 u=256, u,u,u,u sizes=4096,4096,3328,256 num_segments=16,16,13,1 num_paths=16 u=256, u,u,u,u,u sizes=4096,4096,4096,3328,256 num_segments=16,16,16,13,1 num_paths=77 u=256], input shapes: torch.Size([7, 13, 256]), torch.Size([135]), torch.Size([135, 16, 256])
2025-09-17 19:30:51.626 DEBUG: Calling TensorProductUniform4x1d: u,u,,u sizes=1024,256,16,4096 num_segments=4,1,16,16 num_paths=16 u=256, input shapes: torch.Size([1818, 1024]), torch.Size([1818, 256]), torch.Size([1818, 16])
2025-09-17 19:30:51.633 DEBUG: Calling SymmetricTensorContraction: [u,u,u sizes=4096,12544,2304 num_segments=16,49,9 num_paths=9 u=256, u,u,u,u sizes=4096,4096,12544,2304 num_segments=16,16,49,9 num_paths=125 u=256, u,u,u,u,u sizes=4096,4096,4096,12544,2304 num_segments=16,16,16,49,9 num_paths=1093 u=256], input shapes: torch.Size([7, 49, 256]), torch.Size([139]), torch.Size([139, 16, 256])
2025-09-17 19:30:51.637 DEBUG: Calling TensorProductUniform4x1d: u,u,,u sizes=4352,2304,16,18176 num_segments=17,9,16,71 num_paths=215 u=256, input shapes: torch.Size([1818, 4352]), torch.Size([1818, 2304]), torch.Size([1818, 16])
2025-09-17 19:30:51.642 DEBUG: Calling SymmetricTensorContraction: [u,u,u sizes=4096,3328,256 num_segments=16,13,1 num_paths=1 u=256, u,u,u,u sizes=4096,4096,3328,256 num_segments=16,16,13,1 num_paths=16 u=256, u,u,u,u,u sizes=4096,4096,4096,3328,256 num_segments=16,16,16,13,1 num_paths=77 u=256], input shapes: torch.Size([7, 13, 256]), torch.Size([139]), torch.Size([139, 16, 256])
2025-09-17 19:30:51.733 DEBUG: Calling TensorProductUniform4x1d: u,u,,u sizes=1024,256,16,4096 num_segments=4,1,16,16 num_paths=16 u=256, input shapes: torch.Size([1830, 1024]), torch.Size([1830, 256]), torch.Size([1830, 16])
2025-09-17 19:30:51.741 DEBUG: Calling SymmetricTensorContraction: [u,u,u sizes=4096,12544,2304 num_segments=16,49,9 num_paths=9 u=256, u,u,u,u sizes=4096,4096,12544,2304 num_segments=16,16,49,9 num_paths=125 u=256, u,u,u,u,u sizes=4096,4096,4096,12544,2304 num_segments=16,16,16,49,9 num_paths=1093 u=256], input shapes: torch.Size([7, 49, 256]), torch.Size([142]), torch.Size([142, 16, 256])
2025-09-17 19:30:51.745 DEBUG: Calling TensorProductUniform4x1d: u,u,,u sizes=4352,2304,16,18176 num_segments=17,9,16,71 num_paths=215 u=256, input shapes: torch.Size([1830, 4352]), torch.Size([1830, 2304]), torch.Size([1830, 16])
2025-09-17 19:30:51.750 DEBUG: Calling SymmetricTensorContraction: [u,u,u sizes=4096,3328,256 num_segments=16,13,1 num_paths=1 u=256, u,u,u,u sizes=4096,4096,3328,256 num_segments=16,16,13,1 num_paths=16 u=256, u,u,u,u,u sizes=4096,4096,4096,3328,256 num_segments=16,16,16,13,1 num_paths=77 u=256], input shapes: torch.Size([7, 13, 256]), torch.Size([142]), torch.Size([142, 16, 256])
2025-09-17 19:30:51.772 DEBUG: Calling TensorProductUniform4x1d: u,u,,u sizes=1024,256,16,4096 num_segments=4,1,16,16 num_paths=16 u=256, input shapes: torch.Size([1404, 1024]), torch.Size([1404, 256]), torch.Size([1404, 16])
2025-09-17 19:30:51.779 DEBUG: Calling SymmetricTensorContraction: [u,u,u sizes=4096,12544,2304 num_segments=16,49,9 num_paths=9 u=256, u,u,u,u sizes=4096,4096,12544,2304 num_segments=16,16,49,9 num_paths=125 u=256, u,u,u,u,u sizes=4096,4096,4096,12544,2304 num_segments=16,16,16,49,9 num_paths=1093 u=256], input shapes: torch.Size([7, 49, 256]), torch.Size([122]), torch.Size([122, 16, 256])
2025-09-17 19:30:51.783 DEBUG: Calling TensorProductUniform4x1d: u,u,,u sizes=4352,2304,16,18176 num_segments=17,9,16,71 num_paths=215 u=256, input shapes: torch.Size([1404, 4352]), torch.Size([1404, 2304]), torch.Size([1404, 16])
2025-09-17 19:30:51.806 DEBUG: Calling SymmetricTensorContraction: [u,u,u sizes=4096,3328,256 num_segments=16,13,1 num_paths=1 u=256, u,u,u,u sizes=4096,4096,3328,256 num_segments=16,16,13,1 num_paths=16 u=256, u,u,u,u,u sizes=4096,4096,4096,3328,256 num_segments=16,16,16,13,1 num_paths=77 u=256], input shapes: torch.Size([7, 13, 256]), torch.Size([122]), torch.Size([122, 16, 256])
2025-09-17 19:30:51.849 DEBUG: Calling TensorProductUniform4x1d: u,u,,u sizes=1024,256,16,4096 num_segments=4,1,16,16 num_paths=16 u=256, input shapes: torch.Size([1510, 1024]), torch.Size([1510, 256]), torch.Size([1510, 16])
2025-09-17 19:30:51.855 DEBUG: Calling SymmetricTensorContraction: [u,u,u sizes=4096,12544,2304 num_segments=16,49,9 num_paths=9 u=256, u,u,u,u sizes=4096,4096,12544,2304 num_segments=16,16,49,9 num_paths=125 u=256, u,u,u,u,u sizes=4096,4096,4096,12544,2304 num_segments=16,16,16,49,9 num_paths=1093 u=256], input shapes: torch.Size([7, 49, 256]), torch.Size([128]), torch.Size([128, 16, 256])
2025-09-17 19:30:51.859 DEBUG: Calling TensorProductUniform4x1d: u,u,,u sizes=4352,2304,16,18176 num_segments=17,9,16,71 num_paths=215 u=256, input shapes: torch.Size([1510, 4352]), torch.Size([1510, 2304]), torch.Size([1510, 16])
2025-09-17 19:30:51.864 DEBUG: Calling SymmetricTensorContraction: [u,u,u sizes=4096,3328,256 num_segments=16,13,1 num_paths=1 u=256, u,u,u,u sizes=4096,4096,3328,256 num_segments=16,16,13,1 num_paths=16 u=256, u,u,u,u,u sizes=4096,4096,4096,3328,256 num_segments=16,16,16,13,1 num_paths=77 u=256], input shapes: torch.Size([7, 13, 256]), torch.Size([128]), torch.Size([128, 16, 256])
2025-09-17 19:30:51.887 DEBUG: Calling TensorProductUniform4x1d: u,u,,u sizes=1024,256,16,4096 num_segments=4,1,16,16 num_paths=16 u=256, input shapes: torch.Size([1544, 1024]), torch.Size([1544, 256]), torch.Size([1544, 16])
2025-09-17 19:30:51.894 DEBUG: Calling SymmetricTensorContraction: [u,u,u sizes=4096,12544,2304 num_segments=16,49,9 num_paths=9 u=256, u,u,u,u sizes=4096,4096,12544,2304 num_segments=16,16,49,9 num_paths=125 u=256, u,u,u,u,u sizes=4096,4096,4096,12544,2304 num_segments=16,16,16,49,9 num_paths=1093 u=256], input shapes: torch.Size([7, 49, 256]), torch.Size([126]), torch.Size([126, 16, 256])
2025-09-17 19:30:51.898 DEBUG: Calling TensorProductUniform4x1d: u,u,,u sizes=4352,2304,16,18176 num_segments=17,9,16,71 num_paths=215 u=256, input shapes: torch.Size([1544, 4352]), torch.Size([1544, 2304]), torch.Size([1544, 16])
2025-09-17 19:30:51.904 DEBUG: Calling SymmetricTensorContraction: [u,u,u sizes=4096,3328,256 num_segments=16,13,1 num_paths=1 u=256, u,u,u,u sizes=4096,4096,3328,256 num_segments=16,16,13,1 num_paths=16 u=256, u,u,u,u,u sizes=4096,4096,4096,3328,256 num_segments=16,16,16,13,1 num_paths=77 u=256], input shapes: torch.Size([7, 13, 256]), torch.Size([126]), torch.Size([126, 16, 256])
2025-09-17 19:30:51.926 DEBUG: Calling TensorProductUniform4x1d: u,u,,u sizes=1024,256,16,4096 num_segments=4,1,16,16 num_paths=16 u=256, input shapes: torch.Size([1424, 1024]), torch.Size([1424, 256]), torch.Size([1424, 16])
2025-09-17 19:30:51.932 DEBUG: Calling SymmetricTensorContraction: [u,u,u sizes=4096,12544,2304 num_segments=16,49,9 num_paths=9 u=256, u,u,u,u sizes=4096,4096,12544,2304 num_segments=16,16,49,9 num_paths=125 u=256, u,u,u,u,u sizes=4096,4096,4096,12544,2304 num_segments=16,16,16,49,9 num_paths=1093 u=256], input shapes: torch.Size([7, 49, 256]), torch.Size([122]), torch.Size([122, 16, 256])
2025-09-17 19:30:51.937 DEBUG: Calling TensorProductUniform4x1d: u,u,,u sizes=4352,2304,16,18176 num_segments=17,9,16,71 num_paths=215 u=256, input shapes: torch.Size([1424, 4352]), torch.Size([1424, 2304]), torch.Size([1424, 16])
2025-09-17 19:30:51.941 DEBUG: Calling SymmetricTensorContraction: [u,u,u sizes=4096,3328,256 num_segments=16,13,1 num_paths=1 u=256, u,u,u,u sizes=4096,4096,3328,256 num_segments=16,16,13,1 num_paths=16 u=256, u,u,u,u,u sizes=4096,4096,4096,3328,256 num_segments=16,16,16,13,1 num_paths=77 u=256], input shapes: torch.Size([7, 13, 256]), torch.Size([122]), torch.Size([122, 16, 256])
2025-09-17 19:30:51.962 DEBUG: Calling TensorProductUniform4x1d: u,u,,u sizes=1024,256,16,4096 num_segments=4,1,16,16 num_paths=16 u=256, input shapes: torch.Size([1230, 1024]), torch.Size([1230, 256]), torch.Size([1230, 16])
2025-09-17 19:30:51.969 DEBUG: Calling SymmetricTensorContraction: [u,u,u sizes=4096,12544,2304 num_segments=16,49,9 num_paths=9 u=256, u,u,u,u sizes=4096,4096,12544,2304 num_segments=16,16,49,9 num_paths=125 u=256, u,u,u,u,u sizes=4096,4096,4096,12544,2304 num_segments=16,16,16,49,9 num_paths=1093 u=256], input shapes: torch.Size([7, 49, 256]), torch.Size([113]), torch.Size([113, 16, 256])
2025-09-17 19:30:51.972 DEBUG: Calling TensorProductUniform4x1d: u,u,,u sizes=4352,2304,16,18176 num_segments=17,9,16,71 num_paths=215 u=256, input shapes: torch.Size([1230, 4352]), torch.Size([1230, 2304]), torch.Size([1230, 16])
2025-09-17 19:30:51.977 DEBUG: Calling SymmetricTensorContraction: [u,u,u sizes=4096,3328,256 num_segments=16,13,1 num_paths=1 u=256, u,u,u,u sizes=4096,4096,3328,256 num_segments=16,16,13,1 num_paths=16 u=256, u,u,u,u,u sizes=4096,4096,4096,3328,256 num_segments=16,16,16,13,1 num_paths=77 u=256], input shapes: torch.Size([7, 13, 256]), torch.Size([113]), torch.Size([113, 16, 256])
2025-09-17 19:30:51.996 DEBUG: Calling TensorProductUniform4x1d: u,u,,u sizes=1024,256,16,4096 num_segments=4,1,16,16 num_paths=16 u=256, input shapes: torch.Size([1400, 1024]), torch.Size([1400, 256]), torch.Size([1400, 16])
2025-09-17 19:30:52.003 DEBUG: Calling SymmetricTensorContraction: [u,u,u sizes=4096,12544,2304 num_segments=16,49,9 num_paths=9 u=256, u,u,u,u sizes=4096,4096,12544,2304 num_segments=16,16,49,9 num_paths=125 u=256, u,u,u,u,u sizes=4096,4096,4096,12544,2304 num_segments=16,16,16,49,9 num_paths=1093 u=256], input shapes: torch.Size([7, 49, 256]), torch.Size([121]), torch.Size([121, 16, 256])
2025-09-17 19:30:52.007 DEBUG: Calling TensorProductUniform4x1d: u,u,,u sizes=4352,2304,16,18176 num_segments=17,9,16,71 num_paths=215 u=256, input shapes: torch.Size([1400, 4352]), torch.Size([1400, 2304]), torch.Size([1400, 16])
2025-09-17 19:30:52.012 DEBUG: Calling SymmetricTensorContraction: [u,u,u sizes=4096,3328,256 num_segments=16,13,1 num_paths=1 u=256, u,u,u,u sizes=4096,4096,3328,256 num_segments=16,16,13,1 num_paths=16 u=256, u,u,u,u,u sizes=4096,4096,4096,3328,256 num_segments=16,16,16,13,1 num_paths=77 u=256], input shapes: torch.Size([7, 13, 256]), torch.Size([121]), torch.Size([121, 16, 256])
2025-09-17 19:30:52.033 DEBUG: Calling TensorProductUniform4x1d: u,u,,u sizes=1024,256,16,4096 num_segments=4,1,16,16 num_paths=16 u=256, input shapes: torch.Size([1220, 1024]), torch.Size([1220, 256]), torch.Size([1220, 16])
2025-09-17 19:30:52.040 DEBUG: Calling SymmetricTensorContraction: [u,u,u sizes=4096,12544,2304 num_segments=16,49,9 num_paths=9 u=256, u,u,u,u sizes=4096,4096,12544,2304 num_segments=16,16,49,9 num_paths=125 u=256, u,u,u,u,u sizes=4096,4096,4096,12544,2304 num_segments=16,16,16,49,9 num_paths=1093 u=256], input shapes: torch.Size([7, 49, 256]), torch.Size([114]), torch.Size([114, 16, 256])
2025-09-17 19:30:52.044 DEBUG: Calling TensorProductUniform4x1d: u,u,,u sizes=4352,2304,16,18176 num_segments=17,9,16,71 num_paths=215 u=256, input shapes: torch.Size([1220, 4352]), torch.Size([1220, 2304]), torch.Size([1220, 16])
2025-09-17 19:30:52.049 DEBUG: Calling SymmetricTensorContraction: [u,u,u sizes=4096,3328,256 num_segments=16,13,1 num_paths=1 u=256, u,u,u,u sizes=4096,4096,3328,256 num_segments=16,16,13,1 num_paths=16 u=256, u,u,u,u,u sizes=4096,4096,4096,3328,256 num_segments=16,16,16,13,1 num_paths=77 u=256], input shapes: torch.Size([7, 13, 256]), torch.Size([114]), torch.Size([114, 16, 256])
2025-09-17 19:30:52.069 DEBUG: Calling TensorProductUniform4x1d: u,u,,u sizes=1024,256,16,4096 num_segments=4,1,16,16 num_paths=16 u=256, input shapes: torch.Size([1592, 1024]), torch.Size([1592, 256]), torch.Size([1592, 16])
2025-09-17 19:30:52.075 DEBUG: Calling SymmetricTensorContraction: [u,u,u sizes=4096,12544,2304 num_segments=16,49,9 num_paths=9 u=256, u,u,u,u sizes=4096,4096,12544,2304 num_segments=16,16,49,9 num_paths=125 u=256, u,u,u,u,u sizes=4096,4096,4096,12544,2304 num_segments=16,16,16,49,9 num_paths=1093 u=256], input shapes: torch.Size([7, 49, 256]), torch.Size([130]), torch.Size([130, 16, 256])
2025-09-17 19:30:52.079 DEBUG: Calling TensorProductUniform4x1d: u,u,,u sizes=4352,2304,16,18176 num_segments=17,9,16,71 num_paths=215 u=256, input shapes: torch.Size([1592, 4352]), torch.Size([1592, 2304]), torch.Size([1592, 16])
2025-09-17 19:30:52.084 DEBUG: Calling SymmetricTensorContraction: [u,u,u sizes=4096,3328,256 num_segments=16,13,1 num_paths=1 u=256, u,u,u,u sizes=4096,4096,3328,256 num_segments=16,16,13,1 num_paths=16 u=256, u,u,u,u,u sizes=4096,4096,4096,3328,256 num_segments=16,16,16,13,1 num_paths=77 u=256], input shapes: torch.Size([7, 13, 256]), torch.Size([130]), torch.Size([130, 16, 256])
2025-09-17 19:30:52.103 DEBUG: Calling TensorProductUniform4x1d: u,u,,u sizes=1024,256,16,4096 num_segments=4,1,16,16 num_paths=16 u=256, input shapes: torch.Size([1356, 1024]), torch.Size([1356, 256]), torch.Size([1356, 16])
2025-09-17 19:30:52.109 DEBUG: Calling SymmetricTensorContraction: [u,u,u sizes=4096,12544,2304 num_segments=16,49,9 num_paths=9 u=256, u,u,u,u sizes=4096,4096,12544,2304 num_segments=16,16,49,9 num_paths=125 u=256, u,u,u,u,u sizes=4096,4096,4096,12544,2304 num_segments=16,16,16,49,9 num_paths=1093 u=256], input shapes: torch.Size([7, 49, 256]), torch.Size([120]), torch.Size([120, 16, 256])
2025-09-17 19:30:52.113 DEBUG: Calling TensorProductUniform4x1d: u,u,,u sizes=4352,2304,16,18176 num_segments=17,9,16,71 num_paths=215 u=256, input shapes: torch.Size([1356, 4352]), torch.Size([1356, 2304]), torch.Size([1356, 16])
2025-09-17 19:30:52.118 DEBUG: Calling SymmetricTensorContraction: [u,u,u sizes=4096,3328,256 num_segments=16,13,1 num_paths=1 u=256, u,u,u,u sizes=4096,4096,3328,256 num_segments=16,16,13,1 num_paths=16 u=256, u,u,u,u,u sizes=4096,4096,4096,3328,256 num_segments=16,16,16,13,1 num_paths=77 u=256], input shapes: torch.Size([7, 13, 256]), torch.Size([120]), torch.Size([120, 16, 256])
2025-09-17 19:30:52.138 DEBUG: Calling TensorProductUniform4x1d: u,u,,u sizes=1024,256,16,4096 num_segments=4,1,16,16 num_paths=16 u=256, input shapes: torch.Size([1380, 1024]), torch.Size([1380, 256]), torch.Size([1380, 16])
2025-09-17 19:30:52.145 DEBUG: Calling SymmetricTensorContraction: [u,u,u sizes=4096,12544,2304 num_segments=16,49,9 num_paths=9 u=256, u,u,u,u sizes=4096,4096,12544,2304 num_segments=16,16,49,9 num_paths=125 u=256, u,u,u,u,u sizes=4096,4096,4096,12544,2304 num_segments=16,16,16,49,9 num_paths=1093 u=256], input shapes: torch.Size([7, 49, 256]), torch.Size([120]), torch.Size([120, 16, 256])
2025-09-17 19:30:52.149 DEBUG: Calling TensorProductUniform4x1d: u,u,,u sizes=4352,2304,16,18176 num_segments=17,9,16,71 num_paths=215 u=256, input shapes: torch.Size([1380, 4352]), torch.Size([1380, 2304]), torch.Size([1380, 16])
2025-09-17 19:30:52.153 DEBUG: Calling SymmetricTensorContraction: [u,u,u sizes=4096,3328,256 num_segments=16,13,1 num_paths=1 u=256, u,u,u,u sizes=4096,4096,3328,256 num_segments=16,16,13,1 num_paths=16 u=256, u,u,u,u,u sizes=4096,4096,4096,3328,256 num_segments=16,16,16,13,1 num_paths=77 u=256], input shapes: torch.Size([7, 13, 256]), torch.Size([120]), torch.Size([120, 16, 256])
2025-09-17 19:30:52.177 DEBUG: Calling TensorProductUniform4x1d: u,u,,u sizes=1024,256,16,4096 num_segments=4,1,16,16 num_paths=16 u=256, input shapes: torch.Size([1106, 1024]), torch.Size([1106, 256]), torch.Size([1106, 16])
2025-09-17 19:30:52.184 DEBUG: Calling SymmetricTensorContraction: [u,u,u sizes=4096,12544,2304 num_segments=16,49,9 num_paths=9 u=256, u,u,u,u sizes=4096,4096,12544,2304 num_segments=16,16,49,9 num_paths=125 u=256, u,u,u,u,u sizes=4096,4096,4096,12544,2304 num_segments=16,16,16,49,9 num_paths=1093 u=256], input shapes: torch.Size([7, 49, 256]), torch.Size([109]), torch.Size([109, 16, 256])
2025-09-17 19:30:52.188 DEBUG: Calling TensorProductUniform4x1d: u,u,,u sizes=4352,2304,16,18176 num_segments=17,9,16,71 num_paths=215 u=256, input shapes: torch.Size([1106, 4352]), torch.Size([1106, 2304]), torch.Size([1106, 16])
2025-09-17 19:30:52.193 DEBUG: Calling SymmetricTensorContraction: [u,u,u sizes=4096,3328,256 num_segments=16,13,1 num_paths=1 u=256, u,u,u,u sizes=4096,4096,3328,256 num_segments=16,16,13,1 num_paths=16 u=256, u,u,u,u,u sizes=4096,4096,4096,3328,256 num_segments=16,16,16,13,1 num_paths=77 u=256], input shapes: torch.Size([7, 13, 256]), torch.Size([109]), torch.Size([109, 16, 256])
2025-09-17 19:30:52.218 DEBUG: Calling TensorProductUniform4x1d: u,u,,u sizes=1024,256,16,4096 num_segments=4,1,16,16 num_paths=16 u=256, input shapes: torch.Size([1676, 1024]), torch.Size([1676, 256]), torch.Size([1676, 16])
2025-09-17 19:30:52.225 DEBUG: Calling SymmetricTensorContraction: [u,u,u sizes=4096,12544,2304 num_segments=16,49,9 num_paths=9 u=256, u,u,u,u sizes=4096,4096,12544,2304 num_segments=16,16,49,9 num_paths=125 u=256, u,u,u,u,u sizes=4096,4096,4096,12544,2304 num_segments=16,16,16,49,9 num_paths=1093 u=256], input shapes: torch.Size([7, 49, 256]), torch.Size([134]), torch.Size([134, 16, 256])
2025-09-17 19:30:52.229 DEBUG: Calling TensorProductUniform4x1d: u,u,,u sizes=4352,2304,16,18176 num_segments=17,9,16,71 num_paths=215 u=256, input shapes: torch.Size([1676, 4352]), torch.Size([1676, 2304]), torch.Size([1676, 16])
2025-09-17 19:30:52.233 DEBUG: Calling SymmetricTensorContraction: [u,u,u sizes=4096,3328,256 num_segments=16,13,1 num_paths=1 u=256, u,u,u,u sizes=4096,4096,3328,256 num_segments=16,16,13,1 num_paths=16 u=256, u,u,u,u,u sizes=4096,4096,4096,3328,256 num_segments=16,16,16,13,1 num_paths=77 u=256], input shapes: torch.Size([7, 13, 256]), torch.Size([134]), torch.Size([134, 16, 256])
2025-09-17 19:30:52.255 DEBUG: Calling TensorProductUniform4x1d: u,u,,u sizes=1024,256,16,4096 num_segments=4,1,16,16 num_paths=16 u=256, input shapes: torch.Size([1334, 1024]), torch.Size([1334, 256]), torch.Size([1334, 16])
2025-09-17 19:30:52.262 DEBUG: Calling SymmetricTensorContraction: [u,u,u sizes=4096,12544,2304 num_segments=16,49,9 num_paths=9 u=256, u,u,u,u sizes=4096,4096,12544,2304 num_segments=16,16,49,9 num_paths=125 u=256, u,u,u,u,u sizes=4096,4096,4096,12544,2304 num_segments=16,16,16,49,9 num_paths=1093 u=256], input shapes: torch.Size([7, 49, 256]), torch.Size([118]), torch.Size([118, 16, 256])
2025-09-17 19:30:52.266 DEBUG: Calling TensorProductUniform4x1d: u,u,,u sizes=4352,2304,16,18176 num_segments=17,9,16,71 num_paths=215 u=256, input shapes: torch.Size([1334, 4352]), torch.Size([1334, 2304]), torch.Size([1334, 16])
2025-09-17 19:30:52.270 DEBUG: Calling SymmetricTensorContraction: [u,u,u sizes=4096,3328,256 num_segments=16,13,1 num_paths=1 u=256, u,u,u,u sizes=4096,4096,3328,256 num_segments=16,16,13,1 num_paths=16 u=256, u,u,u,u,u sizes=4096,4096,4096,3328,256 num_segments=16,16,16,13,1 num_paths=77 u=256], input shapes: torch.Size([7, 13, 256]), torch.Size([118]), torch.Size([118, 16, 256])
2025-09-17 19:30:52.295 DEBUG: Calling TensorProductUniform4x1d: u,u,,u sizes=1024,256,16,4096 num_segments=4,1,16,16 num_paths=16 u=256, input shapes: torch.Size([1842, 1024]), torch.Size([1842, 256]), torch.Size([1842, 16])
2025-09-17 19:30:52.302 DEBUG: Calling SymmetricTensorContraction: [u,u,u sizes=4096,12544,2304 num_segments=16,49,9 num_paths=9 u=256, u,u,u,u sizes=4096,4096,12544,2304 num_segments=16,16,49,9 num_paths=125 u=256, u,u,u,u,u sizes=4096,4096,4096,12544,2304 num_segments=16,16,16,49,9 num_paths=1093 u=256], input shapes: torch.Size([7, 49, 256]), torch.Size([138]), torch.Size([138, 16, 256])
2025-09-17 19:30:52.306 DEBUG: Calling TensorProductUniform4x1d: u,u,,u sizes=4352,2304,16,18176 num_segments=17,9,16,71 num_paths=215 u=256, input shapes: torch.Size([1842, 4352]), torch.Size([1842, 2304]), torch.Size([1842, 16])
2025-09-17 19:30:52.310 DEBUG: Calling SymmetricTensorContraction: [u,u,u sizes=4096,3328,256 num_segments=16,13,1 num_paths=1 u=256, u,u,u,u sizes=4096,4096,3328,256 num_segments=16,16,13,1 num_paths=16 u=256, u,u,u,u,u sizes=4096,4096,4096,3328,256 num_segments=16,16,16,13,1 num_paths=77 u=256], input shapes: torch.Size([7, 13, 256]), torch.Size([138]), torch.Size([138, 16, 256])
2025-09-17 19:30:52.334 DEBUG: Calling TensorProductUniform4x1d: u,u,,u sizes=1024,256,16,4096 num_segments=4,1,16,16 num_paths=16 u=256, input shapes: torch.Size([1572, 1024]), torch.Size([1572, 256]), torch.Size([1572, 16])
2025-09-17 19:30:52.340 DEBUG: Calling SymmetricTensorContraction: [u,u,u sizes=4096,12544,2304 num_segments=16,49,9 num_paths=9 u=256, u,u,u,u sizes=4096,4096,12544,2304 num_segments=16,16,49,9 num_paths=125 u=256, u,u,u,u,u sizes=4096,4096,4096,12544,2304 num_segments=16,16,16,49,9 num_paths=1093 u=256], input shapes: torch.Size([7, 49, 256]), torch.Size([129]), torch.Size([129, 16, 256])
2025-09-17 19:30:52.344 DEBUG: Calling TensorProductUniform4x1d: u,u,,u sizes=4352,2304,16,18176 num_segments=17,9,16,71 num_paths=215 u=256, input shapes: torch.Size([1572, 4352]), torch.Size([1572, 2304]), torch.Size([1572, 16])
2025-09-17 19:30:52.348 DEBUG: Calling SymmetricTensorContraction: [u,u,u sizes=4096,3328,256 num_segments=16,13,1 num_paths=1 u=256, u,u,u,u sizes=4096,4096,3328,256 num_segments=16,16,13,1 num_paths=16 u=256, u,u,u,u,u sizes=4096,4096,4096,3328,256 num_segments=16,16,16,13,1 num_paths=77 u=256], input shapes: torch.Size([7, 13, 256]), torch.Size([129]), torch.Size([129, 16, 256])
2025-09-17 19:30:52.371 DEBUG: Calling TensorProductUniform4x1d: u,u,,u sizes=1024,256,16,4096 num_segments=4,1,16,16 num_paths=16 u=256, input shapes: torch.Size([1698, 1024]), torch.Size([1698, 256]), torch.Size([1698, 16])
2025-09-17 19:30:52.378 DEBUG: Calling SymmetricTensorContraction: [u,u,u sizes=4096,12544,2304 num_segments=16,49,9 num_paths=9 u=256, u,u,u,u sizes=4096,4096,12544,2304 num_segments=16,16,49,9 num_paths=125 u=256, u,u,u,u,u sizes=4096,4096,4096,12544,2304 num_segments=16,16,16,49,9 num_paths=1093 u=256], input shapes: torch.Size([7, 49, 256]), torch.Size([135]), torch.Size([135, 16, 256])
2025-09-17 19:30:52.382 DEBUG: Calling TensorProductUniform4x1d: u,u,,u sizes=4352,2304,16,18176 num_segments=17,9,16,71 num_paths=215 u=256, input shapes: torch.Size([1698, 4352]), torch.Size([1698, 2304]), torch.Size([1698, 16])
2025-09-17 19:30:52.387 DEBUG: Calling SymmetricTensorContraction: [u,u,u sizes=4096,3328,256 num_segments=16,13,1 num_paths=1 u=256, u,u,u,u sizes=4096,4096,3328,256 num_segments=16,16,13,1 num_paths=16 u=256, u,u,u,u,u sizes=4096,4096,4096,3328,256 num_segments=16,16,16,13,1 num_paths=77 u=256], input shapes: torch.Size([7, 13, 256]), torch.Size([135]), torch.Size([135, 16, 256])
2025-09-17 19:30:52.408 DEBUG: Calling TensorProductUniform4x1d: u,u,,u sizes=1024,256,16,4096 num_segments=4,1,16,16 num_paths=16 u=256, input shapes: torch.Size([1814, 1024]), torch.Size([1814, 256]), torch.Size([1814, 16])
2025-09-17 19:30:52.415 DEBUG: Calling SymmetricTensorContraction: [u,u,u sizes=4096,12544,2304 num_segments=16,49,9 num_paths=9 u=256, u,u,u,u sizes=4096,4096,12544,2304 num_segments=16,16,49,9 num_paths=125 u=256, u,u,u,u,u sizes=4096,4096,4096,12544,2304 num_segments=16,16,16,49,9 num_paths=1093 u=256], input shapes: torch.Size([7, 49, 256]), torch.Size([139]), torch.Size([139, 16, 256])
2025-09-17 19:30:52.444 DEBUG: Calling TensorProductUniform4x1d: u,u,,u sizes=4352,2304,16,18176 num_segments=17,9,16,71 num_paths=215 u=256, input shapes: torch.Size([1814, 4352]), torch.Size([1814, 2304]), torch.Size([1814, 16])
2025-09-17 19:30:52.449 DEBUG: Calling SymmetricTensorContraction: [u,u,u sizes=4096,3328,256 num_segments=16,13,1 num_paths=1 u=256, u,u,u,u sizes=4096,4096,3328,256 num_segments=16,16,13,1 num_paths=16 u=256, u,u,u,u,u sizes=4096,4096,4096,3328,256 num_segments=16,16,16,13,1 num_paths=77 u=256], input shapes: torch.Size([7, 13, 256]), torch.Size([139]), torch.Size([139, 16, 256])
2025-09-17 19:30:52.471 DEBUG: Calling TensorProductUniform4x1d: u,u,,u sizes=1024,256,16,4096 num_segments=4,1,16,16 num_paths=16 u=256, input shapes: torch.Size([1598, 1024]), torch.Size([1598, 256]), torch.Size([1598, 16])
2025-09-17 19:30:52.478 DEBUG: Calling SymmetricTensorContraction: [u,u,u sizes=4096,12544,2304 num_segments=16,49,9 num_paths=9 u=256, u,u,u,u sizes=4096,4096,12544,2304 num_segments=16,16,49,9 num_paths=125 u=256, u,u,u,u,u sizes=4096,4096,4096,12544,2304 num_segments=16,16,16,49,9 num_paths=1093 u=256], input shapes: torch.Size([7, 49, 256]), torch.Size([130]), torch.Size([130, 16, 256])
2025-09-17 19:30:52.483 DEBUG: Calling TensorProductUniform4x1d: u,u,,u sizes=4352,2304,16,18176 num_segments=17,9,16,71 num_paths=215 u=256, input shapes: torch.Size([1598, 4352]), torch.Size([1598, 2304]), torch.Size([1598, 16])
2025-09-17 19:30:52.487 DEBUG: Calling SymmetricTensorContraction: [u,u,u sizes=4096,3328,256 num_segments=16,13,1 num_paths=1 u=256, u,u,u,u sizes=4096,4096,3328,256 num_segments=16,16,13,1 num_paths=16 u=256, u,u,u,u,u sizes=4096,4096,4096,3328,256 num_segments=16,16,16,13,1 num_paths=77 u=256], input shapes: torch.Size([7, 13, 256]), torch.Size([130]), torch.Size([130, 16, 256])
2025-09-17 19:30:52.514 DEBUG: Calling TensorProductUniform4x1d: u,u,,u sizes=1024,256,16,4096 num_segments=4,1,16,16 num_paths=16 u=256, input shapes: torch.Size([1794, 1024]), torch.Size([1794, 256]), torch.Size([1794, 16])
2025-09-17 19:30:52.521 DEBUG: Calling SymmetricTensorContraction: [u,u,u sizes=4096,12544,2304 num_segments=16,49,9 num_paths=9 u=256, u,u,u,u sizes=4096,4096,12544,2304 num_segments=16,16,49,9 num_paths=125 u=256, u,u,u,u,u sizes=4096,4096,4096,12544,2304 num_segments=16,16,16,49,9 num_paths=1093 u=256], input shapes: torch.Size([7, 49, 256]), torch.Size([138]), torch.Size([138, 16, 256])
2025-09-17 19:30:52.527 DEBUG: Calling TensorProductUniform4x1d: u,u,,u sizes=4352,2304,16,18176 num_segments=17,9,16,71 num_paths=215 u=256, input shapes: torch.Size([1794, 4352]), torch.Size([1794, 2304]), torch.Size([1794, 16])
2025-09-17 19:30:52.533 DEBUG: Calling SymmetricTensorContraction: [u,u,u sizes=4096,3328,256 num_segments=16,13,1 num_paths=1 u=256, u,u,u,u sizes=4096,4096,3328,256 num_segments=16,16,13,1 num_paths=16 u=256, u,u,u,u,u sizes=4096,4096,4096,3328,256 num_segments=16,16,16,13,1 num_paths=77 u=256], input shapes: torch.Size([7, 13, 256]), torch.Size([138]), torch.Size([138, 16, 256])
2025-09-17 19:30:52.559 DEBUG: Calling TensorProductUniform4x1d: u,u,,u sizes=1024,256,16,4096 num_segments=4,1,16,16 num_paths=16 u=256, input shapes: torch.Size([1606, 1024]), torch.Size([1606, 256]), torch.Size([1606, 16])
2025-09-17 19:30:52.566 DEBUG: Calling SymmetricTensorContraction: [u,u,u sizes=4096,12544,2304 num_segments=16,49,9 num_paths=9 u=256, u,u,u,u sizes=4096,4096,12544,2304 num_segments=16,16,49,9 num_paths=125 u=256, u,u,u,u,u sizes=4096,4096,4096,12544,2304 num_segments=16,16,16,49,9 num_paths=1093 u=256], input shapes: torch.Size([7, 49, 256]), torch.Size([130]), torch.Size([130, 16, 256])
2025-09-17 19:30:52.573 DEBUG: Calling TensorProductUniform4x1d: u,u,,u sizes=4352,2304,16,18176 num_segments=17,9,16,71 num_paths=215 u=256, input shapes: torch.Size([1606, 4352]), torch.Size([1606, 2304]), torch.Size([1606, 16])
2025-09-17 19:30:52.581 DEBUG: Calling SymmetricTensorContraction: [u,u,u sizes=4096,3328,256 num_segments=16,13,1 num_paths=1 u=256, u,u,u,u sizes=4096,4096,3328,256 num_segments=16,16,13,1 num_paths=16 u=256, u,u,u,u,u sizes=4096,4096,4096,3328,256 num_segments=16,16,16,13,1 num_paths=77 u=256], input shapes: torch.Size([7, 13, 256]), torch.Size([130]), torch.Size([130, 16, 256])
2025-09-17 19:30:52.614 DEBUG: Calling TensorProductUniform4x1d: u,u,,u sizes=1024,256,16,4096 num_segments=4,1,16,16 num_paths=16 u=256, input shapes: torch.Size([1768, 1024]), torch.Size([1768, 256]), torch.Size([1768, 16])
2025-09-17 19:30:52.625 DEBUG: Calling SymmetricTensorContraction: [u,u,u sizes=4096,12544,2304 num_segments=16,49,9 num_paths=9 u=256, u,u,u,u sizes=4096,4096,12544,2304 num_segments=16,16,49,9 num_paths=125 u=256, u,u,u,u,u sizes=4096,4096,4096,12544,2304 num_segments=16,16,16,49,9 num_paths=1093 u=256], input shapes: torch.Size([7, 49, 256]), torch.Size([138]), torch.Size([138, 16, 256])
2025-09-17 19:30:52.631 DEBUG: Calling TensorProductUniform4x1d: u,u,,u sizes=4352,2304,16,18176 num_segments=17,9,16,71 num_paths=215 u=256, input shapes: torch.Size([1768, 4352]), torch.Size([1768, 2304]), torch.Size([1768, 16])
2025-09-17 19:30:52.637 DEBUG: Calling SymmetricTensorContraction: [u,u,u sizes=4096,3328,256 num_segments=16,13,1 num_paths=1 u=256, u,u,u,u sizes=4096,4096,3328,256 num_segments=16,16,13,1 num_paths=16 u=256, u,u,u,u,u sizes=4096,4096,4096,3328,256 num_segments=16,16,16,13,1 num_paths=77 u=256], input shapes: torch.Size([7, 13, 256]), torch.Size([138]), torch.Size([138, 16, 256])
2025-09-17 19:30:52.665 DEBUG: Calling TensorProductUniform4x1d: u,u,,u sizes=1024,256,16,4096 num_segments=4,1,16,16 num_paths=16 u=256, input shapes: torch.Size([1422, 1024]), torch.Size([1422, 256]), torch.Size([1422, 16])
2025-09-17 19:30:52.673 DEBUG: Calling SymmetricTensorContraction: [u,u,u sizes=4096,12544,2304 num_segments=16,49,9 num_paths=9 u=256, u,u,u,u sizes=4096,4096,12544,2304 num_segments=16,16,49,9 num_paths=125 u=256, u,u,u,u,u sizes=4096,4096,4096,12544,2304 num_segments=16,16,16,49,9 num_paths=1093 u=256], input shapes: torch.Size([7, 49, 256]), torch.Size([122]), torch.Size([122, 16, 256])
2025-09-17 19:30:52.679 DEBUG: Calling TensorProductUniform4x1d: u,u,,u sizes=4352,2304,16,18176 num_segments=17,9,16,71 num_paths=215 u=256, input shapes: torch.Size([1422, 4352]), torch.Size([1422, 2304]), torch.Size([1422, 16])
2025-09-17 19:30:52.683 DEBUG: Calling SymmetricTensorContraction: [u,u,u sizes=4096,3328,256 num_segments=16,13,1 num_paths=1 u=256, u,u,u,u sizes=4096,4096,3328,256 num_segments=16,16,13,1 num_paths=16 u=256, u,u,u,u,u sizes=4096,4096,4096,3328,256 num_segments=16,16,16,13,1 num_paths=77 u=256], input shapes: torch.Size([7, 13, 256]), torch.Size([122]), torch.Size([122, 16, 256])
2025-09-17 19:30:52.710 DEBUG: Calling TensorProductUniform4x1d: u,u,,u sizes=1024,256,16,4096 num_segments=4,1,16,16 num_paths=16 u=256, input shapes: torch.Size([1502, 1024]), torch.Size([1502, 256]), torch.Size([1502, 16])
2025-09-17 19:30:52.719 DEBUG: Calling SymmetricTensorContraction: [u,u,u sizes=4096,12544,2304 num_segments=16,49,9 num_paths=9 u=256, u,u,u,u sizes=4096,4096,12544,2304 num_segments=16,16,49,9 num_paths=125 u=256, u,u,u,u,u sizes=4096,4096,4096,12544,2304 num_segments=16,16,16,49,9 num_paths=1093 u=256], input shapes: torch.Size([7, 49, 256]), torch.Size([127]), torch.Size([127, 16, 256])
2025-09-17 19:30:52.724 DEBUG: Calling TensorProductUniform4x1d: u,u,,u sizes=4352,2304,16,18176 num_segments=17,9,16,71 num_paths=215 u=256, input shapes: torch.Size([1502, 4352]), torch.Size([1502, 2304]), torch.Size([1502, 16])
2025-09-17 19:30:52.729 DEBUG: Calling SymmetricTensorContraction: [u,u,u sizes=4096,3328,256 num_segments=16,13,1 num_paths=1 u=256, u,u,u,u sizes=4096,4096,3328,256 num_segments=16,16,13,1 num_paths=16 u=256, u,u,u,u,u sizes=4096,4096,4096,3328,256 num_segments=16,16,16,13,1 num_paths=77 u=256], input shapes: torch.Size([7, 13, 256]), torch.Size([127]), torch.Size([127, 16, 256])
2025-09-17 19:30:52.755 DEBUG: Calling TensorProductUniform4x1d: u,u,,u sizes=1024,256,16,4096 num_segments=4,1,16,16 num_paths=16 u=256, input shapes: torch.Size([1422, 1024]), torch.Size([1422, 256]), torch.Size([1422, 16])
2025-09-17 19:30:52.762 DEBUG: Calling SymmetricTensorContraction: [u,u,u sizes=4096,12544,2304 num_segments=16,49,9 num_paths=9 u=256, u,u,u,u sizes=4096,4096,12544,2304 num_segments=16,16,49,9 num_paths=125 u=256, u,u,u,u,u sizes=4096,4096,4096,12544,2304 num_segments=16,16,16,49,9 num_paths=1093 u=256], input shapes: torch.Size([7, 49, 256]), torch.Size([123]), torch.Size([123, 16, 256])
2025-09-17 19:30:52.766 DEBUG: Calling TensorProductUniform4x1d: u,u,,u sizes=4352,2304,16,18176 num_segments=17,9,16,71 num_paths=215 u=256, input shapes: torch.Size([1422, 4352]), torch.Size([1422, 2304]), torch.Size([1422, 16])
2025-09-17 19:30:52.771 DEBUG: Calling SymmetricTensorContraction: [u,u,u sizes=4096,3328,256 num_segments=16,13,1 num_paths=1 u=256, u,u,u,u sizes=4096,4096,3328,256 num_segments=16,16,13,1 num_paths=16 u=256, u,u,u,u,u sizes=4096,4096,4096,3328,256 num_segments=16,16,16,13,1 num_paths=77 u=256], input shapes: torch.Size([7, 13, 256]), torch.Size([123]), torch.Size([123, 16, 256])
2025-09-17 19:30:52.799 DEBUG: Calling TensorProductUniform4x1d: u,u,,u sizes=1024,256,16,4096 num_segments=4,1,16,16 num_paths=16 u=256, input shapes: torch.Size([856, 1024]), torch.Size([856, 256]), torch.Size([856, 16])
2025-09-17 19:30:52.805 DEBUG: Calling SymmetricTensorContraction: [u,u,u sizes=4096,12544,2304 num_segments=16,49,9 num_paths=9 u=256, u,u,u,u sizes=4096,4096,12544,2304 num_segments=16,16,49,9 num_paths=125 u=256, u,u,u,u,u sizes=4096,4096,4096,12544,2304 num_segments=16,16,16,49,9 num_paths=1093 u=256], input shapes: torch.Size([7, 49, 256]), torch.Size([73]), torch.Size([73, 16, 256])
2025-09-17 19:30:52.809 DEBUG: Calling TensorProductUniform4x1d: u,u,,u sizes=4352,2304,16,18176 num_segments=17,9,16,71 num_paths=215 u=256, input shapes: torch.Size([856, 4352]), torch.Size([856, 2304]), torch.Size([856, 16])
2025-09-17 19:30:52.814 DEBUG: Calling SymmetricTensorContraction: [u,u,u sizes=4096,3328,256 num_segments=16,13,1 num_paths=1 u=256, u,u,u,u sizes=4096,4096,3328,256 num_segments=16,16,13,1 num_paths=16 u=256, u,u,u,u,u sizes=4096,4096,4096,3328,256 num_segments=16,16,16,13,1 num_paths=77 u=256], input shapes: torch.Size([7, 13, 256]), torch.Size([73]), torch.Size([73, 16, 256])
2025-09-17 19:30:52.872 INFO: Initial: head: Default, loss=0.19962351, MAE_E=  260.47 meV, MAE_F=  293.22 meV / A
2025-09-17 19:30:52.881 DEBUG: Calling TensorProductUniform4x1d: u,u,,u sizes=1024,256,16,4096 num_segments=4,1,16,16 num_paths=16 u=256, input shapes: torch.Size([1364, 1024]), torch.Size([1364, 256]), torch.Size([1364, 16])
2025-09-17 19:30:52.891 DEBUG: Calling SymmetricTensorContraction: [u,u,u sizes=4096,12544,2304 num_segments=16,49,9 num_paths=9 u=256, u,u,u,u sizes=4096,4096,12544,2304 num_segments=16,16,49,9 num_paths=125 u=256, u,u,u,u,u sizes=4096,4096,4096,12544,2304 num_segments=16,16,16,49,9 num_paths=1093 u=256], input shapes: torch.Size([7, 49, 256]), torch.Size([121]), torch.Size([121, 16, 256])
2025-09-17 19:30:52.908 DEBUG: Calling TensorProductUniform4x1d: u,u,,u sizes=4352,2304,16,18176 num_segments=17,9,16,71 num_paths=215 u=256, input shapes: torch.Size([1364, 4352]), torch.Size([1364, 2304]), torch.Size([1364, 16])
2025-09-17 19:30:52.917 DEBUG: Calling SymmetricTensorContraction: [u,u,u sizes=4096,3328,256 num_segments=16,13,1 num_paths=1 u=256, u,u,u,u sizes=4096,4096,3328,256 num_segments=16,16,13,1 num_paths=16 u=256, u,u,u,u,u sizes=4096,4096,4096,3328,256 num_segments=16,16,16,13,1 num_paths=77 u=256], input shapes: torch.Size([7, 13, 256]), torch.Size([121]), torch.Size([121, 16, 256])
2025-09-17 19:31:53.301 DEBUG: Calling TensorProductUniform4x1d: u,u,,u sizes=1024,256,16,4096 num_segments=4,1,16,16 num_paths=16 u=256, input shapes: torch.Size([1674, 1024]), torch.Size([1674, 256]), torch.Size([1674, 16])
2025-09-17 19:31:53.307 DEBUG: Calling SymmetricTensorContraction: [u,u,u sizes=4096,12544,2304 num_segments=16,49,9 num_paths=9 u=256, u,u,u,u sizes=4096,4096,12544,2304 num_segments=16,16,49,9 num_paths=125 u=256, u,u,u,u,u sizes=4096,4096,4096,12544,2304 num_segments=16,16,16,49,9 num_paths=1093 u=256], input shapes: torch.Size([7, 49, 256]), torch.Size([133]), torch.Size([133, 16, 256])
2025-09-17 19:31:53.312 DEBUG: Calling TensorProductUniform4x1d: u,u,,u sizes=4352,2304,16,18176 num_segments=17,9,16,71 num_paths=215 u=256, input shapes: torch.Size([1674, 4352]), torch.Size([1674, 2304]), torch.Size([1674, 16])
2025-09-17 19:31:53.317 DEBUG: Calling SymmetricTensorContraction: [u,u,u sizes=4096,3328,256 num_segments=16,13,1 num_paths=1 u=256, u,u,u,u sizes=4096,4096,3328,256 num_segments=16,16,13,1 num_paths=16 u=256, u,u,u,u,u sizes=4096,4096,4096,3328,256 num_segments=16,16,16,13,1 num_paths=77 u=256], input shapes: torch.Size([7, 13, 256]), torch.Size([133]), torch.Size([133, 16, 256])
2025-09-17 19:31:53.733 DEBUG: Calling TensorProductUniform4x1d: u,u,,u sizes=1024,256,16,4096 num_segments=4,1,16,16 num_paths=16 u=256, input shapes: torch.Size([1476, 1024]), torch.Size([1476, 256]), torch.Size([1476, 16])
2025-09-17 19:31:53.739 DEBUG: Calling SymmetricTensorContraction: [u,u,u sizes=4096,12544,2304 num_segments=16,49,9 num_paths=9 u=256, u,u,u,u sizes=4096,4096,12544,2304 num_segments=16,16,49,9 num_paths=125 u=256, u,u,u,u,u sizes=4096,4096,4096,12544,2304 num_segments=16,16,16,49,9 num_paths=1093 u=256], input shapes: torch.Size([7, 49, 256]), torch.Size([126]), torch.Size([126, 16, 256])
2025-09-17 19:31:53.743 DEBUG: Calling TensorProductUniform4x1d: u,u,,u sizes=4352,2304,16,18176 num_segments=17,9,16,71 num_paths=215 u=256, input shapes: torch.Size([1476, 4352]), torch.Size([1476, 2304]), torch.Size([1476, 16])
2025-09-17 19:31:53.748 DEBUG: Calling SymmetricTensorContraction: [u,u,u sizes=4096,3328,256 num_segments=16,13,1 num_paths=1 u=256, u,u,u,u sizes=4096,4096,3328,256 num_segments=16,16,13,1 num_paths=16 u=256, u,u,u,u,u sizes=4096,4096,4096,3328,256 num_segments=16,16,16,13,1 num_paths=77 u=256], input shapes: torch.Size([7, 13, 256]), torch.Size([126]), torch.Size([126, 16, 256])
2025-09-17 19:31:54.883 DEBUG: Calling TensorProductUniform4x1d: u,u,,u sizes=1024,256,16,4096 num_segments=4,1,16,16 num_paths=16 u=256, input shapes: torch.Size([1638, 1024]), torch.Size([1638, 256]), torch.Size([1638, 16])
2025-09-17 19:31:54.890 DEBUG: Calling SymmetricTensorContraction: [u,u,u sizes=4096,12544,2304 num_segments=16,49,9 num_paths=9 u=256, u,u,u,u sizes=4096,4096,12544,2304 num_segments=16,16,49,9 num_paths=125 u=256, u,u,u,u,u sizes=4096,4096,4096,12544,2304 num_segments=16,16,16,49,9 num_paths=1093 u=256], input shapes: torch.Size([7, 49, 256]), torch.Size([131]), torch.Size([131, 16, 256])
2025-09-17 19:31:54.893 DEBUG: Calling TensorProductUniform4x1d: u,u,,u sizes=4352,2304,16,18176 num_segments=17,9,16,71 num_paths=215 u=256, input shapes: torch.Size([1638, 4352]), torch.Size([1638, 2304]), torch.Size([1638, 16])
2025-09-17 19:31:54.898 DEBUG: Calling SymmetricTensorContraction: [u,u,u sizes=4096,3328,256 num_segments=16,13,1 num_paths=1 u=256, u,u,u,u sizes=4096,4096,3328,256 num_segments=16,16,13,1 num_paths=16 u=256, u,u,u,u,u sizes=4096,4096,4096,3328,256 num_segments=16,16,16,13,1 num_paths=77 u=256], input shapes: torch.Size([7, 13, 256]), torch.Size([131]), torch.Size([131, 16, 256])
2025-09-17 19:31:55.673 DEBUG: Calling TensorProductUniform4x1d: u,u,,u sizes=1024,256,16,4096 num_segments=4,1,16,16 num_paths=16 u=256, input shapes: torch.Size([1604, 1024]), torch.Size([1604, 256]), torch.Size([1604, 16])
2025-09-17 19:31:55.684 DEBUG: Calling SymmetricTensorContraction: [u,u,u sizes=4096,12544,2304 num_segments=16,49,9 num_paths=9 u=256, u,u,u,u sizes=4096,4096,12544,2304 num_segments=16,16,49,9 num_paths=125 u=256, u,u,u,u,u sizes=4096,4096,4096,12544,2304 num_segments=16,16,16,49,9 num_paths=1093 u=256], input shapes: torch.Size([7, 49, 256]), torch.Size([131]), torch.Size([131, 16, 256])
2025-09-17 19:31:55.688 DEBUG: Calling TensorProductUniform4x1d: u,u,,u sizes=4352,2304,16,18176 num_segments=17,9,16,71 num_paths=215 u=256, input shapes: torch.Size([1604, 4352]), torch.Size([1604, 2304]), torch.Size([1604, 16])
2025-09-17 19:31:55.695 DEBUG: Calling SymmetricTensorContraction: [u,u,u sizes=4096,3328,256 num_segments=16,13,1 num_paths=1 u=256, u,u,u,u sizes=4096,4096,3328,256 num_segments=16,16,13,1 num_paths=16 u=256, u,u,u,u,u sizes=4096,4096,4096,3328,256 num_segments=16,16,16,13,1 num_paths=77 u=256], input shapes: torch.Size([7, 13, 256]), torch.Size([131]), torch.Size([131, 16, 256])
2025-09-17 19:31:56.496 DEBUG: Calling TensorProductUniform4x1d: u,u,,u sizes=1024,256,16,4096 num_segments=4,1,16,16 num_paths=16 u=256, input shapes: torch.Size([1310, 1024]), torch.Size([1310, 256]), torch.Size([1310, 16])
2025-09-17 19:31:56.506 DEBUG: Calling SymmetricTensorContraction: [u,u,u sizes=4096,12544,2304 num_segments=16,49,9 num_paths=9 u=256, u,u,u,u sizes=4096,4096,12544,2304 num_segments=16,16,49,9 num_paths=125 u=256, u,u,u,u,u sizes=4096,4096,4096,12544,2304 num_segments=16,16,16,49,9 num_paths=1093 u=256], input shapes: torch.Size([7, 49, 256]), torch.Size([118]), torch.Size([118, 16, 256])
2025-09-17 19:31:56.510 DEBUG: Calling TensorProductUniform4x1d: u,u,,u sizes=4352,2304,16,18176 num_segments=17,9,16,71 num_paths=215 u=256, input shapes: torch.Size([1310, 4352]), torch.Size([1310, 2304]), torch.Size([1310, 16])
2025-09-17 19:31:56.517 DEBUG: Calling SymmetricTensorContraction: [u,u,u sizes=4096,3328,256 num_segments=16,13,1 num_paths=1 u=256, u,u,u,u sizes=4096,4096,3328,256 num_segments=16,16,13,1 num_paths=16 u=256, u,u,u,u,u sizes=4096,4096,4096,3328,256 num_segments=16,16,16,13,1 num_paths=77 u=256], input shapes: torch.Size([7, 13, 256]), torch.Size([118]), torch.Size([118, 16, 256])
2025-09-17 19:31:56.601 DEBUG: Calling TensorProductUniform4x1d: u,u,,u sizes=1024,256,16,4096 num_segments=4,1,16,16 num_paths=16 u=256, input shapes: torch.Size([1632, 1024]), torch.Size([1632, 256]), torch.Size([1632, 16])
2025-09-17 19:31:56.613 DEBUG: Calling SymmetricTensorContraction: [u,u,u sizes=4096,12544,2304 num_segments=16,49,9 num_paths=9 u=256, u,u,u,u sizes=4096,4096,12544,2304 num_segments=16,16,49,9 num_paths=125 u=256, u,u,u,u,u sizes=4096,4096,4096,12544,2304 num_segments=16,16,16,49,9 num_paths=1093 u=256], input shapes: torch.Size([7, 49, 256]), torch.Size([131]), torch.Size([131, 16, 256])
2025-09-17 19:31:56.617 DEBUG: Calling TensorProductUniform4x1d: u,u,,u sizes=4352,2304,16,18176 num_segments=17,9,16,71 num_paths=215 u=256, input shapes: torch.Size([1632, 4352]), torch.Size([1632, 2304]), torch.Size([1632, 16])
2025-09-17 19:31:56.625 DEBUG: Calling SymmetricTensorContraction: [u,u,u sizes=4096,3328,256 num_segments=16,13,1 num_paths=1 u=256, u,u,u,u sizes=4096,4096,3328,256 num_segments=16,16,13,1 num_paths=16 u=256, u,u,u,u,u sizes=4096,4096,4096,3328,256 num_segments=16,16,16,13,1 num_paths=77 u=256], input shapes: torch.Size([7, 13, 256]), torch.Size([131]), torch.Size([131, 16, 256])
2025-09-17 19:31:56.715 DEBUG: Calling TensorProductUniform4x1d: u,u,,u sizes=1024,256,16,4096 num_segments=4,1,16,16 num_paths=16 u=256, input shapes: torch.Size([1430, 1024]), torch.Size([1430, 256]), torch.Size([1430, 16])
2025-09-17 19:31:56.725 DEBUG: Calling SymmetricTensorContraction: [u,u,u sizes=4096,12544,2304 num_segments=16,49,9 num_paths=9 u=256, u,u,u,u sizes=4096,4096,12544,2304 num_segments=16,16,49,9 num_paths=125 u=256, u,u,u,u,u sizes=4096,4096,4096,12544,2304 num_segments=16,16,16,49,9 num_paths=1093 u=256], input shapes: torch.Size([7, 49, 256]), torch.Size([124]), torch.Size([124, 16, 256])
2025-09-17 19:31:56.729 DEBUG: Calling TensorProductUniform4x1d: u,u,,u sizes=4352,2304,16,18176 num_segments=17,9,16,71 num_paths=215 u=256, input shapes: torch.Size([1430, 4352]), torch.Size([1430, 2304]), torch.Size([1430, 16])
2025-09-17 19:31:56.736 DEBUG: Calling SymmetricTensorContraction: [u,u,u sizes=4096,3328,256 num_segments=16,13,1 num_paths=1 u=256, u,u,u,u sizes=4096,4096,3328,256 num_segments=16,16,13,1 num_paths=16 u=256, u,u,u,u,u sizes=4096,4096,4096,3328,256 num_segments=16,16,16,13,1 num_paths=77 u=256], input shapes: torch.Size([7, 13, 256]), torch.Size([124]), torch.Size([124, 16, 256])
2025-09-17 19:31:56.802 DEBUG: Calling TensorProductUniform4x1d: u,u,,u sizes=1024,256,16,4096 num_segments=4,1,16,16 num_paths=16 u=256, input shapes: torch.Size([1598, 1024]), torch.Size([1598, 256]), torch.Size([1598, 16])
2025-09-17 19:31:56.809 DEBUG: Calling SymmetricTensorContraction: [u,u,u sizes=4096,12544,2304 num_segments=16,49,9 num_paths=9 u=256, u,u,u,u sizes=4096,4096,12544,2304 num_segments=16,16,49,9 num_paths=125 u=256, u,u,u,u,u sizes=4096,4096,4096,12544,2304 num_segments=16,16,16,49,9 num_paths=1093 u=256], input shapes: torch.Size([7, 49, 256]), torch.Size([131]), torch.Size([131, 16, 256])
2025-09-17 19:31:56.813 DEBUG: Calling TensorProductUniform4x1d: u,u,,u sizes=4352,2304,16,18176 num_segments=17,9,16,71 num_paths=215 u=256, input shapes: torch.Size([1598, 4352]), torch.Size([1598, 2304]), torch.Size([1598, 16])
2025-09-17 19:31:56.818 DEBUG: Calling SymmetricTensorContraction: [u,u,u sizes=4096,3328,256 num_segments=16,13,1 num_paths=1 u=256, u,u,u,u sizes=4096,4096,3328,256 num_segments=16,16,13,1 num_paths=16 u=256, u,u,u,u,u sizes=4096,4096,4096,3328,256 num_segments=16,16,16,13,1 num_paths=77 u=256], input shapes: torch.Size([7, 13, 256]), torch.Size([131]), torch.Size([131, 16, 256])
2025-09-17 19:31:56.880 DEBUG: Calling TensorProductUniform4x1d: u,u,,u sizes=1024,256,16,4096 num_segments=4,1,16,16 num_paths=16 u=256, input shapes: torch.Size([1530, 1024]), torch.Size([1530, 256]), torch.Size([1530, 16])
2025-09-17 19:31:56.887 DEBUG: Calling SymmetricTensorContraction: [u,u,u sizes=4096,12544,2304 num_segments=16,49,9 num_paths=9 u=256, u,u,u,u sizes=4096,4096,12544,2304 num_segments=16,16,49,9 num_paths=125 u=256, u,u,u,u,u sizes=4096,4096,4096,12544,2304 num_segments=16,16,16,49,9 num_paths=1093 u=256], input shapes: torch.Size([7, 49, 256]), torch.Size([128]), torch.Size([128, 16, 256])
2025-09-17 19:31:56.893 DEBUG: Calling TensorProductUniform4x1d: u,u,,u sizes=4352,2304,16,18176 num_segments=17,9,16,71 num_paths=215 u=256, input shapes: torch.Size([1530, 4352]), torch.Size([1530, 2304]), torch.Size([1530, 16])
2025-09-17 19:31:56.898 DEBUG: Calling SymmetricTensorContraction: [u,u,u sizes=4096,3328,256 num_segments=16,13,1 num_paths=1 u=256, u,u,u,u sizes=4096,4096,3328,256 num_segments=16,16,13,1 num_paths=16 u=256, u,u,u,u,u sizes=4096,4096,4096,3328,256 num_segments=16,16,16,13,1 num_paths=77 u=256], input shapes: torch.Size([7, 13, 256]), torch.Size([128]), torch.Size([128, 16, 256])
2025-09-17 19:31:56.966 DEBUG: Calling TensorProductUniform4x1d: u,u,,u sizes=1024,256,16,4096 num_segments=4,1,16,16 num_paths=16 u=256, input shapes: torch.Size([1568, 1024]), torch.Size([1568, 256]), torch.Size([1568, 16])
2025-09-17 19:31:56.988 DEBUG: Calling SymmetricTensorContraction: [u,u,u sizes=4096,12544,2304 num_segments=16,49,9 num_paths=9 u=256, u,u,u,u sizes=4096,4096,12544,2304 num_segments=16,16,49,9 num_paths=125 u=256, u,u,u,u,u sizes=4096,4096,4096,12544,2304 num_segments=16,16,16,49,9 num_paths=1093 u=256], input shapes: torch.Size([7, 49, 256]), torch.Size([129]), torch.Size([129, 16, 256])
2025-09-17 19:31:56.992 DEBUG: Calling TensorProductUniform4x1d: u,u,,u sizes=4352,2304,16,18176 num_segments=17,9,16,71 num_paths=215 u=256, input shapes: torch.Size([1568, 4352]), torch.Size([1568, 2304]), torch.Size([1568, 16])
2025-09-17 19:31:56.997 DEBUG: Calling SymmetricTensorContraction: [u,u,u sizes=4096,3328,256 num_segments=16,13,1 num_paths=1 u=256, u,u,u,u sizes=4096,4096,3328,256 num_segments=16,16,13,1 num_paths=16 u=256, u,u,u,u,u sizes=4096,4096,4096,3328,256 num_segments=16,16,16,13,1 num_paths=77 u=256], input shapes: torch.Size([7, 13, 256]), torch.Size([129]), torch.Size([129, 16, 256])
2025-09-17 19:31:57.058 DEBUG: Calling TensorProductUniform4x1d: u,u,,u sizes=1024,256,16,4096 num_segments=4,1,16,16 num_paths=16 u=256, input shapes: torch.Size([1264, 1024]), torch.Size([1264, 256]), torch.Size([1264, 16])
2025-09-17 19:31:57.064 DEBUG: Calling SymmetricTensorContraction: [u,u,u sizes=4096,12544,2304 num_segments=16,49,9 num_paths=9 u=256, u,u,u,u sizes=4096,4096,12544,2304 num_segments=16,16,49,9 num_paths=125 u=256, u,u,u,u,u sizes=4096,4096,4096,12544,2304 num_segments=16,16,16,49,9 num_paths=1093 u=256], input shapes: torch.Size([7, 49, 256]), torch.Size([114]), torch.Size([114, 16, 256])
2025-09-17 19:31:57.068 DEBUG: Calling TensorProductUniform4x1d: u,u,,u sizes=4352,2304,16,18176 num_segments=17,9,16,71 num_paths=215 u=256, input shapes: torch.Size([1264, 4352]), torch.Size([1264, 2304]), torch.Size([1264, 16])
2025-09-17 19:31:57.073 DEBUG: Calling SymmetricTensorContraction: [u,u,u sizes=4096,3328,256 num_segments=16,13,1 num_paths=1 u=256, u,u,u,u sizes=4096,4096,3328,256 num_segments=16,16,13,1 num_paths=16 u=256, u,u,u,u,u sizes=4096,4096,4096,3328,256 num_segments=16,16,16,13,1 num_paths=77 u=256], input shapes: torch.Size([7, 13, 256]), torch.Size([114]), torch.Size([114, 16, 256])
2025-09-17 19:31:57.126 DEBUG: Calling TensorProductUniform4x1d: u,u,,u sizes=1024,256,16,4096 num_segments=4,1,16,16 num_paths=16 u=256, input shapes: torch.Size([1404, 1024]), torch.Size([1404, 256]), torch.Size([1404, 16])
2025-09-17 19:31:57.133 DEBUG: Calling SymmetricTensorContraction: [u,u,u sizes=4096,12544,2304 num_segments=16,49,9 num_paths=9 u=256, u,u,u,u sizes=4096,4096,12544,2304 num_segments=16,16,49,9 num_paths=125 u=256, u,u,u,u,u sizes=4096,4096,4096,12544,2304 num_segments=16,16,16,49,9 num_paths=1093 u=256], input shapes: torch.Size([7, 49, 256]), torch.Size([121]), torch.Size([121, 16, 256])
2025-09-17 19:31:57.137 DEBUG: Calling TensorProductUniform4x1d: u,u,,u sizes=4352,2304,16,18176 num_segments=17,9,16,71 num_paths=215 u=256, input shapes: torch.Size([1404, 4352]), torch.Size([1404, 2304]), torch.Size([1404, 16])
2025-09-17 19:31:57.156 DEBUG: Calling SymmetricTensorContraction: [u,u,u sizes=4096,3328,256 num_segments=16,13,1 num_paths=1 u=256, u,u,u,u sizes=4096,4096,3328,256 num_segments=16,16,13,1 num_paths=16 u=256, u,u,u,u,u sizes=4096,4096,4096,3328,256 num_segments=16,16,16,13,1 num_paths=77 u=256], input shapes: torch.Size([7, 13, 256]), torch.Size([121]), torch.Size([121, 16, 256])
2025-09-17 19:31:57.206 DEBUG: Calling TensorProductUniform4x1d: u,u,,u sizes=1024,256,16,4096 num_segments=4,1,16,16 num_paths=16 u=256, input shapes: torch.Size([1334, 1024]), torch.Size([1334, 256]), torch.Size([1334, 16])
2025-09-17 19:31:57.213 DEBUG: Calling SymmetricTensorContraction: [u,u,u sizes=4096,12544,2304 num_segments=16,49,9 num_paths=9 u=256, u,u,u,u sizes=4096,4096,12544,2304 num_segments=16,16,49,9 num_paths=125 u=256, u,u,u,u,u sizes=4096,4096,4096,12544,2304 num_segments=16,16,16,49,9 num_paths=1093 u=256], input shapes: torch.Size([7, 49, 256]), torch.Size([119]), torch.Size([119, 16, 256])
2025-09-17 19:31:57.216 DEBUG: Calling TensorProductUniform4x1d: u,u,,u sizes=4352,2304,16,18176 num_segments=17,9,16,71 num_paths=215 u=256, input shapes: torch.Size([1334, 4352]), torch.Size([1334, 2304]), torch.Size([1334, 16])
2025-09-17 19:31:57.221 DEBUG: Calling SymmetricTensorContraction: [u,u,u sizes=4096,3328,256 num_segments=16,13,1 num_paths=1 u=256, u,u,u,u sizes=4096,4096,3328,256 num_segments=16,16,13,1 num_paths=16 u=256, u,u,u,u,u sizes=4096,4096,4096,3328,256 num_segments=16,16,16,13,1 num_paths=77 u=256], input shapes: torch.Size([7, 13, 256]), torch.Size([119]), torch.Size([119, 16, 256])
2025-09-17 19:31:57.274 DEBUG: Calling TensorProductUniform4x1d: u,u,,u sizes=1024,256,16,4096 num_segments=4,1,16,16 num_paths=16 u=256, input shapes: torch.Size([1376, 1024]), torch.Size([1376, 256]), torch.Size([1376, 16])
2025-09-17 19:31:57.280 DEBUG: Calling SymmetricTensorContraction: [u,u,u sizes=4096,12544,2304 num_segments=16,49,9 num_paths=9 u=256, u,u,u,u sizes=4096,4096,12544,2304 num_segments=16,16,49,9 num_paths=125 u=256, u,u,u,u,u sizes=4096,4096,4096,12544,2304 num_segments=16,16,16,49,9 num_paths=1093 u=256], input shapes: torch.Size([7, 49, 256]), torch.Size([122]), torch.Size([122, 16, 256])
2025-09-17 19:31:57.284 DEBUG: Calling TensorProductUniform4x1d: u,u,,u sizes=4352,2304,16,18176 num_segments=17,9,16,71 num_paths=215 u=256, input shapes: torch.Size([1376, 4352]), torch.Size([1376, 2304]), torch.Size([1376, 16])
2025-09-17 19:31:57.288 DEBUG: Calling SymmetricTensorContraction: [u,u,u sizes=4096,3328,256 num_segments=16,13,1 num_paths=1 u=256, u,u,u,u sizes=4096,4096,3328,256 num_segments=16,16,13,1 num_paths=16 u=256, u,u,u,u,u sizes=4096,4096,4096,3328,256 num_segments=16,16,16,13,1 num_paths=77 u=256], input shapes: torch.Size([7, 13, 256]), torch.Size([122]), torch.Size([122, 16, 256])
2025-09-17 19:31:57.338 DEBUG: Calling TensorProductUniform4x1d: u,u,,u sizes=1024,256,16,4096 num_segments=4,1,16,16 num_paths=16 u=256, input shapes: torch.Size([1390, 1024]), torch.Size([1390, 256]), torch.Size([1390, 16])
2025-09-17 19:31:57.345 DEBUG: Calling SymmetricTensorContraction: [u,u,u sizes=4096,12544,2304 num_segments=16,49,9 num_paths=9 u=256, u,u,u,u sizes=4096,4096,12544,2304 num_segments=16,16,49,9 num_paths=125 u=256, u,u,u,u,u sizes=4096,4096,4096,12544,2304 num_segments=16,16,16,49,9 num_paths=1093 u=256], input shapes: torch.Size([7, 49, 256]), torch.Size([122]), torch.Size([122, 16, 256])
2025-09-17 19:31:57.348 DEBUG: Calling TensorProductUniform4x1d: u,u,,u sizes=4352,2304,16,18176 num_segments=17,9,16,71 num_paths=215 u=256, input shapes: torch.Size([1390, 4352]), torch.Size([1390, 2304]), torch.Size([1390, 16])
2025-09-17 19:31:57.353 DEBUG: Calling SymmetricTensorContraction: [u,u,u sizes=4096,3328,256 num_segments=16,13,1 num_paths=1 u=256, u,u,u,u sizes=4096,4096,3328,256 num_segments=16,16,13,1 num_paths=16 u=256, u,u,u,u,u sizes=4096,4096,4096,3328,256 num_segments=16,16,16,13,1 num_paths=77 u=256], input shapes: torch.Size([7, 13, 256]), torch.Size([122]), torch.Size([122, 16, 256])
2025-09-17 19:31:57.410 DEBUG: Calling TensorProductUniform4x1d: u,u,,u sizes=1024,256,16,4096 num_segments=4,1,16,16 num_paths=16 u=256, input shapes: torch.Size([1726, 1024]), torch.Size([1726, 256]), torch.Size([1726, 16])
2025-09-17 19:31:57.417 DEBUG: Calling SymmetricTensorContraction: [u,u,u sizes=4096,12544,2304 num_segments=16,49,9 num_paths=9 u=256, u,u,u,u sizes=4096,4096,12544,2304 num_segments=16,16,49,9 num_paths=125 u=256, u,u,u,u,u sizes=4096,4096,4096,12544,2304 num_segments=16,16,16,49,9 num_paths=1093 u=256], input shapes: torch.Size([7, 49, 256]), torch.Size([136]), torch.Size([136, 16, 256])
2025-09-17 19:31:57.420 DEBUG: Calling TensorProductUniform4x1d: u,u,,u sizes=4352,2304,16,18176 num_segments=17,9,16,71 num_paths=215 u=256, input shapes: torch.Size([1726, 4352]), torch.Size([1726, 2304]), torch.Size([1726, 16])
2025-09-17 19:31:57.425 DEBUG: Calling SymmetricTensorContraction: [u,u,u sizes=4096,3328,256 num_segments=16,13,1 num_paths=1 u=256, u,u,u,u sizes=4096,4096,3328,256 num_segments=16,16,13,1 num_paths=16 u=256, u,u,u,u,u sizes=4096,4096,4096,3328,256 num_segments=16,16,16,13,1 num_paths=77 u=256], input shapes: torch.Size([7, 13, 256]), torch.Size([136]), torch.Size([136, 16, 256])
2025-09-17 19:31:57.521 DEBUG: Calling TensorProductUniform4x1d: u,u,,u sizes=1024,256,16,4096 num_segments=4,1,16,16 num_paths=16 u=256, input shapes: torch.Size([1624, 1024]), torch.Size([1624, 256]), torch.Size([1624, 16])
2025-09-17 19:31:57.528 DEBUG: Calling SymmetricTensorContraction: [u,u,u sizes=4096,12544,2304 num_segments=16,49,9 num_paths=9 u=256, u,u,u,u sizes=4096,4096,12544,2304 num_segments=16,16,49,9 num_paths=125 u=256, u,u,u,u,u sizes=4096,4096,4096,12544,2304 num_segments=16,16,16,49,9 num_paths=1093 u=256], input shapes: torch.Size([7, 49, 256]), torch.Size([132]), torch.Size([132, 16, 256])
2025-09-17 19:31:57.532 DEBUG: Calling TensorProductUniform4x1d: u,u,,u sizes=4352,2304,16,18176 num_segments=17,9,16,71 num_paths=215 u=256, input shapes: torch.Size([1624, 4352]), torch.Size([1624, 2304]), torch.Size([1624, 16])
2025-09-17 19:31:57.537 DEBUG: Calling SymmetricTensorContraction: [u,u,u sizes=4096,3328,256 num_segments=16,13,1 num_paths=1 u=256, u,u,u,u sizes=4096,4096,3328,256 num_segments=16,16,13,1 num_paths=16 u=256, u,u,u,u,u sizes=4096,4096,4096,3328,256 num_segments=16,16,16,13,1 num_paths=77 u=256], input shapes: torch.Size([7, 13, 256]), torch.Size([132]), torch.Size([132, 16, 256])
2025-09-17 19:31:57.593 DEBUG: Calling TensorProductUniform4x1d: u,u,,u sizes=1024,256,16,4096 num_segments=4,1,16,16 num_paths=16 u=256, input shapes: torch.Size([1720, 1024]), torch.Size([1720, 256]), torch.Size([1720, 16])
2025-09-17 19:31:57.600 DEBUG: Calling SymmetricTensorContraction: [u,u,u sizes=4096,12544,2304 num_segments=16,49,9 num_paths=9 u=256, u,u,u,u sizes=4096,4096,12544,2304 num_segments=16,16,49,9 num_paths=125 u=256, u,u,u,u,u sizes=4096,4096,4096,12544,2304 num_segments=16,16,16,49,9 num_paths=1093 u=256], input shapes: torch.Size([7, 49, 256]), torch.Size([136]), torch.Size([136, 16, 256])
2025-09-17 19:31:57.604 DEBUG: Calling TensorProductUniform4x1d: u,u,,u sizes=4352,2304,16,18176 num_segments=17,9,16,71 num_paths=215 u=256, input shapes: torch.Size([1720, 4352]), torch.Size([1720, 2304]), torch.Size([1720, 16])
2025-09-17 19:31:57.609 DEBUG: Calling SymmetricTensorContraction: [u,u,u sizes=4096,3328,256 num_segments=16,13,1 num_paths=1 u=256, u,u,u,u sizes=4096,4096,3328,256 num_segments=16,16,13,1 num_paths=16 u=256, u,u,u,u,u sizes=4096,4096,4096,3328,256 num_segments=16,16,16,13,1 num_paths=77 u=256], input shapes: torch.Size([7, 13, 256]), torch.Size([136]), torch.Size([136, 16, 256])
2025-09-17 19:31:57.662 DEBUG: Calling TensorProductUniform4x1d: u,u,,u sizes=1024,256,16,4096 num_segments=4,1,16,16 num_paths=16 u=256, input shapes: torch.Size([1726, 1024]), torch.Size([1726, 256]), torch.Size([1726, 16])
2025-09-17 19:31:57.669 DEBUG: Calling SymmetricTensorContraction: [u,u,u sizes=4096,12544,2304 num_segments=16,49,9 num_paths=9 u=256, u,u,u,u sizes=4096,4096,12544,2304 num_segments=16,16,49,9 num_paths=125 u=256, u,u,u,u,u sizes=4096,4096,4096,12544,2304 num_segments=16,16,16,49,9 num_paths=1093 u=256], input shapes: torch.Size([7, 49, 256]), torch.Size([136]), torch.Size([136, 16, 256])
2025-09-17 19:31:57.673 DEBUG: Calling TensorProductUniform4x1d: u,u,,u sizes=4352,2304,16,18176 num_segments=17,9,16,71 num_paths=215 u=256, input shapes: torch.Size([1726, 4352]), torch.Size([1726, 2304]), torch.Size([1726, 16])
2025-09-17 19:31:57.678 DEBUG: Calling SymmetricTensorContraction: [u,u,u sizes=4096,3328,256 num_segments=16,13,1 num_paths=1 u=256, u,u,u,u sizes=4096,4096,3328,256 num_segments=16,16,13,1 num_paths=16 u=256, u,u,u,u,u sizes=4096,4096,4096,3328,256 num_segments=16,16,16,13,1 num_paths=77 u=256], input shapes: torch.Size([7, 13, 256]), torch.Size([136]), torch.Size([136, 16, 256])
2025-09-17 19:31:57.731 DEBUG: Calling TensorProductUniform4x1d: u,u,,u sizes=1024,256,16,4096 num_segments=4,1,16,16 num_paths=16 u=256, input shapes: torch.Size([1312, 1024]), torch.Size([1312, 256]), torch.Size([1312, 16])
2025-09-17 19:31:57.737 DEBUG: Calling SymmetricTensorContraction: [u,u,u sizes=4096,12544,2304 num_segments=16,49,9 num_paths=9 u=256, u,u,u,u sizes=4096,4096,12544,2304 num_segments=16,16,49,9 num_paths=125 u=256, u,u,u,u,u sizes=4096,4096,4096,12544,2304 num_segments=16,16,16,49,9 num_paths=1093 u=256], input shapes: torch.Size([7, 49, 256]), torch.Size([117]), torch.Size([117, 16, 256])
2025-09-17 19:31:57.741 DEBUG: Calling TensorProductUniform4x1d: u,u,,u sizes=4352,2304,16,18176 num_segments=17,9,16,71 num_paths=215 u=256, input shapes: torch.Size([1312, 4352]), torch.Size([1312, 2304]), torch.Size([1312, 16])
2025-09-17 19:31:57.745 DEBUG: Calling SymmetricTensorContraction: [u,u,u sizes=4096,3328,256 num_segments=16,13,1 num_paths=1 u=256, u,u,u,u sizes=4096,4096,3328,256 num_segments=16,16,13,1 num_paths=16 u=256, u,u,u,u,u sizes=4096,4096,4096,3328,256 num_segments=16,16,16,13,1 num_paths=77 u=256], input shapes: torch.Size([7, 13, 256]), torch.Size([117]), torch.Size([117, 16, 256])
2025-09-17 19:31:57.794 DEBUG: Calling TensorProductUniform4x1d: u,u,,u sizes=1024,256,16,4096 num_segments=4,1,16,16 num_paths=16 u=256, input shapes: torch.Size([1680, 1024]), torch.Size([1680, 256]), torch.Size([1680, 16])
2025-09-17 19:31:57.800 DEBUG: Calling SymmetricTensorContraction: [u,u,u sizes=4096,12544,2304 num_segments=16,49,9 num_paths=9 u=256, u,u,u,u sizes=4096,4096,12544,2304 num_segments=16,16,49,9 num_paths=125 u=256, u,u,u,u,u sizes=4096,4096,4096,12544,2304 num_segments=16,16,16,49,9 num_paths=1093 u=256], input shapes: torch.Size([7, 49, 256]), torch.Size([133]), torch.Size([133, 16, 256])
2025-09-17 19:31:57.804 DEBUG: Calling TensorProductUniform4x1d: u,u,,u sizes=4352,2304,16,18176 num_segments=17,9,16,71 num_paths=215 u=256, input shapes: torch.Size([1680, 4352]), torch.Size([1680, 2304]), torch.Size([1680, 16])
2025-09-17 19:31:57.809 DEBUG: Calling SymmetricTensorContraction: [u,u,u sizes=4096,3328,256 num_segments=16,13,1 num_paths=1 u=256, u,u,u,u sizes=4096,4096,3328,256 num_segments=16,16,13,1 num_paths=16 u=256, u,u,u,u,u sizes=4096,4096,4096,3328,256 num_segments=16,16,16,13,1 num_paths=77 u=256], input shapes: torch.Size([7, 13, 256]), torch.Size([133]), torch.Size([133, 16, 256])
2025-09-17 19:31:57.858 DEBUG: Calling TensorProductUniform4x1d: u,u,,u sizes=1024,256,16,4096 num_segments=4,1,16,16 num_paths=16 u=256, input shapes: torch.Size([1608, 1024]), torch.Size([1608, 256]), torch.Size([1608, 16])
2025-09-17 19:31:57.864 DEBUG: Calling SymmetricTensorContraction: [u,u,u sizes=4096,12544,2304 num_segments=16,49,9 num_paths=9 u=256, u,u,u,u sizes=4096,4096,12544,2304 num_segments=16,16,49,9 num_paths=125 u=256, u,u,u,u,u sizes=4096,4096,4096,12544,2304 num_segments=16,16,16,49,9 num_paths=1093 u=256], input shapes: torch.Size([7, 49, 256]), torch.Size([130]), torch.Size([130, 16, 256])
2025-09-17 19:31:57.868 DEBUG: Calling TensorProductUniform4x1d: u,u,,u sizes=4352,2304,16,18176 num_segments=17,9,16,71 num_paths=215 u=256, input shapes: torch.Size([1608, 4352]), torch.Size([1608, 2304]), torch.Size([1608, 16])
2025-09-17 19:31:57.873 DEBUG: Calling SymmetricTensorContraction: [u,u,u sizes=4096,3328,256 num_segments=16,13,1 num_paths=1 u=256, u,u,u,u sizes=4096,4096,3328,256 num_segments=16,16,13,1 num_paths=16 u=256, u,u,u,u,u sizes=4096,4096,4096,3328,256 num_segments=16,16,16,13,1 num_paths=77 u=256], input shapes: torch.Size([7, 13, 256]), torch.Size([130]), torch.Size([130, 16, 256])
2025-09-17 19:31:57.919 DEBUG: Calling TensorProductUniform4x1d: u,u,,u sizes=1024,256,16,4096 num_segments=4,1,16,16 num_paths=16 u=256, input shapes: torch.Size([1340, 1024]), torch.Size([1340, 256]), torch.Size([1340, 16])
2025-09-17 19:31:57.925 DEBUG: Calling SymmetricTensorContraction: [u,u,u sizes=4096,12544,2304 num_segments=16,49,9 num_paths=9 u=256, u,u,u,u sizes=4096,4096,12544,2304 num_segments=16,16,49,9 num_paths=125 u=256, u,u,u,u,u sizes=4096,4096,4096,12544,2304 num_segments=16,16,16,49,9 num_paths=1093 u=256], input shapes: torch.Size([7, 49, 256]), torch.Size([120]), torch.Size([120, 16, 256])
2025-09-17 19:31:57.929 DEBUG: Calling TensorProductUniform4x1d: u,u,,u sizes=4352,2304,16,18176 num_segments=17,9,16,71 num_paths=215 u=256, input shapes: torch.Size([1340, 4352]), torch.Size([1340, 2304]), torch.Size([1340, 16])
2025-09-17 19:31:57.934 DEBUG: Calling SymmetricTensorContraction: [u,u,u sizes=4096,3328,256 num_segments=16,13,1 num_paths=1 u=256, u,u,u,u sizes=4096,4096,3328,256 num_segments=16,16,13,1 num_paths=16 u=256, u,u,u,u,u sizes=4096,4096,4096,3328,256 num_segments=16,16,16,13,1 num_paths=77 u=256], input shapes: torch.Size([7, 13, 256]), torch.Size([120]), torch.Size([120, 16, 256])
2025-09-17 19:31:57.987 DEBUG: Calling TensorProductUniform4x1d: u,u,,u sizes=1024,256,16,4096 num_segments=4,1,16,16 num_paths=16 u=256, input shapes: torch.Size([1946, 1024]), torch.Size([1946, 256]), torch.Size([1946, 16])
2025-09-17 19:31:57.993 DEBUG: Calling SymmetricTensorContraction: [u,u,u sizes=4096,12544,2304 num_segments=16,49,9 num_paths=9 u=256, u,u,u,u sizes=4096,4096,12544,2304 num_segments=16,16,49,9 num_paths=125 u=256, u,u,u,u,u sizes=4096,4096,4096,12544,2304 num_segments=16,16,16,49,9 num_paths=1093 u=256], input shapes: torch.Size([7, 49, 256]), torch.Size([143]), torch.Size([143, 16, 256])
2025-09-17 19:31:57.997 DEBUG: Calling TensorProductUniform4x1d: u,u,,u sizes=4352,2304,16,18176 num_segments=17,9,16,71 num_paths=215 u=256, input shapes: torch.Size([1946, 4352]), torch.Size([1946, 2304]), torch.Size([1946, 16])
2025-09-17 19:31:58.001 DEBUG: Calling SymmetricTensorContraction: [u,u,u sizes=4096,3328,256 num_segments=16,13,1 num_paths=1 u=256, u,u,u,u sizes=4096,4096,3328,256 num_segments=16,16,13,1 num_paths=16 u=256, u,u,u,u,u sizes=4096,4096,4096,3328,256 num_segments=16,16,16,13,1 num_paths=77 u=256], input shapes: torch.Size([7, 13, 256]), torch.Size([143]), torch.Size([143, 16, 256])
2025-09-17 19:31:58.060 DEBUG: Calling TensorProductUniform4x1d: u,u,,u sizes=1024,256,16,4096 num_segments=4,1,16,16 num_paths=16 u=256, input shapes: torch.Size([1450, 1024]), torch.Size([1450, 256]), torch.Size([1450, 16])
2025-09-17 19:31:58.066 DEBUG: Calling SymmetricTensorContraction: [u,u,u sizes=4096,12544,2304 num_segments=16,49,9 num_paths=9 u=256, u,u,u,u sizes=4096,4096,12544,2304 num_segments=16,16,49,9 num_paths=125 u=256, u,u,u,u,u sizes=4096,4096,4096,12544,2304 num_segments=16,16,16,49,9 num_paths=1093 u=256], input shapes: torch.Size([7, 49, 256]), torch.Size([122]), torch.Size([122, 16, 256])
2025-09-17 19:31:58.070 DEBUG: Calling TensorProductUniform4x1d: u,u,,u sizes=4352,2304,16,18176 num_segments=17,9,16,71 num_paths=215 u=256, input shapes: torch.Size([1450, 4352]), torch.Size([1450, 2304]), torch.Size([1450, 16])
2025-09-17 19:31:58.074 DEBUG: Calling SymmetricTensorContraction: [u,u,u sizes=4096,3328,256 num_segments=16,13,1 num_paths=1 u=256, u,u,u,u sizes=4096,4096,3328,256 num_segments=16,16,13,1 num_paths=16 u=256, u,u,u,u,u sizes=4096,4096,4096,3328,256 num_segments=16,16,16,13,1 num_paths=77 u=256], input shapes: torch.Size([7, 13, 256]), torch.Size([122]), torch.Size([122, 16, 256])
2025-09-17 19:31:58.121 DEBUG: Calling TensorProductUniform4x1d: u,u,,u sizes=1024,256,16,4096 num_segments=4,1,16,16 num_paths=16 u=256, input shapes: torch.Size([1552, 1024]), torch.Size([1552, 256]), torch.Size([1552, 16])
2025-09-17 19:31:58.127 DEBUG: Calling SymmetricTensorContraction: [u,u,u sizes=4096,12544,2304 num_segments=16,49,9 num_paths=9 u=256, u,u,u,u sizes=4096,4096,12544,2304 num_segments=16,16,49,9 num_paths=125 u=256, u,u,u,u,u sizes=4096,4096,4096,12544,2304 num_segments=16,16,16,49,9 num_paths=1093 u=256], input shapes: torch.Size([7, 49, 256]), torch.Size([129]), torch.Size([129, 16, 256])
2025-09-17 19:31:58.132 DEBUG: Calling TensorProductUniform4x1d: u,u,,u sizes=4352,2304,16,18176 num_segments=17,9,16,71 num_paths=215 u=256, input shapes: torch.Size([1552, 4352]), torch.Size([1552, 2304]), torch.Size([1552, 16])
2025-09-17 19:31:58.136 DEBUG: Calling SymmetricTensorContraction: [u,u,u sizes=4096,3328,256 num_segments=16,13,1 num_paths=1 u=256, u,u,u,u sizes=4096,4096,3328,256 num_segments=16,16,13,1 num_paths=16 u=256, u,u,u,u,u sizes=4096,4096,4096,3328,256 num_segments=16,16,16,13,1 num_paths=77 u=256], input shapes: torch.Size([7, 13, 256]), torch.Size([129]), torch.Size([129, 16, 256])
2025-09-17 19:31:58.189 DEBUG: Calling TensorProductUniform4x1d: u,u,,u sizes=1024,256,16,4096 num_segments=4,1,16,16 num_paths=16 u=256, input shapes: torch.Size([1482, 1024]), torch.Size([1482, 256]), torch.Size([1482, 16])
2025-09-17 19:31:58.195 DEBUG: Calling SymmetricTensorContraction: [u,u,u sizes=4096,12544,2304 num_segments=16,49,9 num_paths=9 u=256, u,u,u,u sizes=4096,4096,12544,2304 num_segments=16,16,49,9 num_paths=125 u=256, u,u,u,u,u sizes=4096,4096,4096,12544,2304 num_segments=16,16,16,49,9 num_paths=1093 u=256], input shapes: torch.Size([7, 49, 256]), torch.Size([125]), torch.Size([125, 16, 256])
2025-09-17 19:31:58.199 DEBUG: Calling TensorProductUniform4x1d: u,u,,u sizes=4352,2304,16,18176 num_segments=17,9,16,71 num_paths=215 u=256, input shapes: torch.Size([1482, 4352]), torch.Size([1482, 2304]), torch.Size([1482, 16])
2025-09-17 19:31:58.203 DEBUG: Calling SymmetricTensorContraction: [u,u,u sizes=4096,3328,256 num_segments=16,13,1 num_paths=1 u=256, u,u,u,u sizes=4096,4096,3328,256 num_segments=16,16,13,1 num_paths=16 u=256, u,u,u,u,u sizes=4096,4096,4096,3328,256 num_segments=16,16,16,13,1 num_paths=77 u=256], input shapes: torch.Size([7, 13, 256]), torch.Size([125]), torch.Size([125, 16, 256])
2025-09-17 19:31:58.254 DEBUG: Calling TensorProductUniform4x1d: u,u,,u sizes=1024,256,16,4096 num_segments=4,1,16,16 num_paths=16 u=256, input shapes: torch.Size([1718, 1024]), torch.Size([1718, 256]), torch.Size([1718, 16])
2025-09-17 19:31:58.260 DEBUG: Calling SymmetricTensorContraction: [u,u,u sizes=4096,12544,2304 num_segments=16,49,9 num_paths=9 u=256, u,u,u,u sizes=4096,4096,12544,2304 num_segments=16,16,49,9 num_paths=125 u=256, u,u,u,u,u sizes=4096,4096,4096,12544,2304 num_segments=16,16,16,49,9 num_paths=1093 u=256], input shapes: torch.Size([7, 49, 256]), torch.Size([136]), torch.Size([136, 16, 256])
2025-09-17 19:31:58.264 DEBUG: Calling TensorProductUniform4x1d: u,u,,u sizes=4352,2304,16,18176 num_segments=17,9,16,71 num_paths=215 u=256, input shapes: torch.Size([1718, 4352]), torch.Size([1718, 2304]), torch.Size([1718, 16])
2025-09-17 19:31:58.268 DEBUG: Calling SymmetricTensorContraction: [u,u,u sizes=4096,3328,256 num_segments=16,13,1 num_paths=1 u=256, u,u,u,u sizes=4096,4096,3328,256 num_segments=16,16,13,1 num_paths=16 u=256, u,u,u,u,u sizes=4096,4096,4096,3328,256 num_segments=16,16,16,13,1 num_paths=77 u=256], input shapes: torch.Size([7, 13, 256]), torch.Size([136]), torch.Size([136, 16, 256])
2025-09-17 19:31:58.319 DEBUG: Calling TensorProductUniform4x1d: u,u,,u sizes=1024,256,16,4096 num_segments=4,1,16,16 num_paths=16 u=256, input shapes: torch.Size([1600, 1024]), torch.Size([1600, 256]), torch.Size([1600, 16])
2025-09-17 19:31:58.325 DEBUG: Calling SymmetricTensorContraction: [u,u,u sizes=4096,12544,2304 num_segments=16,49,9 num_paths=9 u=256, u,u,u,u sizes=4096,4096,12544,2304 num_segments=16,16,49,9 num_paths=125 u=256, u,u,u,u,u sizes=4096,4096,4096,12544,2304 num_segments=16,16,16,49,9 num_paths=1093 u=256], input shapes: torch.Size([7, 49, 256]), torch.Size([130]), torch.Size([130, 16, 256])
2025-09-17 19:31:58.328 DEBUG: Calling TensorProductUniform4x1d: u,u,,u sizes=4352,2304,16,18176 num_segments=17,9,16,71 num_paths=215 u=256, input shapes: torch.Size([1600, 4352]), torch.Size([1600, 2304]), torch.Size([1600, 16])
2025-09-17 19:31:58.332 DEBUG: Calling SymmetricTensorContraction: [u,u,u sizes=4096,3328,256 num_segments=16,13,1 num_paths=1 u=256, u,u,u,u sizes=4096,4096,3328,256 num_segments=16,16,13,1 num_paths=16 u=256, u,u,u,u,u sizes=4096,4096,4096,3328,256 num_segments=16,16,16,13,1 num_paths=77 u=256], input shapes: torch.Size([7, 13, 256]), torch.Size([130]), torch.Size([130, 16, 256])
2025-09-17 19:31:58.381 DEBUG: Calling TensorProductUniform4x1d: u,u,,u sizes=1024,256,16,4096 num_segments=4,1,16,16 num_paths=16 u=256, input shapes: torch.Size([1370, 1024]), torch.Size([1370, 256]), torch.Size([1370, 16])
2025-09-17 19:31:58.387 DEBUG: Calling SymmetricTensorContraction: [u,u,u sizes=4096,12544,2304 num_segments=16,49,9 num_paths=9 u=256, u,u,u,u sizes=4096,4096,12544,2304 num_segments=16,16,49,9 num_paths=125 u=256, u,u,u,u,u sizes=4096,4096,4096,12544,2304 num_segments=16,16,16,49,9 num_paths=1093 u=256], input shapes: torch.Size([7, 49, 256]), torch.Size([120]), torch.Size([120, 16, 256])
2025-09-17 19:31:58.390 DEBUG: Calling TensorProductUniform4x1d: u,u,,u sizes=4352,2304,16,18176 num_segments=17,9,16,71 num_paths=215 u=256, input shapes: torch.Size([1370, 4352]), torch.Size([1370, 2304]), torch.Size([1370, 16])
2025-09-17 19:31:58.395 DEBUG: Calling SymmetricTensorContraction: [u,u,u sizes=4096,3328,256 num_segments=16,13,1 num_paths=1 u=256, u,u,u,u sizes=4096,4096,3328,256 num_segments=16,16,13,1 num_paths=16 u=256, u,u,u,u,u sizes=4096,4096,4096,3328,256 num_segments=16,16,16,13,1 num_paths=77 u=256], input shapes: torch.Size([7, 13, 256]), torch.Size([120]), torch.Size([120, 16, 256])
2025-09-17 19:31:58.448 DEBUG: Calling TensorProductUniform4x1d: u,u,,u sizes=1024,256,16,4096 num_segments=4,1,16,16 num_paths=16 u=256, input shapes: torch.Size([1516, 1024]), torch.Size([1516, 256]), torch.Size([1516, 16])
2025-09-17 19:31:58.454 DEBUG: Calling SymmetricTensorContraction: [u,u,u sizes=4096,12544,2304 num_segments=16,49,9 num_paths=9 u=256, u,u,u,u sizes=4096,4096,12544,2304 num_segments=16,16,49,9 num_paths=125 u=256, u,u,u,u,u sizes=4096,4096,4096,12544,2304 num_segments=16,16,16,49,9 num_paths=1093 u=256], input shapes: torch.Size([7, 49, 256]), torch.Size([127]), torch.Size([127, 16, 256])
2025-09-17 19:31:58.458 DEBUG: Calling TensorProductUniform4x1d: u,u,,u sizes=4352,2304,16,18176 num_segments=17,9,16,71 num_paths=215 u=256, input shapes: torch.Size([1516, 4352]), torch.Size([1516, 2304]), torch.Size([1516, 16])
2025-09-17 19:31:58.462 DEBUG: Calling SymmetricTensorContraction: [u,u,u sizes=4096,3328,256 num_segments=16,13,1 num_paths=1 u=256, u,u,u,u sizes=4096,4096,3328,256 num_segments=16,16,13,1 num_paths=16 u=256, u,u,u,u,u sizes=4096,4096,4096,3328,256 num_segments=16,16,16,13,1 num_paths=77 u=256], input shapes: torch.Size([7, 13, 256]), torch.Size([127]), torch.Size([127, 16, 256])
2025-09-17 19:31:58.512 DEBUG: Calling TensorProductUniform4x1d: u,u,,u sizes=1024,256,16,4096 num_segments=4,1,16,16 num_paths=16 u=256, input shapes: torch.Size([1400, 1024]), torch.Size([1400, 256]), torch.Size([1400, 16])
2025-09-17 19:31:58.518 DEBUG: Calling SymmetricTensorContraction: [u,u,u sizes=4096,12544,2304 num_segments=16,49,9 num_paths=9 u=256, u,u,u,u sizes=4096,4096,12544,2304 num_segments=16,16,49,9 num_paths=125 u=256, u,u,u,u,u sizes=4096,4096,4096,12544,2304 num_segments=16,16,16,49,9 num_paths=1093 u=256], input shapes: torch.Size([7, 49, 256]), torch.Size([123]), torch.Size([123, 16, 256])
2025-09-17 19:31:58.557 DEBUG: Calling TensorProductUniform4x1d: u,u,,u sizes=4352,2304,16,18176 num_segments=17,9,16,71 num_paths=215 u=256, input shapes: torch.Size([1400, 4352]), torch.Size([1400, 2304]), torch.Size([1400, 16])
2025-09-17 19:31:58.563 DEBUG: Calling SymmetricTensorContraction: [u,u,u sizes=4096,3328,256 num_segments=16,13,1 num_paths=1 u=256, u,u,u,u sizes=4096,4096,3328,256 num_segments=16,16,13,1 num_paths=16 u=256, u,u,u,u,u sizes=4096,4096,4096,3328,256 num_segments=16,16,16,13,1 num_paths=77 u=256], input shapes: torch.Size([7, 13, 256]), torch.Size([123]), torch.Size([123, 16, 256])
2025-09-17 19:31:58.621 DEBUG: Calling TensorProductUniform4x1d: u,u,,u sizes=1024,256,16,4096 num_segments=4,1,16,16 num_paths=16 u=256, input shapes: torch.Size([1846, 1024]), torch.Size([1846, 256]), torch.Size([1846, 16])
2025-09-17 19:31:58.627 DEBUG: Calling SymmetricTensorContraction: [u,u,u sizes=4096,12544,2304 num_segments=16,49,9 num_paths=9 u=256, u,u,u,u sizes=4096,4096,12544,2304 num_segments=16,16,49,9 num_paths=125 u=256, u,u,u,u,u sizes=4096,4096,4096,12544,2304 num_segments=16,16,16,49,9 num_paths=1093 u=256], input shapes: torch.Size([7, 49, 256]), torch.Size([140]), torch.Size([140, 16, 256])
2025-09-17 19:31:58.631 DEBUG: Calling TensorProductUniform4x1d: u,u,,u sizes=4352,2304,16,18176 num_segments=17,9,16,71 num_paths=215 u=256, input shapes: torch.Size([1846, 4352]), torch.Size([1846, 2304]), torch.Size([1846, 16])
2025-09-17 19:31:58.636 DEBUG: Calling SymmetricTensorContraction: [u,u,u sizes=4096,3328,256 num_segments=16,13,1 num_paths=1 u=256, u,u,u,u sizes=4096,4096,3328,256 num_segments=16,16,13,1 num_paths=16 u=256, u,u,u,u,u sizes=4096,4096,4096,3328,256 num_segments=16,16,16,13,1 num_paths=77 u=256], input shapes: torch.Size([7, 13, 256]), torch.Size([140]), torch.Size([140, 16, 256])
2025-09-17 19:31:58.687 DEBUG: Calling TensorProductUniform4x1d: u,u,,u sizes=1024,256,16,4096 num_segments=4,1,16,16 num_paths=16 u=256, input shapes: torch.Size([1716, 1024]), torch.Size([1716, 256]), torch.Size([1716, 16])
2025-09-17 19:31:58.694 DEBUG: Calling SymmetricTensorContraction: [u,u,u sizes=4096,12544,2304 num_segments=16,49,9 num_paths=9 u=256, u,u,u,u sizes=4096,4096,12544,2304 num_segments=16,16,49,9 num_paths=125 u=256, u,u,u,u,u sizes=4096,4096,4096,12544,2304 num_segments=16,16,16,49,9 num_paths=1093 u=256], input shapes: torch.Size([7, 49, 256]), torch.Size([135]), torch.Size([135, 16, 256])
2025-09-17 19:31:58.698 DEBUG: Calling TensorProductUniform4x1d: u,u,,u sizes=4352,2304,16,18176 num_segments=17,9,16,71 num_paths=215 u=256, input shapes: torch.Size([1716, 4352]), torch.Size([1716, 2304]), torch.Size([1716, 16])
2025-09-17 19:31:58.702 DEBUG: Calling SymmetricTensorContraction: [u,u,u sizes=4096,3328,256 num_segments=16,13,1 num_paths=1 u=256, u,u,u,u sizes=4096,4096,3328,256 num_segments=16,16,13,1 num_paths=16 u=256, u,u,u,u,u sizes=4096,4096,4096,3328,256 num_segments=16,16,16,13,1 num_paths=77 u=256], input shapes: torch.Size([7, 13, 256]), torch.Size([135]), torch.Size([135, 16, 256])
2025-09-17 19:31:58.752 DEBUG: Calling TensorProductUniform4x1d: u,u,,u sizes=1024,256,16,4096 num_segments=4,1,16,16 num_paths=16 u=256, input shapes: torch.Size([1356, 1024]), torch.Size([1356, 256]), torch.Size([1356, 16])
2025-09-17 19:31:58.758 DEBUG: Calling SymmetricTensorContraction: [u,u,u sizes=4096,12544,2304 num_segments=16,49,9 num_paths=9 u=256, u,u,u,u sizes=4096,4096,12544,2304 num_segments=16,16,49,9 num_paths=125 u=256, u,u,u,u,u sizes=4096,4096,4096,12544,2304 num_segments=16,16,16,49,9 num_paths=1093 u=256], input shapes: torch.Size([7, 49, 256]), torch.Size([120]), torch.Size([120, 16, 256])
2025-09-17 19:31:58.762 DEBUG: Calling TensorProductUniform4x1d: u,u,,u sizes=4352,2304,16,18176 num_segments=17,9,16,71 num_paths=215 u=256, input shapes: torch.Size([1356, 4352]), torch.Size([1356, 2304]), torch.Size([1356, 16])
2025-09-17 19:31:58.766 DEBUG: Calling SymmetricTensorContraction: [u,u,u sizes=4096,3328,256 num_segments=16,13,1 num_paths=1 u=256, u,u,u,u sizes=4096,4096,3328,256 num_segments=16,16,13,1 num_paths=16 u=256, u,u,u,u,u sizes=4096,4096,4096,3328,256 num_segments=16,16,16,13,1 num_paths=77 u=256], input shapes: torch.Size([7, 13, 256]), torch.Size([120]), torch.Size([120, 16, 256])
2025-09-17 19:31:58.817 DEBUG: Calling TensorProductUniform4x1d: u,u,,u sizes=1024,256,16,4096 num_segments=4,1,16,16 num_paths=16 u=256, input shapes: torch.Size([1556, 1024]), torch.Size([1556, 256]), torch.Size([1556, 16])
2025-09-17 19:31:58.823 DEBUG: Calling SymmetricTensorContraction: [u,u,u sizes=4096,12544,2304 num_segments=16,49,9 num_paths=9 u=256, u,u,u,u sizes=4096,4096,12544,2304 num_segments=16,16,49,9 num_paths=125 u=256, u,u,u,u,u sizes=4096,4096,4096,12544,2304 num_segments=16,16,16,49,9 num_paths=1093 u=256], input shapes: torch.Size([7, 49, 256]), torch.Size([129]), torch.Size([129, 16, 256])
2025-09-17 19:31:58.826 DEBUG: Calling TensorProductUniform4x1d: u,u,,u sizes=4352,2304,16,18176 num_segments=17,9,16,71 num_paths=215 u=256, input shapes: torch.Size([1556, 4352]), torch.Size([1556, 2304]), torch.Size([1556, 16])
2025-09-17 19:31:58.830 DEBUG: Calling SymmetricTensorContraction: [u,u,u sizes=4096,3328,256 num_segments=16,13,1 num_paths=1 u=256, u,u,u,u sizes=4096,4096,3328,256 num_segments=16,16,13,1 num_paths=16 u=256, u,u,u,u,u sizes=4096,4096,4096,3328,256 num_segments=16,16,16,13,1 num_paths=77 u=256], input shapes: torch.Size([7, 13, 256]), torch.Size([129]), torch.Size([129, 16, 256])
2025-09-17 19:31:58.877 DEBUG: Calling TensorProductUniform4x1d: u,u,,u sizes=1024,256,16,4096 num_segments=4,1,16,16 num_paths=16 u=256, input shapes: torch.Size([1494, 1024]), torch.Size([1494, 256]), torch.Size([1494, 16])
2025-09-17 19:31:58.883 DEBUG: Calling SymmetricTensorContraction: [u,u,u sizes=4096,12544,2304 num_segments=16,49,9 num_paths=9 u=256, u,u,u,u sizes=4096,4096,12544,2304 num_segments=16,16,49,9 num_paths=125 u=256, u,u,u,u,u sizes=4096,4096,4096,12544,2304 num_segments=16,16,16,49,9 num_paths=1093 u=256], input shapes: torch.Size([7, 49, 256]), torch.Size([125]), torch.Size([125, 16, 256])
2025-09-17 19:31:58.886 DEBUG: Calling TensorProductUniform4x1d: u,u,,u sizes=4352,2304,16,18176 num_segments=17,9,16,71 num_paths=215 u=256, input shapes: torch.Size([1494, 4352]), torch.Size([1494, 2304]), torch.Size([1494, 16])
2025-09-17 19:31:58.890 DEBUG: Calling SymmetricTensorContraction: [u,u,u sizes=4096,3328,256 num_segments=16,13,1 num_paths=1 u=256, u,u,u,u sizes=4096,4096,3328,256 num_segments=16,16,13,1 num_paths=16 u=256, u,u,u,u,u sizes=4096,4096,4096,3328,256 num_segments=16,16,16,13,1 num_paths=77 u=256], input shapes: torch.Size([7, 13, 256]), torch.Size([125]), torch.Size([125, 16, 256])
2025-09-17 19:31:58.947 DEBUG: Calling TensorProductUniform4x1d: u,u,,u sizes=1024,256,16,4096 num_segments=4,1,16,16 num_paths=16 u=256, input shapes: torch.Size([1758, 1024]), torch.Size([1758, 256]), torch.Size([1758, 16])
2025-09-17 19:31:58.954 DEBUG: Calling SymmetricTensorContraction: [u,u,u sizes=4096,12544,2304 num_segments=16,49,9 num_paths=9 u=256, u,u,u,u sizes=4096,4096,12544,2304 num_segments=16,16,49,9 num_paths=125 u=256, u,u,u,u,u sizes=4096,4096,4096,12544,2304 num_segments=16,16,16,49,9 num_paths=1093 u=256], input shapes: torch.Size([7, 49, 256]), torch.Size([138]), torch.Size([138, 16, 256])
2025-09-17 19:31:58.958 DEBUG: Calling TensorProductUniform4x1d: u,u,,u sizes=4352,2304,16,18176 num_segments=17,9,16,71 num_paths=215 u=256, input shapes: torch.Size([1758, 4352]), torch.Size([1758, 2304]), torch.Size([1758, 16])
2025-09-17 19:31:58.963 DEBUG: Calling SymmetricTensorContraction: [u,u,u sizes=4096,3328,256 num_segments=16,13,1 num_paths=1 u=256, u,u,u,u sizes=4096,4096,3328,256 num_segments=16,16,13,1 num_paths=16 u=256, u,u,u,u,u sizes=4096,4096,4096,3328,256 num_segments=16,16,16,13,1 num_paths=77 u=256], input shapes: torch.Size([7, 13, 256]), torch.Size([138]), torch.Size([138, 16, 256])
2025-09-17 19:31:59.014 DEBUG: Calling TensorProductUniform4x1d: u,u,,u sizes=1024,256,16,4096 num_segments=4,1,16,16 num_paths=16 u=256, input shapes: torch.Size([1418, 1024]), torch.Size([1418, 256]), torch.Size([1418, 16])
2025-09-17 19:31:59.021 DEBUG: Calling SymmetricTensorContraction: [u,u,u sizes=4096,12544,2304 num_segments=16,49,9 num_paths=9 u=256, u,u,u,u sizes=4096,4096,12544,2304 num_segments=16,16,49,9 num_paths=125 u=256, u,u,u,u,u sizes=4096,4096,4096,12544,2304 num_segments=16,16,16,49,9 num_paths=1093 u=256], input shapes: torch.Size([7, 49, 256]), torch.Size([121]), torch.Size([121, 16, 256])
2025-09-17 19:31:59.026 DEBUG: Calling TensorProductUniform4x1d: u,u,,u sizes=4352,2304,16,18176 num_segments=17,9,16,71 num_paths=215 u=256, input shapes: torch.Size([1418, 4352]), torch.Size([1418, 2304]), torch.Size([1418, 16])
2025-09-17 19:31:59.030 DEBUG: Calling SymmetricTensorContraction: [u,u,u sizes=4096,3328,256 num_segments=16,13,1 num_paths=1 u=256, u,u,u,u sizes=4096,4096,3328,256 num_segments=16,16,13,1 num_paths=16 u=256, u,u,u,u,u sizes=4096,4096,4096,3328,256 num_segments=16,16,16,13,1 num_paths=77 u=256], input shapes: torch.Size([7, 13, 256]), torch.Size([121]), torch.Size([121, 16, 256])
2025-09-17 19:31:59.090 DEBUG: Calling TensorProductUniform4x1d: u,u,,u sizes=1024,256,16,4096 num_segments=4,1,16,16 num_paths=16 u=256, input shapes: torch.Size([1666, 1024]), torch.Size([1666, 256]), torch.Size([1666, 16])
2025-09-17 19:31:59.096 DEBUG: Calling SymmetricTensorContraction: [u,u,u sizes=4096,12544,2304 num_segments=16,49,9 num_paths=9 u=256, u,u,u,u sizes=4096,4096,12544,2304 num_segments=16,16,49,9 num_paths=125 u=256, u,u,u,u,u sizes=4096,4096,4096,12544,2304 num_segments=16,16,16,49,9 num_paths=1093 u=256], input shapes: torch.Size([7, 49, 256]), torch.Size([133]), torch.Size([133, 16, 256])
2025-09-17 19:31:59.100 DEBUG: Calling TensorProductUniform4x1d: u,u,,u sizes=4352,2304,16,18176 num_segments=17,9,16,71 num_paths=215 u=256, input shapes: torch.Size([1666, 4352]), torch.Size([1666, 2304]), torch.Size([1666, 16])
2025-09-17 19:31:59.104 DEBUG: Calling SymmetricTensorContraction: [u,u,u sizes=4096,3328,256 num_segments=16,13,1 num_paths=1 u=256, u,u,u,u sizes=4096,4096,3328,256 num_segments=16,16,13,1 num_paths=16 u=256, u,u,u,u,u sizes=4096,4096,4096,3328,256 num_segments=16,16,16,13,1 num_paths=77 u=256], input shapes: torch.Size([7, 13, 256]), torch.Size([133]), torch.Size([133, 16, 256])
2025-09-17 19:31:59.155 DEBUG: Calling TensorProductUniform4x1d: u,u,,u sizes=1024,256,16,4096 num_segments=4,1,16,16 num_paths=16 u=256, input shapes: torch.Size([1598, 1024]), torch.Size([1598, 256]), torch.Size([1598, 16])
2025-09-17 19:31:59.225 DEBUG: Calling SymmetricTensorContraction: [u,u,u sizes=4096,12544,2304 num_segments=16,49,9 num_paths=9 u=256, u,u,u,u sizes=4096,4096,12544,2304 num_segments=16,16,49,9 num_paths=125 u=256, u,u,u,u,u sizes=4096,4096,4096,12544,2304 num_segments=16,16,16,49,9 num_paths=1093 u=256], input shapes: torch.Size([7, 49, 256]), torch.Size([131]), torch.Size([131, 16, 256])
2025-09-17 19:31:59.247 DEBUG: Calling TensorProductUniform4x1d: u,u,,u sizes=4352,2304,16,18176 num_segments=17,9,16,71 num_paths=215 u=256, input shapes: torch.Size([1598, 4352]), torch.Size([1598, 2304]), torch.Size([1598, 16])
2025-09-17 19:31:59.256 DEBUG: Calling SymmetricTensorContraction: [u,u,u sizes=4096,3328,256 num_segments=16,13,1 num_paths=1 u=256, u,u,u,u sizes=4096,4096,3328,256 num_segments=16,16,13,1 num_paths=16 u=256, u,u,u,u,u sizes=4096,4096,4096,3328,256 num_segments=16,16,16,13,1 num_paths=77 u=256], input shapes: torch.Size([7, 13, 256]), torch.Size([131]), torch.Size([131, 16, 256])
2025-09-17 19:31:59.381 DEBUG: Calling TensorProductUniform4x1d: u,u,,u sizes=1024,256,16,4096 num_segments=4,1,16,16 num_paths=16 u=256, input shapes: torch.Size([1466, 1024]), torch.Size([1466, 256]), torch.Size([1466, 16])
2025-09-17 19:31:59.389 DEBUG: Calling SymmetricTensorContraction: [u,u,u sizes=4096,12544,2304 num_segments=16,49,9 num_paths=9 u=256, u,u,u,u sizes=4096,4096,12544,2304 num_segments=16,16,49,9 num_paths=125 u=256, u,u,u,u,u sizes=4096,4096,4096,12544,2304 num_segments=16,16,16,49,9 num_paths=1093 u=256], input shapes: torch.Size([7, 49, 256]), torch.Size([126]), torch.Size([126, 16, 256])
2025-09-17 19:31:59.394 DEBUG: Calling TensorProductUniform4x1d: u,u,,u sizes=4352,2304,16,18176 num_segments=17,9,16,71 num_paths=215 u=256, input shapes: torch.Size([1466, 4352]), torch.Size([1466, 2304]), torch.Size([1466, 16])
2025-09-17 19:31:59.398 DEBUG: Calling SymmetricTensorContraction: [u,u,u sizes=4096,3328,256 num_segments=16,13,1 num_paths=1 u=256, u,u,u,u sizes=4096,4096,3328,256 num_segments=16,16,13,1 num_paths=16 u=256, u,u,u,u,u sizes=4096,4096,4096,3328,256 num_segments=16,16,16,13,1 num_paths=77 u=256], input shapes: torch.Size([7, 13, 256]), torch.Size([126]), torch.Size([126, 16, 256])
2025-09-17 19:31:59.453 DEBUG: Calling TensorProductUniform4x1d: u,u,,u sizes=1024,256,16,4096 num_segments=4,1,16,16 num_paths=16 u=256, input shapes: torch.Size([1418, 1024]), torch.Size([1418, 256]), torch.Size([1418, 16])
2025-09-17 19:31:59.459 DEBUG: Calling SymmetricTensorContraction: [u,u,u sizes=4096,12544,2304 num_segments=16,49,9 num_paths=9 u=256, u,u,u,u sizes=4096,4096,12544,2304 num_segments=16,16,49,9 num_paths=125 u=256, u,u,u,u,u sizes=4096,4096,4096,12544,2304 num_segments=16,16,16,49,9 num_paths=1093 u=256], input shapes: torch.Size([7, 49, 256]), torch.Size([124]), torch.Size([124, 16, 256])
2025-09-17 19:31:59.463 DEBUG: Calling TensorProductUniform4x1d: u,u,,u sizes=4352,2304,16,18176 num_segments=17,9,16,71 num_paths=215 u=256, input shapes: torch.Size([1418, 4352]), torch.Size([1418, 2304]), torch.Size([1418, 16])
2025-09-17 19:31:59.467 DEBUG: Calling SymmetricTensorContraction: [u,u,u sizes=4096,3328,256 num_segments=16,13,1 num_paths=1 u=256, u,u,u,u sizes=4096,4096,3328,256 num_segments=16,16,13,1 num_paths=16 u=256, u,u,u,u,u sizes=4096,4096,4096,3328,256 num_segments=16,16,16,13,1 num_paths=77 u=256], input shapes: torch.Size([7, 13, 256]), torch.Size([124]), torch.Size([124, 16, 256])
2025-09-17 19:31:59.514 DEBUG: Calling TensorProductUniform4x1d: u,u,,u sizes=1024,256,16,4096 num_segments=4,1,16,16 num_paths=16 u=256, input shapes: torch.Size([1540, 1024]), torch.Size([1540, 256]), torch.Size([1540, 16])
2025-09-17 19:31:59.520 DEBUG: Calling SymmetricTensorContraction: [u,u,u sizes=4096,12544,2304 num_segments=16,49,9 num_paths=9 u=256, u,u,u,u sizes=4096,4096,12544,2304 num_segments=16,16,49,9 num_paths=125 u=256, u,u,u,u,u sizes=4096,4096,4096,12544,2304 num_segments=16,16,16,49,9 num_paths=1093 u=256], input shapes: torch.Size([7, 49, 256]), torch.Size([127]), torch.Size([127, 16, 256])
2025-09-17 19:31:59.524 DEBUG: Calling TensorProductUniform4x1d: u,u,,u sizes=4352,2304,16,18176 num_segments=17,9,16,71 num_paths=215 u=256, input shapes: torch.Size([1540, 4352]), torch.Size([1540, 2304]), torch.Size([1540, 16])
2025-09-17 19:31:59.528 DEBUG: Calling SymmetricTensorContraction: [u,u,u sizes=4096,3328,256 num_segments=16,13,1 num_paths=1 u=256, u,u,u,u sizes=4096,4096,3328,256 num_segments=16,16,13,1 num_paths=16 u=256, u,u,u,u,u sizes=4096,4096,4096,3328,256 num_segments=16,16,16,13,1 num_paths=77 u=256], input shapes: torch.Size([7, 13, 256]), torch.Size([127]), torch.Size([127, 16, 256])
2025-09-17 19:31:59.575 DEBUG: Calling TensorProductUniform4x1d: u,u,,u sizes=1024,256,16,4096 num_segments=4,1,16,16 num_paths=16 u=256, input shapes: torch.Size([1786, 1024]), torch.Size([1786, 256]), torch.Size([1786, 16])
2025-09-17 19:31:59.583 DEBUG: Calling SymmetricTensorContraction: [u,u,u sizes=4096,12544,2304 num_segments=16,49,9 num_paths=9 u=256, u,u,u,u sizes=4096,4096,12544,2304 num_segments=16,16,49,9 num_paths=125 u=256, u,u,u,u,u sizes=4096,4096,4096,12544,2304 num_segments=16,16,16,49,9 num_paths=1093 u=256], input shapes: torch.Size([7, 49, 256]), torch.Size([139]), torch.Size([139, 16, 256])
2025-09-17 19:31:59.617 DEBUG: Calling TensorProductUniform4x1d: u,u,,u sizes=4352,2304,16,18176 num_segments=17,9,16,71 num_paths=215 u=256, input shapes: torch.Size([1786, 4352]), torch.Size([1786, 2304]), torch.Size([1786, 16])
2025-09-17 19:31:59.622 DEBUG: Calling SymmetricTensorContraction: [u,u,u sizes=4096,3328,256 num_segments=16,13,1 num_paths=1 u=256, u,u,u,u sizes=4096,4096,3328,256 num_segments=16,16,13,1 num_paths=16 u=256, u,u,u,u,u sizes=4096,4096,4096,3328,256 num_segments=16,16,16,13,1 num_paths=77 u=256], input shapes: torch.Size([7, 13, 256]), torch.Size([139]), torch.Size([139, 16, 256])
2025-09-17 19:31:59.672 DEBUG: Calling TensorProductUniform4x1d: u,u,,u sizes=1024,256,16,4096 num_segments=4,1,16,16 num_paths=16 u=256, input shapes: torch.Size([1852, 1024]), torch.Size([1852, 256]), torch.Size([1852, 16])
2025-09-17 19:31:59.678 DEBUG: Calling SymmetricTensorContraction: [u,u,u sizes=4096,12544,2304 num_segments=16,49,9 num_paths=9 u=256, u,u,u,u sizes=4096,4096,12544,2304 num_segments=16,16,49,9 num_paths=125 u=256, u,u,u,u,u sizes=4096,4096,4096,12544,2304 num_segments=16,16,16,49,9 num_paths=1093 u=256], input shapes: torch.Size([7, 49, 256]), torch.Size([142]), torch.Size([142, 16, 256])
2025-09-17 19:31:59.682 DEBUG: Calling TensorProductUniform4x1d: u,u,,u sizes=4352,2304,16,18176 num_segments=17,9,16,71 num_paths=215 u=256, input shapes: torch.Size([1852, 4352]), torch.Size([1852, 2304]), torch.Size([1852, 16])
2025-09-17 19:31:59.686 DEBUG: Calling SymmetricTensorContraction: [u,u,u sizes=4096,3328,256 num_segments=16,13,1 num_paths=1 u=256, u,u,u,u sizes=4096,4096,3328,256 num_segments=16,16,13,1 num_paths=16 u=256, u,u,u,u,u sizes=4096,4096,4096,3328,256 num_segments=16,16,16,13,1 num_paths=77 u=256], input shapes: torch.Size([7, 13, 256]), torch.Size([142]), torch.Size([142, 16, 256])
2025-09-17 19:31:59.741 DEBUG: Calling TensorProductUniform4x1d: u,u,,u sizes=1024,256,16,4096 num_segments=4,1,16,16 num_paths=16 u=256, input shapes: torch.Size([1312, 1024]), torch.Size([1312, 256]), torch.Size([1312, 16])
2025-09-17 19:31:59.747 DEBUG: Calling SymmetricTensorContraction: [u,u,u sizes=4096,12544,2304 num_segments=16,49,9 num_paths=9 u=256, u,u,u,u sizes=4096,4096,12544,2304 num_segments=16,16,49,9 num_paths=125 u=256, u,u,u,u,u sizes=4096,4096,4096,12544,2304 num_segments=16,16,16,49,9 num_paths=1093 u=256], input shapes: torch.Size([7, 49, 256]), torch.Size([118]), torch.Size([118, 16, 256])
2025-09-17 19:31:59.753 DEBUG: Calling TensorProductUniform4x1d: u,u,,u sizes=4352,2304,16,18176 num_segments=17,9,16,71 num_paths=215 u=256, input shapes: torch.Size([1312, 4352]), torch.Size([1312, 2304]), torch.Size([1312, 16])
2025-09-17 19:31:59.765 DEBUG: Calling SymmetricTensorContraction: [u,u,u sizes=4096,3328,256 num_segments=16,13,1 num_paths=1 u=256, u,u,u,u sizes=4096,4096,3328,256 num_segments=16,16,13,1 num_paths=16 u=256, u,u,u,u,u sizes=4096,4096,4096,3328,256 num_segments=16,16,16,13,1 num_paths=77 u=256], input shapes: torch.Size([7, 13, 256]), torch.Size([118]), torch.Size([118, 16, 256])
2025-09-17 19:31:59.819 DEBUG: Calling TensorProductUniform4x1d: u,u,,u sizes=1024,256,16,4096 num_segments=4,1,16,16 num_paths=16 u=256, input shapes: torch.Size([1420, 1024]), torch.Size([1420, 256]), torch.Size([1420, 16])
2025-09-17 19:31:59.826 DEBUG: Calling SymmetricTensorContraction: [u,u,u sizes=4096,12544,2304 num_segments=16,49,9 num_paths=9 u=256, u,u,u,u sizes=4096,4096,12544,2304 num_segments=16,16,49,9 num_paths=125 u=256, u,u,u,u,u sizes=4096,4096,4096,12544,2304 num_segments=16,16,16,49,9 num_paths=1093 u=256], input shapes: torch.Size([7, 49, 256]), torch.Size([123]), torch.Size([123, 16, 256])
2025-09-17 19:31:59.831 DEBUG: Calling TensorProductUniform4x1d: u,u,,u sizes=4352,2304,16,18176 num_segments=17,9,16,71 num_paths=215 u=256, input shapes: torch.Size([1420, 4352]), torch.Size([1420, 2304]), torch.Size([1420, 16])
2025-09-17 19:31:59.835 DEBUG: Calling SymmetricTensorContraction: [u,u,u sizes=4096,3328,256 num_segments=16,13,1 num_paths=1 u=256, u,u,u,u sizes=4096,4096,3328,256 num_segments=16,16,13,1 num_paths=16 u=256, u,u,u,u,u sizes=4096,4096,4096,3328,256 num_segments=16,16,16,13,1 num_paths=77 u=256], input shapes: torch.Size([7, 13, 256]), torch.Size([123]), torch.Size([123, 16, 256])
2025-09-17 19:31:59.885 DEBUG: Calling TensorProductUniform4x1d: u,u,,u sizes=1024,256,16,4096 num_segments=4,1,16,16 num_paths=16 u=256, input shapes: torch.Size([1410, 1024]), torch.Size([1410, 256]), torch.Size([1410, 16])
2025-09-17 19:31:59.891 DEBUG: Calling SymmetricTensorContraction: [u,u,u sizes=4096,12544,2304 num_segments=16,49,9 num_paths=9 u=256, u,u,u,u sizes=4096,4096,12544,2304 num_segments=16,16,49,9 num_paths=125 u=256, u,u,u,u,u sizes=4096,4096,4096,12544,2304 num_segments=16,16,16,49,9 num_paths=1093 u=256], input shapes: torch.Size([7, 49, 256]), torch.Size([122]), torch.Size([122, 16, 256])
2025-09-17 19:31:59.895 DEBUG: Calling TensorProductUniform4x1d: u,u,,u sizes=4352,2304,16,18176 num_segments=17,9,16,71 num_paths=215 u=256, input shapes: torch.Size([1410, 4352]), torch.Size([1410, 2304]), torch.Size([1410, 16])
2025-09-17 19:31:59.899 DEBUG: Calling SymmetricTensorContraction: [u,u,u sizes=4096,3328,256 num_segments=16,13,1 num_paths=1 u=256, u,u,u,u sizes=4096,4096,3328,256 num_segments=16,16,13,1 num_paths=16 u=256, u,u,u,u,u sizes=4096,4096,4096,3328,256 num_segments=16,16,16,13,1 num_paths=77 u=256], input shapes: torch.Size([7, 13, 256]), torch.Size([122]), torch.Size([122, 16, 256])
2025-09-17 19:31:59.947 DEBUG: Calling TensorProductUniform4x1d: u,u,,u sizes=1024,256,16,4096 num_segments=4,1,16,16 num_paths=16 u=256, input shapes: torch.Size([1258, 1024]), torch.Size([1258, 256]), torch.Size([1258, 16])
2025-09-17 19:31:59.954 DEBUG: Calling SymmetricTensorContraction: [u,u,u sizes=4096,12544,2304 num_segments=16,49,9 num_paths=9 u=256, u,u,u,u sizes=4096,4096,12544,2304 num_segments=16,16,49,9 num_paths=125 u=256, u,u,u,u,u sizes=4096,4096,4096,12544,2304 num_segments=16,16,16,49,9 num_paths=1093 u=256], input shapes: torch.Size([7, 49, 256]), torch.Size([115]), torch.Size([115, 16, 256])
2025-09-17 19:31:59.959 DEBUG: Calling TensorProductUniform4x1d: u,u,,u sizes=4352,2304,16,18176 num_segments=17,9,16,71 num_paths=215 u=256, input shapes: torch.Size([1258, 4352]), torch.Size([1258, 2304]), torch.Size([1258, 16])
2025-09-17 19:31:59.963 DEBUG: Calling SymmetricTensorContraction: [u,u,u sizes=4096,3328,256 num_segments=16,13,1 num_paths=1 u=256, u,u,u,u sizes=4096,4096,3328,256 num_segments=16,16,13,1 num_paths=16 u=256, u,u,u,u,u sizes=4096,4096,4096,3328,256 num_segments=16,16,16,13,1 num_paths=77 u=256], input shapes: torch.Size([7, 13, 256]), torch.Size([115]), torch.Size([115, 16, 256])
2025-09-17 19:32:00.046 DEBUG: Calling TensorProductUniform4x1d: u,u,,u sizes=1024,256,16,4096 num_segments=4,1,16,16 num_paths=16 u=256, input shapes: torch.Size([1662, 1024]), torch.Size([1662, 256]), torch.Size([1662, 16])
2025-09-17 19:32:00.055 DEBUG: Calling SymmetricTensorContraction: [u,u,u sizes=4096,12544,2304 num_segments=16,49,9 num_paths=9 u=256, u,u,u,u sizes=4096,4096,12544,2304 num_segments=16,16,49,9 num_paths=125 u=256, u,u,u,u,u sizes=4096,4096,4096,12544,2304 num_segments=16,16,16,49,9 num_paths=1093 u=256], input shapes: torch.Size([7, 49, 256]), torch.Size([133]), torch.Size([133, 16, 256])
2025-09-17 19:32:00.069 DEBUG: Calling TensorProductUniform4x1d: u,u,,u sizes=4352,2304,16,18176 num_segments=17,9,16,71 num_paths=215 u=256, input shapes: torch.Size([1662, 4352]), torch.Size([1662, 2304]), torch.Size([1662, 16])
2025-09-17 19:32:00.074 DEBUG: Calling SymmetricTensorContraction: [u,u,u sizes=4096,3328,256 num_segments=16,13,1 num_paths=1 u=256, u,u,u,u sizes=4096,4096,3328,256 num_segments=16,16,13,1 num_paths=16 u=256, u,u,u,u,u sizes=4096,4096,4096,3328,256 num_segments=16,16,16,13,1 num_paths=77 u=256], input shapes: torch.Size([7, 13, 256]), torch.Size([133]), torch.Size([133, 16, 256])
2025-09-17 19:32:00.163 DEBUG: Calling TensorProductUniform4x1d: u,u,,u sizes=1024,256,16,4096 num_segments=4,1,16,16 num_paths=16 u=256, input shapes: torch.Size([1650, 1024]), torch.Size([1650, 256]), torch.Size([1650, 16])
2025-09-17 19:32:00.174 DEBUG: Calling SymmetricTensorContraction: [u,u,u sizes=4096,12544,2304 num_segments=16,49,9 num_paths=9 u=256, u,u,u,u sizes=4096,4096,12544,2304 num_segments=16,16,49,9 num_paths=125 u=256, u,u,u,u,u sizes=4096,4096,4096,12544,2304 num_segments=16,16,16,49,9 num_paths=1093 u=256], input shapes: torch.Size([7, 49, 256]), torch.Size([130]), torch.Size([130, 16, 256])
2025-09-17 19:32:00.179 DEBUG: Calling TensorProductUniform4x1d: u,u,,u sizes=4352,2304,16,18176 num_segments=17,9,16,71 num_paths=215 u=256, input shapes: torch.Size([1650, 4352]), torch.Size([1650, 2304]), torch.Size([1650, 16])
2025-09-17 19:32:00.184 DEBUG: Calling SymmetricTensorContraction: [u,u,u sizes=4096,3328,256 num_segments=16,13,1 num_paths=1 u=256, u,u,u,u sizes=4096,4096,3328,256 num_segments=16,16,13,1 num_paths=16 u=256, u,u,u,u,u sizes=4096,4096,4096,3328,256 num_segments=16,16,16,13,1 num_paths=77 u=256], input shapes: torch.Size([7, 13, 256]), torch.Size([130]), torch.Size([130, 16, 256])
2025-09-17 19:32:00.233 DEBUG: Calling TensorProductUniform4x1d: u,u,,u sizes=1024,256,16,4096 num_segments=4,1,16,16 num_paths=16 u=256, input shapes: torch.Size([1752, 1024]), torch.Size([1752, 256]), torch.Size([1752, 16])
2025-09-17 19:32:00.239 DEBUG: Calling SymmetricTensorContraction: [u,u,u sizes=4096,12544,2304 num_segments=16,49,9 num_paths=9 u=256, u,u,u,u sizes=4096,4096,12544,2304 num_segments=16,16,49,9 num_paths=125 u=256, u,u,u,u,u sizes=4096,4096,4096,12544,2304 num_segments=16,16,16,49,9 num_paths=1093 u=256], input shapes: torch.Size([7, 49, 256]), torch.Size([134]), torch.Size([134, 16, 256])
2025-09-17 19:32:00.243 DEBUG: Calling TensorProductUniform4x1d: u,u,,u sizes=4352,2304,16,18176 num_segments=17,9,16,71 num_paths=215 u=256, input shapes: torch.Size([1752, 4352]), torch.Size([1752, 2304]), torch.Size([1752, 16])
2025-09-17 19:32:00.247 DEBUG: Calling SymmetricTensorContraction: [u,u,u sizes=4096,3328,256 num_segments=16,13,1 num_paths=1 u=256, u,u,u,u sizes=4096,4096,3328,256 num_segments=16,16,13,1 num_paths=16 u=256, u,u,u,u,u sizes=4096,4096,4096,3328,256 num_segments=16,16,16,13,1 num_paths=77 u=256], input shapes: torch.Size([7, 13, 256]), torch.Size([134]), torch.Size([134, 16, 256])
2025-09-17 19:32:00.299 DEBUG: Calling TensorProductUniform4x1d: u,u,,u sizes=1024,256,16,4096 num_segments=4,1,16,16 num_paths=16 u=256, input shapes: torch.Size([1518, 1024]), torch.Size([1518, 256]), torch.Size([1518, 16])
2025-09-17 19:32:00.305 DEBUG: Calling SymmetricTensorContraction: [u,u,u sizes=4096,12544,2304 num_segments=16,49,9 num_paths=9 u=256, u,u,u,u sizes=4096,4096,12544,2304 num_segments=16,16,49,9 num_paths=125 u=256, u,u,u,u,u sizes=4096,4096,4096,12544,2304 num_segments=16,16,16,49,9 num_paths=1093 u=256], input shapes: torch.Size([7, 49, 256]), torch.Size([127]), torch.Size([127, 16, 256])
2025-09-17 19:32:00.309 DEBUG: Calling TensorProductUniform4x1d: u,u,,u sizes=4352,2304,16,18176 num_segments=17,9,16,71 num_paths=215 u=256, input shapes: torch.Size([1518, 4352]), torch.Size([1518, 2304]), torch.Size([1518, 16])
2025-09-17 19:32:00.313 DEBUG: Calling SymmetricTensorContraction: [u,u,u sizes=4096,3328,256 num_segments=16,13,1 num_paths=1 u=256, u,u,u,u sizes=4096,4096,3328,256 num_segments=16,16,13,1 num_paths=16 u=256, u,u,u,u,u sizes=4096,4096,4096,3328,256 num_segments=16,16,16,13,1 num_paths=77 u=256], input shapes: torch.Size([7, 13, 256]), torch.Size([127]), torch.Size([127, 16, 256])
2025-09-17 19:32:00.368 DEBUG: Calling TensorProductUniform4x1d: u,u,,u sizes=1024,256,16,4096 num_segments=4,1,16,16 num_paths=16 u=256, input shapes: torch.Size([1818, 1024]), torch.Size([1818, 256]), torch.Size([1818, 16])
2025-09-17 19:32:00.374 DEBUG: Calling SymmetricTensorContraction: [u,u,u sizes=4096,12544,2304 num_segments=16,49,9 num_paths=9 u=256, u,u,u,u sizes=4096,4096,12544,2304 num_segments=16,16,49,9 num_paths=125 u=256, u,u,u,u,u sizes=4096,4096,4096,12544,2304 num_segments=16,16,16,49,9 num_paths=1093 u=256], input shapes: torch.Size([7, 49, 256]), torch.Size([138]), torch.Size([138, 16, 256])
2025-09-17 19:32:00.378 DEBUG: Calling TensorProductUniform4x1d: u,u,,u sizes=4352,2304,16,18176 num_segments=17,9,16,71 num_paths=215 u=256, input shapes: torch.Size([1818, 4352]), torch.Size([1818, 2304]), torch.Size([1818, 16])
2025-09-17 19:32:00.383 DEBUG: Calling SymmetricTensorContraction: [u,u,u sizes=4096,3328,256 num_segments=16,13,1 num_paths=1 u=256, u,u,u,u sizes=4096,4096,3328,256 num_segments=16,16,13,1 num_paths=16 u=256, u,u,u,u,u sizes=4096,4096,4096,3328,256 num_segments=16,16,16,13,1 num_paths=77 u=256], input shapes: torch.Size([7, 13, 256]), torch.Size([138]), torch.Size([138, 16, 256])
2025-09-17 19:32:00.433 DEBUG: Calling TensorProductUniform4x1d: u,u,,u sizes=1024,256,16,4096 num_segments=4,1,16,16 num_paths=16 u=256, input shapes: torch.Size([1816, 1024]), torch.Size([1816, 256]), torch.Size([1816, 16])
2025-09-17 19:32:00.439 DEBUG: Calling SymmetricTensorContraction: [u,u,u sizes=4096,12544,2304 num_segments=16,49,9 num_paths=9 u=256, u,u,u,u sizes=4096,4096,12544,2304 num_segments=16,16,49,9 num_paths=125 u=256, u,u,u,u,u sizes=4096,4096,4096,12544,2304 num_segments=16,16,16,49,9 num_paths=1093 u=256], input shapes: torch.Size([7, 49, 256]), torch.Size([139]), torch.Size([139, 16, 256])
2025-09-17 19:32:00.444 DEBUG: Calling TensorProductUniform4x1d: u,u,,u sizes=4352,2304,16,18176 num_segments=17,9,16,71 num_paths=215 u=256, input shapes: torch.Size([1816, 4352]), torch.Size([1816, 2304]), torch.Size([1816, 16])
2025-09-17 19:32:00.448 DEBUG: Calling SymmetricTensorContraction: [u,u,u sizes=4096,3328,256 num_segments=16,13,1 num_paths=1 u=256, u,u,u,u sizes=4096,4096,3328,256 num_segments=16,16,13,1 num_paths=16 u=256, u,u,u,u,u sizes=4096,4096,4096,3328,256 num_segments=16,16,16,13,1 num_paths=77 u=256], input shapes: torch.Size([7, 13, 256]), torch.Size([139]), torch.Size([139, 16, 256])
2025-09-17 19:32:00.503 DEBUG: Calling TensorProductUniform4x1d: u,u,,u sizes=1024,256,16,4096 num_segments=4,1,16,16 num_paths=16 u=256, input shapes: torch.Size([1166, 1024]), torch.Size([1166, 256]), torch.Size([1166, 16])
2025-09-17 19:32:00.508 DEBUG: Calling SymmetricTensorContraction: [u,u,u sizes=4096,12544,2304 num_segments=16,49,9 num_paths=9 u=256, u,u,u,u sizes=4096,4096,12544,2304 num_segments=16,16,49,9 num_paths=125 u=256, u,u,u,u,u sizes=4096,4096,4096,12544,2304 num_segments=16,16,16,49,9 num_paths=1093 u=256], input shapes: torch.Size([7, 49, 256]), torch.Size([111]), torch.Size([111, 16, 256])
2025-09-17 19:32:00.512 DEBUG: Calling TensorProductUniform4x1d: u,u,,u sizes=4352,2304,16,18176 num_segments=17,9,16,71 num_paths=215 u=256, input shapes: torch.Size([1166, 4352]), torch.Size([1166, 2304]), torch.Size([1166, 16])
2025-09-17 19:32:00.516 DEBUG: Calling SymmetricTensorContraction: [u,u,u sizes=4096,3328,256 num_segments=16,13,1 num_paths=1 u=256, u,u,u,u sizes=4096,4096,3328,256 num_segments=16,16,13,1 num_paths=16 u=256, u,u,u,u,u sizes=4096,4096,4096,3328,256 num_segments=16,16,16,13,1 num_paths=77 u=256], input shapes: torch.Size([7, 13, 256]), torch.Size([111]), torch.Size([111, 16, 256])
2025-09-17 19:32:00.568 DEBUG: Calling TensorProductUniform4x1d: u,u,,u sizes=1024,256,16,4096 num_segments=4,1,16,16 num_paths=16 u=256, input shapes: torch.Size([1468, 1024]), torch.Size([1468, 256]), torch.Size([1468, 16])
2025-09-17 19:32:00.574 DEBUG: Calling SymmetricTensorContraction: [u,u,u sizes=4096,12544,2304 num_segments=16,49,9 num_paths=9 u=256, u,u,u,u sizes=4096,4096,12544,2304 num_segments=16,16,49,9 num_paths=125 u=256, u,u,u,u,u sizes=4096,4096,4096,12544,2304 num_segments=16,16,16,49,9 num_paths=1093 u=256], input shapes: torch.Size([7, 49, 256]), torch.Size([125]), torch.Size([125, 16, 256])
2025-09-17 19:32:00.578 DEBUG: Calling TensorProductUniform4x1d: u,u,,u sizes=4352,2304,16,18176 num_segments=17,9,16,71 num_paths=215 u=256, input shapes: torch.Size([1468, 4352]), torch.Size([1468, 2304]), torch.Size([1468, 16])
2025-09-17 19:32:00.583 DEBUG: Calling SymmetricTensorContraction: [u,u,u sizes=4096,3328,256 num_segments=16,13,1 num_paths=1 u=256, u,u,u,u sizes=4096,4096,3328,256 num_segments=16,16,13,1 num_paths=16 u=256, u,u,u,u,u sizes=4096,4096,4096,3328,256 num_segments=16,16,16,13,1 num_paths=77 u=256], input shapes: torch.Size([7, 13, 256]), torch.Size([125]), torch.Size([125, 16, 256])
2025-09-17 19:32:00.635 DEBUG: Calling TensorProductUniform4x1d: u,u,,u sizes=1024,256,16,4096 num_segments=4,1,16,16 num_paths=16 u=256, input shapes: torch.Size([1682, 1024]), torch.Size([1682, 256]), torch.Size([1682, 16])
2025-09-17 19:32:00.641 DEBUG: Calling SymmetricTensorContraction: [u,u,u sizes=4096,12544,2304 num_segments=16,49,9 num_paths=9 u=256, u,u,u,u sizes=4096,4096,12544,2304 num_segments=16,16,49,9 num_paths=125 u=256, u,u,u,u,u sizes=4096,4096,4096,12544,2304 num_segments=16,16,16,49,9 num_paths=1093 u=256], input shapes: torch.Size([7, 49, 256]), torch.Size([136]), torch.Size([136, 16, 256])
2025-09-17 19:32:00.645 DEBUG: Calling TensorProductUniform4x1d: u,u,,u sizes=4352,2304,16,18176 num_segments=17,9,16,71 num_paths=215 u=256, input shapes: torch.Size([1682, 4352]), torch.Size([1682, 2304]), torch.Size([1682, 16])
2025-09-17 19:32:00.650 DEBUG: Calling SymmetricTensorContraction: [u,u,u sizes=4096,3328,256 num_segments=16,13,1 num_paths=1 u=256, u,u,u,u sizes=4096,4096,3328,256 num_segments=16,16,13,1 num_paths=16 u=256, u,u,u,u,u sizes=4096,4096,4096,3328,256 num_segments=16,16,16,13,1 num_paths=77 u=256], input shapes: torch.Size([7, 13, 256]), torch.Size([136]), torch.Size([136, 16, 256])
2025-09-17 19:32:00.698 DEBUG: Calling TensorProductUniform4x1d: u,u,,u sizes=1024,256,16,4096 num_segments=4,1,16,16 num_paths=16 u=256, input shapes: torch.Size([1778, 1024]), torch.Size([1778, 256]), torch.Size([1778, 16])
2025-09-17 19:32:00.706 DEBUG: Calling SymmetricTensorContraction: [u,u,u sizes=4096,12544,2304 num_segments=16,49,9 num_paths=9 u=256, u,u,u,u sizes=4096,4096,12544,2304 num_segments=16,16,49,9 num_paths=125 u=256, u,u,u,u,u sizes=4096,4096,4096,12544,2304 num_segments=16,16,16,49,9 num_paths=1093 u=256], input shapes: torch.Size([7, 49, 256]), torch.Size([136]), torch.Size([136, 16, 256])
2025-09-17 19:32:00.712 DEBUG: Calling TensorProductUniform4x1d: u,u,,u sizes=4352,2304,16,18176 num_segments=17,9,16,71 num_paths=215 u=256, input shapes: torch.Size([1778, 4352]), torch.Size([1778, 2304]), torch.Size([1778, 16])
2025-09-17 19:32:00.718 DEBUG: Calling SymmetricTensorContraction: [u,u,u sizes=4096,3328,256 num_segments=16,13,1 num_paths=1 u=256, u,u,u,u sizes=4096,4096,3328,256 num_segments=16,16,13,1 num_paths=16 u=256, u,u,u,u,u sizes=4096,4096,4096,3328,256 num_segments=16,16,16,13,1 num_paths=77 u=256], input shapes: torch.Size([7, 13, 256]), torch.Size([136]), torch.Size([136, 16, 256])
2025-09-17 19:32:00.779 DEBUG: Calling TensorProductUniform4x1d: u,u,,u sizes=1024,256,16,4096 num_segments=4,1,16,16 num_paths=16 u=256, input shapes: torch.Size([2032, 1024]), torch.Size([2032, 256]), torch.Size([2032, 16])
2025-09-17 19:32:00.785 DEBUG: Calling SymmetricTensorContraction: [u,u,u sizes=4096,12544,2304 num_segments=16,49,9 num_paths=9 u=256, u,u,u,u sizes=4096,4096,12544,2304 num_segments=16,16,49,9 num_paths=125 u=256, u,u,u,u,u sizes=4096,4096,4096,12544,2304 num_segments=16,16,16,49,9 num_paths=1093 u=256], input shapes: torch.Size([7, 49, 256]), torch.Size([149]), torch.Size([149, 16, 256])
2025-09-17 19:32:00.789 DEBUG: Calling TensorProductUniform4x1d: u,u,,u sizes=4352,2304,16,18176 num_segments=17,9,16,71 num_paths=215 u=256, input shapes: torch.Size([2032, 4352]), torch.Size([2032, 2304]), torch.Size([2032, 16])
2025-09-17 19:32:00.798 DEBUG: Calling SymmetricTensorContraction: [u,u,u sizes=4096,3328,256 num_segments=16,13,1 num_paths=1 u=256, u,u,u,u sizes=4096,4096,3328,256 num_segments=16,16,13,1 num_paths=16 u=256, u,u,u,u,u sizes=4096,4096,4096,3328,256 num_segments=16,16,16,13,1 num_paths=77 u=256], input shapes: torch.Size([7, 13, 256]), torch.Size([149]), torch.Size([149, 16, 256])
2025-09-17 19:32:00.863 DEBUG: Calling TensorProductUniform4x1d: u,u,,u sizes=1024,256,16,4096 num_segments=4,1,16,16 num_paths=16 u=256, input shapes: torch.Size([1640, 1024]), torch.Size([1640, 256]), torch.Size([1640, 16])
2025-09-17 19:32:00.869 DEBUG: Calling SymmetricTensorContraction: [u,u,u sizes=4096,12544,2304 num_segments=16,49,9 num_paths=9 u=256, u,u,u,u sizes=4096,4096,12544,2304 num_segments=16,16,49,9 num_paths=125 u=256, u,u,u,u,u sizes=4096,4096,4096,12544,2304 num_segments=16,16,16,49,9 num_paths=1093 u=256], input shapes: torch.Size([7, 49, 256]), torch.Size([132]), torch.Size([132, 16, 256])
2025-09-17 19:32:00.873 DEBUG: Calling TensorProductUniform4x1d: u,u,,u sizes=4352,2304,16,18176 num_segments=17,9,16,71 num_paths=215 u=256, input shapes: torch.Size([1640, 4352]), torch.Size([1640, 2304]), torch.Size([1640, 16])
2025-09-17 19:32:00.877 DEBUG: Calling SymmetricTensorContraction: [u,u,u sizes=4096,3328,256 num_segments=16,13,1 num_paths=1 u=256, u,u,u,u sizes=4096,4096,3328,256 num_segments=16,16,13,1 num_paths=16 u=256, u,u,u,u,u sizes=4096,4096,4096,3328,256 num_segments=16,16,16,13,1 num_paths=77 u=256], input shapes: torch.Size([7, 13, 256]), torch.Size([132]), torch.Size([132, 16, 256])
2025-09-17 19:32:00.928 DEBUG: Calling TensorProductUniform4x1d: u,u,,u sizes=1024,256,16,4096 num_segments=4,1,16,16 num_paths=16 u=256, input shapes: torch.Size([1122, 1024]), torch.Size([1122, 256]), torch.Size([1122, 16])
2025-09-17 19:32:00.935 DEBUG: Calling SymmetricTensorContraction: [u,u,u sizes=4096,12544,2304 num_segments=16,49,9 num_paths=9 u=256, u,u,u,u sizes=4096,4096,12544,2304 num_segments=16,16,49,9 num_paths=125 u=256, u,u,u,u,u sizes=4096,4096,4096,12544,2304 num_segments=16,16,16,49,9 num_paths=1093 u=256], input shapes: torch.Size([7, 49, 256]), torch.Size([108]), torch.Size([108, 16, 256])
2025-09-17 19:32:00.939 DEBUG: Calling TensorProductUniform4x1d: u,u,,u sizes=4352,2304,16,18176 num_segments=17,9,16,71 num_paths=215 u=256, input shapes: torch.Size([1122, 4352]), torch.Size([1122, 2304]), torch.Size([1122, 16])
2025-09-17 19:32:00.943 DEBUG: Calling SymmetricTensorContraction: [u,u,u sizes=4096,3328,256 num_segments=16,13,1 num_paths=1 u=256, u,u,u,u sizes=4096,4096,3328,256 num_segments=16,16,13,1 num_paths=16 u=256, u,u,u,u,u sizes=4096,4096,4096,3328,256 num_segments=16,16,16,13,1 num_paths=77 u=256], input shapes: torch.Size([7, 13, 256]), torch.Size([108]), torch.Size([108, 16, 256])
2025-09-17 19:32:00.997 DEBUG: Calling TensorProductUniform4x1d: u,u,,u sizes=1024,256,16,4096 num_segments=4,1,16,16 num_paths=16 u=256, input shapes: torch.Size([1758, 1024]), torch.Size([1758, 256]), torch.Size([1758, 16])
2025-09-17 19:32:01.003 DEBUG: Calling SymmetricTensorContraction: [u,u,u sizes=4096,12544,2304 num_segments=16,49,9 num_paths=9 u=256, u,u,u,u sizes=4096,4096,12544,2304 num_segments=16,16,49,9 num_paths=125 u=256, u,u,u,u,u sizes=4096,4096,4096,12544,2304 num_segments=16,16,16,49,9 num_paths=1093 u=256], input shapes: torch.Size([7, 49, 256]), torch.Size([136]), torch.Size([136, 16, 256])
2025-09-17 19:32:01.007 DEBUG: Calling TensorProductUniform4x1d: u,u,,u sizes=4352,2304,16,18176 num_segments=17,9,16,71 num_paths=215 u=256, input shapes: torch.Size([1758, 4352]), torch.Size([1758, 2304]), torch.Size([1758, 16])
2025-09-17 19:32:01.012 DEBUG: Calling SymmetricTensorContraction: [u,u,u sizes=4096,3328,256 num_segments=16,13,1 num_paths=1 u=256, u,u,u,u sizes=4096,4096,3328,256 num_segments=16,16,13,1 num_paths=16 u=256, u,u,u,u,u sizes=4096,4096,4096,3328,256 num_segments=16,16,16,13,1 num_paths=77 u=256], input shapes: torch.Size([7, 13, 256]), torch.Size([136]), torch.Size([136, 16, 256])
2025-09-17 19:32:01.068 DEBUG: Calling TensorProductUniform4x1d: u,u,,u sizes=1024,256,16,4096 num_segments=4,1,16,16 num_paths=16 u=256, input shapes: torch.Size([1340, 1024]), torch.Size([1340, 256]), torch.Size([1340, 16])
2025-09-17 19:32:01.074 DEBUG: Calling SymmetricTensorContraction: [u,u,u sizes=4096,12544,2304 num_segments=16,49,9 num_paths=9 u=256, u,u,u,u sizes=4096,4096,12544,2304 num_segments=16,16,49,9 num_paths=125 u=256, u,u,u,u,u sizes=4096,4096,4096,12544,2304 num_segments=16,16,16,49,9 num_paths=1093 u=256], input shapes: torch.Size([7, 49, 256]), torch.Size([118]), torch.Size([118, 16, 256])
2025-09-17 19:32:01.078 DEBUG: Calling TensorProductUniform4x1d: u,u,,u sizes=4352,2304,16,18176 num_segments=17,9,16,71 num_paths=215 u=256, input shapes: torch.Size([1340, 4352]), torch.Size([1340, 2304]), torch.Size([1340, 16])
2025-09-17 19:32:01.082 DEBUG: Calling SymmetricTensorContraction: [u,u,u sizes=4096,3328,256 num_segments=16,13,1 num_paths=1 u=256, u,u,u,u sizes=4096,4096,3328,256 num_segments=16,16,13,1 num_paths=16 u=256, u,u,u,u,u sizes=4096,4096,4096,3328,256 num_segments=16,16,16,13,1 num_paths=77 u=256], input shapes: torch.Size([7, 13, 256]), torch.Size([118]), torch.Size([118, 16, 256])
2025-09-17 19:32:01.127 DEBUG: Calling TensorProductUniform4x1d: u,u,,u sizes=1024,256,16,4096 num_segments=4,1,16,16 num_paths=16 u=256, input shapes: torch.Size([1634, 1024]), torch.Size([1634, 256]), torch.Size([1634, 16])
2025-09-17 19:32:01.132 DEBUG: Calling SymmetricTensorContraction: [u,u,u sizes=4096,12544,2304 num_segments=16,49,9 num_paths=9 u=256, u,u,u,u sizes=4096,4096,12544,2304 num_segments=16,16,49,9 num_paths=125 u=256, u,u,u,u,u sizes=4096,4096,4096,12544,2304 num_segments=16,16,16,49,9 num_paths=1093 u=256], input shapes: torch.Size([7, 49, 256]), torch.Size([132]), torch.Size([132, 16, 256])
2025-09-17 19:32:01.136 DEBUG: Calling TensorProductUniform4x1d: u,u,,u sizes=4352,2304,16,18176 num_segments=17,9,16,71 num_paths=215 u=256, input shapes: torch.Size([1634, 4352]), torch.Size([1634, 2304]), torch.Size([1634, 16])
2025-09-17 19:32:01.140 DEBUG: Calling SymmetricTensorContraction: [u,u,u sizes=4096,3328,256 num_segments=16,13,1 num_paths=1 u=256, u,u,u,u sizes=4096,4096,3328,256 num_segments=16,16,13,1 num_paths=16 u=256, u,u,u,u,u sizes=4096,4096,4096,3328,256 num_segments=16,16,16,13,1 num_paths=77 u=256], input shapes: torch.Size([7, 13, 256]), torch.Size([132]), torch.Size([132, 16, 256])
2025-09-17 19:32:01.195 DEBUG: Calling TensorProductUniform4x1d: u,u,,u sizes=1024,256,16,4096 num_segments=4,1,16,16 num_paths=16 u=256, input shapes: torch.Size([1234, 1024]), torch.Size([1234, 256]), torch.Size([1234, 16])
2025-09-17 19:32:01.201 DEBUG: Calling SymmetricTensorContraction: [u,u,u sizes=4096,12544,2304 num_segments=16,49,9 num_paths=9 u=256, u,u,u,u sizes=4096,4096,12544,2304 num_segments=16,16,49,9 num_paths=125 u=256, u,u,u,u,u sizes=4096,4096,4096,12544,2304 num_segments=16,16,16,49,9 num_paths=1093 u=256], input shapes: torch.Size([7, 49, 256]), torch.Size([113]), torch.Size([113, 16, 256])
2025-09-17 19:32:01.204 DEBUG: Calling TensorProductUniform4x1d: u,u,,u sizes=4352,2304,16,18176 num_segments=17,9,16,71 num_paths=215 u=256, input shapes: torch.Size([1234, 4352]), torch.Size([1234, 2304]), torch.Size([1234, 16])
2025-09-17 19:32:01.208 DEBUG: Calling SymmetricTensorContraction: [u,u,u sizes=4096,3328,256 num_segments=16,13,1 num_paths=1 u=256, u,u,u,u sizes=4096,4096,3328,256 num_segments=16,16,13,1 num_paths=16 u=256, u,u,u,u,u sizes=4096,4096,4096,3328,256 num_segments=16,16,16,13,1 num_paths=77 u=256], input shapes: torch.Size([7, 13, 256]), torch.Size([113]), torch.Size([113, 16, 256])
2025-09-17 19:32:01.253 DEBUG: Calling TensorProductUniform4x1d: u,u,,u sizes=1024,256,16,4096 num_segments=4,1,16,16 num_paths=16 u=256, input shapes: torch.Size([1886, 1024]), torch.Size([1886, 256]), torch.Size([1886, 16])
2025-09-17 19:32:01.259 DEBUG: Calling SymmetricTensorContraction: [u,u,u sizes=4096,12544,2304 num_segments=16,49,9 num_paths=9 u=256, u,u,u,u sizes=4096,4096,12544,2304 num_segments=16,16,49,9 num_paths=125 u=256, u,u,u,u,u sizes=4096,4096,4096,12544,2304 num_segments=16,16,16,49,9 num_paths=1093 u=256], input shapes: torch.Size([7, 49, 256]), torch.Size([141]), torch.Size([141, 16, 256])
2025-09-17 19:32:01.263 DEBUG: Calling TensorProductUniform4x1d: u,u,,u sizes=4352,2304,16,18176 num_segments=17,9,16,71 num_paths=215 u=256, input shapes: torch.Size([1886, 4352]), torch.Size([1886, 2304]), torch.Size([1886, 16])
2025-09-17 19:32:01.267 DEBUG: Calling SymmetricTensorContraction: [u,u,u sizes=4096,3328,256 num_segments=16,13,1 num_paths=1 u=256, u,u,u,u sizes=4096,4096,3328,256 num_segments=16,16,13,1 num_paths=16 u=256, u,u,u,u,u sizes=4096,4096,4096,3328,256 num_segments=16,16,16,13,1 num_paths=77 u=256], input shapes: torch.Size([7, 13, 256]), torch.Size([141]), torch.Size([141, 16, 256])
2025-09-17 19:32:01.317 DEBUG: Calling TensorProductUniform4x1d: u,u,,u sizes=1024,256,16,4096 num_segments=4,1,16,16 num_paths=16 u=256, input shapes: torch.Size([1740, 1024]), torch.Size([1740, 256]), torch.Size([1740, 16])
2025-09-17 19:32:01.324 DEBUG: Calling SymmetricTensorContraction: [u,u,u sizes=4096,12544,2304 num_segments=16,49,9 num_paths=9 u=256, u,u,u,u sizes=4096,4096,12544,2304 num_segments=16,16,49,9 num_paths=125 u=256, u,u,u,u,u sizes=4096,4096,4096,12544,2304 num_segments=16,16,16,49,9 num_paths=1093 u=256], input shapes: torch.Size([7, 49, 256]), torch.Size([134]), torch.Size([134, 16, 256])
2025-09-17 19:32:01.328 DEBUG: Calling TensorProductUniform4x1d: u,u,,u sizes=4352,2304,16,18176 num_segments=17,9,16,71 num_paths=215 u=256, input shapes: torch.Size([1740, 4352]), torch.Size([1740, 2304]), torch.Size([1740, 16])
2025-09-17 19:32:01.333 DEBUG: Calling SymmetricTensorContraction: [u,u,u sizes=4096,3328,256 num_segments=16,13,1 num_paths=1 u=256, u,u,u,u sizes=4096,4096,3328,256 num_segments=16,16,13,1 num_paths=16 u=256, u,u,u,u,u sizes=4096,4096,4096,3328,256 num_segments=16,16,16,13,1 num_paths=77 u=256], input shapes: torch.Size([7, 13, 256]), torch.Size([134]), torch.Size([134, 16, 256])
2025-09-17 19:32:01.385 DEBUG: Calling TensorProductUniform4x1d: u,u,,u sizes=1024,256,16,4096 num_segments=4,1,16,16 num_paths=16 u=256, input shapes: torch.Size([1884, 1024]), torch.Size([1884, 256]), torch.Size([1884, 16])
2025-09-17 19:32:01.391 DEBUG: Calling SymmetricTensorContraction: [u,u,u sizes=4096,12544,2304 num_segments=16,49,9 num_paths=9 u=256, u,u,u,u sizes=4096,4096,12544,2304 num_segments=16,16,49,9 num_paths=125 u=256, u,u,u,u,u sizes=4096,4096,4096,12544,2304 num_segments=16,16,16,49,9 num_paths=1093 u=256], input shapes: torch.Size([7, 49, 256]), torch.Size([142]), torch.Size([142, 16, 256])
2025-09-17 19:32:01.395 DEBUG: Calling TensorProductUniform4x1d: u,u,,u sizes=4352,2304,16,18176 num_segments=17,9,16,71 num_paths=215 u=256, input shapes: torch.Size([1884, 4352]), torch.Size([1884, 2304]), torch.Size([1884, 16])
2025-09-17 19:32:01.400 DEBUG: Calling SymmetricTensorContraction: [u,u,u sizes=4096,3328,256 num_segments=16,13,1 num_paths=1 u=256, u,u,u,u sizes=4096,4096,3328,256 num_segments=16,16,13,1 num_paths=16 u=256, u,u,u,u,u sizes=4096,4096,4096,3328,256 num_segments=16,16,16,13,1 num_paths=77 u=256], input shapes: torch.Size([7, 13, 256]), torch.Size([142]), torch.Size([142, 16, 256])
2025-09-17 19:32:01.452 DEBUG: Calling TensorProductUniform4x1d: u,u,,u sizes=1024,256,16,4096 num_segments=4,1,16,16 num_paths=16 u=256, input shapes: torch.Size([1612, 1024]), torch.Size([1612, 256]), torch.Size([1612, 16])
2025-09-17 19:32:01.458 DEBUG: Calling SymmetricTensorContraction: [u,u,u sizes=4096,12544,2304 num_segments=16,49,9 num_paths=9 u=256, u,u,u,u sizes=4096,4096,12544,2304 num_segments=16,16,49,9 num_paths=125 u=256, u,u,u,u,u sizes=4096,4096,4096,12544,2304 num_segments=16,16,16,49,9 num_paths=1093 u=256], input shapes: torch.Size([7, 49, 256]), torch.Size([131]), torch.Size([131, 16, 256])
2025-09-17 19:32:01.461 DEBUG: Calling TensorProductUniform4x1d: u,u,,u sizes=4352,2304,16,18176 num_segments=17,9,16,71 num_paths=215 u=256, input shapes: torch.Size([1612, 4352]), torch.Size([1612, 2304]), torch.Size([1612, 16])
2025-09-17 19:32:01.466 DEBUG: Calling SymmetricTensorContraction: [u,u,u sizes=4096,3328,256 num_segments=16,13,1 num_paths=1 u=256, u,u,u,u sizes=4096,4096,3328,256 num_segments=16,16,13,1 num_paths=16 u=256, u,u,u,u,u sizes=4096,4096,4096,3328,256 num_segments=16,16,16,13,1 num_paths=77 u=256], input shapes: torch.Size([7, 13, 256]), torch.Size([131]), torch.Size([131, 16, 256])
2025-09-17 19:32:01.516 DEBUG: Calling TensorProductUniform4x1d: u,u,,u sizes=1024,256,16,4096 num_segments=4,1,16,16 num_paths=16 u=256, input shapes: torch.Size([1962, 1024]), torch.Size([1962, 256]), torch.Size([1962, 16])
2025-09-17 19:32:01.522 DEBUG: Calling SymmetricTensorContraction: [u,u,u sizes=4096,12544,2304 num_segments=16,49,9 num_paths=9 u=256, u,u,u,u sizes=4096,4096,12544,2304 num_segments=16,16,49,9 num_paths=125 u=256, u,u,u,u,u sizes=4096,4096,4096,12544,2304 num_segments=16,16,16,49,9 num_paths=1093 u=256], input shapes: torch.Size([7, 49, 256]), torch.Size([148]), torch.Size([148, 16, 256])
2025-09-17 19:32:01.526 DEBUG: Calling TensorProductUniform4x1d: u,u,,u sizes=4352,2304,16,18176 num_segments=17,9,16,71 num_paths=215 u=256, input shapes: torch.Size([1962, 4352]), torch.Size([1962, 2304]), torch.Size([1962, 16])
2025-09-17 19:32:01.530 DEBUG: Calling SymmetricTensorContraction: [u,u,u sizes=4096,3328,256 num_segments=16,13,1 num_paths=1 u=256, u,u,u,u sizes=4096,4096,3328,256 num_segments=16,16,13,1 num_paths=16 u=256, u,u,u,u,u sizes=4096,4096,4096,3328,256 num_segments=16,16,16,13,1 num_paths=77 u=256], input shapes: torch.Size([7, 13, 256]), torch.Size([148]), torch.Size([148, 16, 256])
2025-09-17 19:32:01.585 DEBUG: Calling TensorProductUniform4x1d: u,u,,u sizes=1024,256,16,4096 num_segments=4,1,16,16 num_paths=16 u=256, input shapes: torch.Size([1690, 1024]), torch.Size([1690, 256]), torch.Size([1690, 16])
2025-09-17 19:32:01.592 DEBUG: Calling SymmetricTensorContraction: [u,u,u sizes=4096,12544,2304 num_segments=16,49,9 num_paths=9 u=256, u,u,u,u sizes=4096,4096,12544,2304 num_segments=16,16,49,9 num_paths=125 u=256, u,u,u,u,u sizes=4096,4096,4096,12544,2304 num_segments=16,16,16,49,9 num_paths=1093 u=256], input shapes: torch.Size([7, 49, 256]), torch.Size([133]), torch.Size([133, 16, 256])
2025-09-17 19:32:01.598 DEBUG: Calling TensorProductUniform4x1d: u,u,,u sizes=4352,2304,16,18176 num_segments=17,9,16,71 num_paths=215 u=256, input shapes: torch.Size([1690, 4352]), torch.Size([1690, 2304]), torch.Size([1690, 16])
2025-09-17 19:32:01.605 DEBUG: Calling SymmetricTensorContraction: [u,u,u sizes=4096,3328,256 num_segments=16,13,1 num_paths=1 u=256, u,u,u,u sizes=4096,4096,3328,256 num_segments=16,16,13,1 num_paths=16 u=256, u,u,u,u,u sizes=4096,4096,4096,3328,256 num_segments=16,16,16,13,1 num_paths=77 u=256], input shapes: torch.Size([7, 13, 256]), torch.Size([133]), torch.Size([133, 16, 256])
2025-09-17 19:32:01.667 DEBUG: Calling TensorProductUniform4x1d: u,u,,u sizes=1024,256,16,4096 num_segments=4,1,16,16 num_paths=16 u=256, input shapes: torch.Size([1578, 1024]), torch.Size([1578, 256]), torch.Size([1578, 16])
2025-09-17 19:32:01.674 DEBUG: Calling SymmetricTensorContraction: [u,u,u sizes=4096,12544,2304 num_segments=16,49,9 num_paths=9 u=256, u,u,u,u sizes=4096,4096,12544,2304 num_segments=16,16,49,9 num_paths=125 u=256, u,u,u,u,u sizes=4096,4096,4096,12544,2304 num_segments=16,16,16,49,9 num_paths=1093 u=256], input shapes: torch.Size([7, 49, 256]), torch.Size([126]), torch.Size([126, 16, 256])
2025-09-17 19:32:01.680 DEBUG: Calling TensorProductUniform4x1d: u,u,,u sizes=4352,2304,16,18176 num_segments=17,9,16,71 num_paths=215 u=256, input shapes: torch.Size([1578, 4352]), torch.Size([1578, 2304]), torch.Size([1578, 16])
2025-09-17 19:32:01.684 DEBUG: Calling SymmetricTensorContraction: [u,u,u sizes=4096,3328,256 num_segments=16,13,1 num_paths=1 u=256, u,u,u,u sizes=4096,4096,3328,256 num_segments=16,16,13,1 num_paths=16 u=256, u,u,u,u,u sizes=4096,4096,4096,3328,256 num_segments=16,16,16,13,1 num_paths=77 u=256], input shapes: torch.Size([7, 13, 256]), torch.Size([126]), torch.Size([126, 16, 256])
2025-09-17 19:32:01.735 DEBUG: Calling TensorProductUniform4x1d: u,u,,u sizes=1024,256,16,4096 num_segments=4,1,16,16 num_paths=16 u=256, input shapes: torch.Size([1698, 1024]), torch.Size([1698, 256]), torch.Size([1698, 16])
2025-09-17 19:32:01.740 DEBUG: Calling SymmetricTensorContraction: [u,u,u sizes=4096,12544,2304 num_segments=16,49,9 num_paths=9 u=256, u,u,u,u sizes=4096,4096,12544,2304 num_segments=16,16,49,9 num_paths=125 u=256, u,u,u,u,u sizes=4096,4096,4096,12544,2304 num_segments=16,16,16,49,9 num_paths=1093 u=256], input shapes: torch.Size([7, 49, 256]), torch.Size([136]), torch.Size([136, 16, 256])
2025-09-17 19:32:01.744 DEBUG: Calling TensorProductUniform4x1d: u,u,,u sizes=4352,2304,16,18176 num_segments=17,9,16,71 num_paths=215 u=256, input shapes: torch.Size([1698, 4352]), torch.Size([1698, 2304]), torch.Size([1698, 16])
2025-09-17 19:32:01.748 DEBUG: Calling SymmetricTensorContraction: [u,u,u sizes=4096,3328,256 num_segments=16,13,1 num_paths=1 u=256, u,u,u,u sizes=4096,4096,3328,256 num_segments=16,16,13,1 num_paths=16 u=256, u,u,u,u,u sizes=4096,4096,4096,3328,256 num_segments=16,16,16,13,1 num_paths=77 u=256], input shapes: torch.Size([7, 13, 256]), torch.Size([136]), torch.Size([136, 16, 256])
2025-09-17 19:32:01.801 DEBUG: Calling TensorProductUniform4x1d: u,u,,u sizes=1024,256,16,4096 num_segments=4,1,16,16 num_paths=16 u=256, input shapes: torch.Size([1502, 1024]), torch.Size([1502, 256]), torch.Size([1502, 16])
2025-09-17 19:32:01.807 DEBUG: Calling SymmetricTensorContraction: [u,u,u sizes=4096,12544,2304 num_segments=16,49,9 num_paths=9 u=256, u,u,u,u sizes=4096,4096,12544,2304 num_segments=16,16,49,9 num_paths=125 u=256, u,u,u,u,u sizes=4096,4096,4096,12544,2304 num_segments=16,16,16,49,9 num_paths=1093 u=256], input shapes: torch.Size([7, 49, 256]), torch.Size([127]), torch.Size([127, 16, 256])
2025-09-17 19:32:01.811 DEBUG: Calling TensorProductUniform4x1d: u,u,,u sizes=4352,2304,16,18176 num_segments=17,9,16,71 num_paths=215 u=256, input shapes: torch.Size([1502, 4352]), torch.Size([1502, 2304]), torch.Size([1502, 16])
2025-09-17 19:32:01.815 DEBUG: Calling SymmetricTensorContraction: [u,u,u sizes=4096,3328,256 num_segments=16,13,1 num_paths=1 u=256, u,u,u,u sizes=4096,4096,3328,256 num_segments=16,16,13,1 num_paths=16 u=256, u,u,u,u,u sizes=4096,4096,4096,3328,256 num_segments=16,16,16,13,1 num_paths=77 u=256], input shapes: torch.Size([7, 13, 256]), torch.Size([127]), torch.Size([127, 16, 256])
2025-09-17 19:32:01.873 DEBUG: Calling TensorProductUniform4x1d: u,u,,u sizes=1024,256,16,4096 num_segments=4,1,16,16 num_paths=16 u=256, input shapes: torch.Size([1684, 1024]), torch.Size([1684, 256]), torch.Size([1684, 16])
2025-09-17 19:32:01.880 DEBUG: Calling SymmetricTensorContraction: [u,u,u sizes=4096,12544,2304 num_segments=16,49,9 num_paths=9 u=256, u,u,u,u sizes=4096,4096,12544,2304 num_segments=16,16,49,9 num_paths=125 u=256, u,u,u,u,u sizes=4096,4096,4096,12544,2304 num_segments=16,16,16,49,9 num_paths=1093 u=256], input shapes: torch.Size([7, 49, 256]), torch.Size([132]), torch.Size([132, 16, 256])
2025-09-17 19:32:01.884 DEBUG: Calling TensorProductUniform4x1d: u,u,,u sizes=4352,2304,16,18176 num_segments=17,9,16,71 num_paths=215 u=256, input shapes: torch.Size([1684, 4352]), torch.Size([1684, 2304]), torch.Size([1684, 16])
2025-09-17 19:32:01.888 DEBUG: Calling SymmetricTensorContraction: [u,u,u sizes=4096,3328,256 num_segments=16,13,1 num_paths=1 u=256, u,u,u,u sizes=4096,4096,3328,256 num_segments=16,16,13,1 num_paths=16 u=256, u,u,u,u,u sizes=4096,4096,4096,3328,256 num_segments=16,16,16,13,1 num_paths=77 u=256], input shapes: torch.Size([7, 13, 256]), torch.Size([132]), torch.Size([132, 16, 256])
2025-09-17 19:32:01.941 DEBUG: Calling TensorProductUniform4x1d: u,u,,u sizes=1024,256,16,4096 num_segments=4,1,16,16 num_paths=16 u=256, input shapes: torch.Size([1550, 1024]), torch.Size([1550, 256]), torch.Size([1550, 16])
2025-09-17 19:32:01.948 DEBUG: Calling SymmetricTensorContraction: [u,u,u sizes=4096,12544,2304 num_segments=16,49,9 num_paths=9 u=256, u,u,u,u sizes=4096,4096,12544,2304 num_segments=16,16,49,9 num_paths=125 u=256, u,u,u,u,u sizes=4096,4096,4096,12544,2304 num_segments=16,16,16,49,9 num_paths=1093 u=256], input shapes: torch.Size([7, 49, 256]), torch.Size([129]), torch.Size([129, 16, 256])
2025-09-17 19:32:01.952 DEBUG: Calling TensorProductUniform4x1d: u,u,,u sizes=4352,2304,16,18176 num_segments=17,9,16,71 num_paths=215 u=256, input shapes: torch.Size([1550, 4352]), torch.Size([1550, 2304]), torch.Size([1550, 16])
2025-09-17 19:32:01.957 DEBUG: Calling SymmetricTensorContraction: [u,u,u sizes=4096,3328,256 num_segments=16,13,1 num_paths=1 u=256, u,u,u,u sizes=4096,4096,3328,256 num_segments=16,16,13,1 num_paths=16 u=256, u,u,u,u,u sizes=4096,4096,4096,3328,256 num_segments=16,16,16,13,1 num_paths=77 u=256], input shapes: torch.Size([7, 13, 256]), torch.Size([129]), torch.Size([129, 16, 256])
2025-09-17 19:32:02.009 DEBUG: Calling TensorProductUniform4x1d: u,u,,u sizes=1024,256,16,4096 num_segments=4,1,16,16 num_paths=16 u=256, input shapes: torch.Size([1680, 1024]), torch.Size([1680, 256]), torch.Size([1680, 16])
2025-09-17 19:32:02.015 DEBUG: Calling SymmetricTensorContraction: [u,u,u sizes=4096,12544,2304 num_segments=16,49,9 num_paths=9 u=256, u,u,u,u sizes=4096,4096,12544,2304 num_segments=16,16,49,9 num_paths=125 u=256, u,u,u,u,u sizes=4096,4096,4096,12544,2304 num_segments=16,16,16,49,9 num_paths=1093 u=256], input shapes: torch.Size([7, 49, 256]), torch.Size([133]), torch.Size([133, 16, 256])
2025-09-17 19:32:02.020 DEBUG: Calling TensorProductUniform4x1d: u,u,,u sizes=4352,2304,16,18176 num_segments=17,9,16,71 num_paths=215 u=256, input shapes: torch.Size([1680, 4352]), torch.Size([1680, 2304]), torch.Size([1680, 16])
2025-09-17 19:32:02.024 DEBUG: Calling SymmetricTensorContraction: [u,u,u sizes=4096,3328,256 num_segments=16,13,1 num_paths=1 u=256, u,u,u,u sizes=4096,4096,3328,256 num_segments=16,16,13,1 num_paths=16 u=256, u,u,u,u,u sizes=4096,4096,4096,3328,256 num_segments=16,16,16,13,1 num_paths=77 u=256], input shapes: torch.Size([7, 13, 256]), torch.Size([133]), torch.Size([133, 16, 256])
2025-09-17 19:32:02.076 DEBUG: Calling TensorProductUniform4x1d: u,u,,u sizes=1024,256,16,4096 num_segments=4,1,16,16 num_paths=16 u=256, input shapes: torch.Size([1476, 1024]), torch.Size([1476, 256]), torch.Size([1476, 16])
2025-09-17 19:32:02.083 DEBUG: Calling SymmetricTensorContraction: [u,u,u sizes=4096,12544,2304 num_segments=16,49,9 num_paths=9 u=256, u,u,u,u sizes=4096,4096,12544,2304 num_segments=16,16,49,9 num_paths=125 u=256, u,u,u,u,u sizes=4096,4096,4096,12544,2304 num_segments=16,16,16,49,9 num_paths=1093 u=256], input shapes: torch.Size([7, 49, 256]), torch.Size([123]), torch.Size([123, 16, 256])
2025-09-17 19:32:02.087 DEBUG: Calling TensorProductUniform4x1d: u,u,,u sizes=4352,2304,16,18176 num_segments=17,9,16,71 num_paths=215 u=256, input shapes: torch.Size([1476, 4352]), torch.Size([1476, 2304]), torch.Size([1476, 16])
2025-09-17 19:32:02.090 DEBUG: Calling SymmetricTensorContraction: [u,u,u sizes=4096,3328,256 num_segments=16,13,1 num_paths=1 u=256, u,u,u,u sizes=4096,4096,3328,256 num_segments=16,16,13,1 num_paths=16 u=256, u,u,u,u,u sizes=4096,4096,4096,3328,256 num_segments=16,16,16,13,1 num_paths=77 u=256], input shapes: torch.Size([7, 13, 256]), torch.Size([123]), torch.Size([123, 16, 256])
2025-09-17 19:32:02.140 DEBUG: Calling TensorProductUniform4x1d: u,u,,u sizes=1024,256,16,4096 num_segments=4,1,16,16 num_paths=16 u=256, input shapes: torch.Size([1616, 1024]), torch.Size([1616, 256]), torch.Size([1616, 16])
2025-09-17 19:32:02.146 DEBUG: Calling SymmetricTensorContraction: [u,u,u sizes=4096,12544,2304 num_segments=16,49,9 num_paths=9 u=256, u,u,u,u sizes=4096,4096,12544,2304 num_segments=16,16,49,9 num_paths=125 u=256, u,u,u,u,u sizes=4096,4096,4096,12544,2304 num_segments=16,16,16,49,9 num_paths=1093 u=256], input shapes: torch.Size([7, 49, 256]), torch.Size([132]), torch.Size([132, 16, 256])
2025-09-17 19:32:02.150 DEBUG: Calling TensorProductUniform4x1d: u,u,,u sizes=4352,2304,16,18176 num_segments=17,9,16,71 num_paths=215 u=256, input shapes: torch.Size([1616, 4352]), torch.Size([1616, 2304]), torch.Size([1616, 16])
2025-09-17 19:32:02.154 DEBUG: Calling SymmetricTensorContraction: [u,u,u sizes=4096,3328,256 num_segments=16,13,1 num_paths=1 u=256, u,u,u,u sizes=4096,4096,3328,256 num_segments=16,16,13,1 num_paths=16 u=256, u,u,u,u,u sizes=4096,4096,4096,3328,256 num_segments=16,16,16,13,1 num_paths=77 u=256], input shapes: torch.Size([7, 13, 256]), torch.Size([132]), torch.Size([132, 16, 256])
2025-09-17 19:32:02.209 DEBUG: Calling TensorProductUniform4x1d: u,u,,u sizes=1024,256,16,4096 num_segments=4,1,16,16 num_paths=16 u=256, input shapes: torch.Size([1798, 1024]), torch.Size([1798, 256]), torch.Size([1798, 16])
2025-09-17 19:32:02.216 DEBUG: Calling SymmetricTensorContraction: [u,u,u sizes=4096,12544,2304 num_segments=16,49,9 num_paths=9 u=256, u,u,u,u sizes=4096,4096,12544,2304 num_segments=16,16,49,9 num_paths=125 u=256, u,u,u,u,u sizes=4096,4096,4096,12544,2304 num_segments=16,16,16,49,9 num_paths=1093 u=256], input shapes: torch.Size([7, 49, 256]), torch.Size([139]), torch.Size([139, 16, 256])
2025-09-17 19:32:02.221 DEBUG: Calling TensorProductUniform4x1d: u,u,,u sizes=4352,2304,16,18176 num_segments=17,9,16,71 num_paths=215 u=256, input shapes: torch.Size([1798, 4352]), torch.Size([1798, 2304]), torch.Size([1798, 16])
2025-09-17 19:32:02.226 DEBUG: Calling SymmetricTensorContraction: [u,u,u sizes=4096,3328,256 num_segments=16,13,1 num_paths=1 u=256, u,u,u,u sizes=4096,4096,3328,256 num_segments=16,16,13,1 num_paths=16 u=256, u,u,u,u,u sizes=4096,4096,4096,3328,256 num_segments=16,16,16,13,1 num_paths=77 u=256], input shapes: torch.Size([7, 13, 256]), torch.Size([139]), torch.Size([139, 16, 256])
2025-09-17 19:32:02.275 DEBUG: Calling TensorProductUniform4x1d: u,u,,u sizes=1024,256,16,4096 num_segments=4,1,16,16 num_paths=16 u=256, input shapes: torch.Size([1650, 1024]), torch.Size([1650, 256]), torch.Size([1650, 16])
2025-09-17 19:32:02.281 DEBUG: Calling SymmetricTensorContraction: [u,u,u sizes=4096,12544,2304 num_segments=16,49,9 num_paths=9 u=256, u,u,u,u sizes=4096,4096,12544,2304 num_segments=16,16,49,9 num_paths=125 u=256, u,u,u,u,u sizes=4096,4096,4096,12544,2304 num_segments=16,16,16,49,9 num_paths=1093 u=256], input shapes: torch.Size([7, 49, 256]), torch.Size([132]), torch.Size([132, 16, 256])
2025-09-17 19:32:02.284 DEBUG: Calling TensorProductUniform4x1d: u,u,,u sizes=4352,2304,16,18176 num_segments=17,9,16,71 num_paths=215 u=256, input shapes: torch.Size([1650, 4352]), torch.Size([1650, 2304]), torch.Size([1650, 16])
2025-09-17 19:32:02.288 DEBUG: Calling SymmetricTensorContraction: [u,u,u sizes=4096,3328,256 num_segments=16,13,1 num_paths=1 u=256, u,u,u,u sizes=4096,4096,3328,256 num_segments=16,16,13,1 num_paths=16 u=256, u,u,u,u,u sizes=4096,4096,4096,3328,256 num_segments=16,16,16,13,1 num_paths=77 u=256], input shapes: torch.Size([7, 13, 256]), torch.Size([132]), torch.Size([132, 16, 256])
2025-09-17 19:32:02.338 DEBUG: Calling TensorProductUniform4x1d: u,u,,u sizes=1024,256,16,4096 num_segments=4,1,16,16 num_paths=16 u=256, input shapes: torch.Size([1452, 1024]), torch.Size([1452, 256]), torch.Size([1452, 16])
2025-09-17 19:32:02.343 DEBUG: Calling SymmetricTensorContraction: [u,u,u sizes=4096,12544,2304 num_segments=16,49,9 num_paths=9 u=256, u,u,u,u sizes=4096,4096,12544,2304 num_segments=16,16,49,9 num_paths=125 u=256, u,u,u,u,u sizes=4096,4096,4096,12544,2304 num_segments=16,16,16,49,9 num_paths=1093 u=256], input shapes: torch.Size([7, 49, 256]), torch.Size([124]), torch.Size([124, 16, 256])
2025-09-17 19:32:02.348 DEBUG: Calling TensorProductUniform4x1d: u,u,,u sizes=4352,2304,16,18176 num_segments=17,9,16,71 num_paths=215 u=256, input shapes: torch.Size([1452, 4352]), torch.Size([1452, 2304]), torch.Size([1452, 16])
2025-09-17 19:32:02.351 DEBUG: Calling SymmetricTensorContraction: [u,u,u sizes=4096,3328,256 num_segments=16,13,1 num_paths=1 u=256, u,u,u,u sizes=4096,4096,3328,256 num_segments=16,16,13,1 num_paths=16 u=256, u,u,u,u,u sizes=4096,4096,4096,3328,256 num_segments=16,16,16,13,1 num_paths=77 u=256], input shapes: torch.Size([7, 13, 256]), torch.Size([124]), torch.Size([124, 16, 256])
2025-09-17 19:32:02.410 DEBUG: Calling TensorProductUniform4x1d: u,u,,u sizes=1024,256,16,4096 num_segments=4,1,16,16 num_paths=16 u=256, input shapes: torch.Size([1722, 1024]), torch.Size([1722, 256]), torch.Size([1722, 16])
2025-09-17 19:32:02.417 DEBUG: Calling SymmetricTensorContraction: [u,u,u sizes=4096,12544,2304 num_segments=16,49,9 num_paths=9 u=256, u,u,u,u sizes=4096,4096,12544,2304 num_segments=16,16,49,9 num_paths=125 u=256, u,u,u,u,u sizes=4096,4096,4096,12544,2304 num_segments=16,16,16,49,9 num_paths=1093 u=256], input shapes: torch.Size([7, 49, 256]), torch.Size([134]), torch.Size([134, 16, 256])
2025-09-17 19:32:02.421 DEBUG: Calling TensorProductUniform4x1d: u,u,,u sizes=4352,2304,16,18176 num_segments=17,9,16,71 num_paths=215 u=256, input shapes: torch.Size([1722, 4352]), torch.Size([1722, 2304]), torch.Size([1722, 16])
2025-09-17 19:32:02.425 DEBUG: Calling SymmetricTensorContraction: [u,u,u sizes=4096,3328,256 num_segments=16,13,1 num_paths=1 u=256, u,u,u,u sizes=4096,4096,3328,256 num_segments=16,16,13,1 num_paths=16 u=256, u,u,u,u,u sizes=4096,4096,4096,3328,256 num_segments=16,16,16,13,1 num_paths=77 u=256], input shapes: torch.Size([7, 13, 256]), torch.Size([134]), torch.Size([134, 16, 256])
2025-09-17 19:32:02.476 DEBUG: Calling TensorProductUniform4x1d: u,u,,u sizes=1024,256,16,4096 num_segments=4,1,16,16 num_paths=16 u=256, input shapes: torch.Size([1720, 1024]), torch.Size([1720, 256]), torch.Size([1720, 16])
2025-09-17 19:32:02.482 DEBUG: Calling SymmetricTensorContraction: [u,u,u sizes=4096,12544,2304 num_segments=16,49,9 num_paths=9 u=256, u,u,u,u sizes=4096,4096,12544,2304 num_segments=16,16,49,9 num_paths=125 u=256, u,u,u,u,u sizes=4096,4096,4096,12544,2304 num_segments=16,16,16,49,9 num_paths=1093 u=256], input shapes: torch.Size([7, 49, 256]), torch.Size([137]), torch.Size([137, 16, 256])
2025-09-17 19:32:02.486 DEBUG: Calling TensorProductUniform4x1d: u,u,,u sizes=4352,2304,16,18176 num_segments=17,9,16,71 num_paths=215 u=256, input shapes: torch.Size([1720, 4352]), torch.Size([1720, 2304]), torch.Size([1720, 16])
2025-09-17 19:32:02.490 DEBUG: Calling SymmetricTensorContraction: [u,u,u sizes=4096,3328,256 num_segments=16,13,1 num_paths=1 u=256, u,u,u,u sizes=4096,4096,3328,256 num_segments=16,16,13,1 num_paths=16 u=256, u,u,u,u,u sizes=4096,4096,4096,3328,256 num_segments=16,16,16,13,1 num_paths=77 u=256], input shapes: torch.Size([7, 13, 256]), torch.Size([137]), torch.Size([137, 16, 256])
2025-09-17 19:32:02.543 DEBUG: Calling TensorProductUniform4x1d: u,u,,u sizes=1024,256,16,4096 num_segments=4,1,16,16 num_paths=16 u=256, input shapes: torch.Size([1324, 1024]), torch.Size([1324, 256]), torch.Size([1324, 16])
2025-09-17 19:32:02.549 DEBUG: Calling SymmetricTensorContraction: [u,u,u sizes=4096,12544,2304 num_segments=16,49,9 num_paths=9 u=256, u,u,u,u sizes=4096,4096,12544,2304 num_segments=16,16,49,9 num_paths=125 u=256, u,u,u,u,u sizes=4096,4096,4096,12544,2304 num_segments=16,16,16,49,9 num_paths=1093 u=256], input shapes: torch.Size([7, 49, 256]), torch.Size([117]), torch.Size([117, 16, 256])
2025-09-17 19:32:02.554 DEBUG: Calling TensorProductUniform4x1d: u,u,,u sizes=4352,2304,16,18176 num_segments=17,9,16,71 num_paths=215 u=256, input shapes: torch.Size([1324, 4352]), torch.Size([1324, 2304]), torch.Size([1324, 16])
2025-09-17 19:32:02.557 DEBUG: Calling SymmetricTensorContraction: [u,u,u sizes=4096,3328,256 num_segments=16,13,1 num_paths=1 u=256, u,u,u,u sizes=4096,4096,3328,256 num_segments=16,16,13,1 num_paths=16 u=256, u,u,u,u,u sizes=4096,4096,4096,3328,256 num_segments=16,16,16,13,1 num_paths=77 u=256], input shapes: torch.Size([7, 13, 256]), torch.Size([117]), torch.Size([117, 16, 256])
2025-09-17 19:32:02.610 DEBUG: Calling TensorProductUniform4x1d: u,u,,u sizes=1024,256,16,4096 num_segments=4,1,16,16 num_paths=16 u=256, input shapes: torch.Size([1268, 1024]), torch.Size([1268, 256]), torch.Size([1268, 16])
2025-09-17 19:32:02.616 DEBUG: Calling SymmetricTensorContraction: [u,u,u sizes=4096,12544,2304 num_segments=16,49,9 num_paths=9 u=256, u,u,u,u sizes=4096,4096,12544,2304 num_segments=16,16,49,9 num_paths=125 u=256, u,u,u,u,u sizes=4096,4096,4096,12544,2304 num_segments=16,16,16,49,9 num_paths=1093 u=256], input shapes: torch.Size([7, 49, 256]), torch.Size([115]), torch.Size([115, 16, 256])
2025-09-17 19:32:02.620 DEBUG: Calling TensorProductUniform4x1d: u,u,,u sizes=4352,2304,16,18176 num_segments=17,9,16,71 num_paths=215 u=256, input shapes: torch.Size([1268, 4352]), torch.Size([1268, 2304]), torch.Size([1268, 16])
2025-09-17 19:32:02.624 DEBUG: Calling SymmetricTensorContraction: [u,u,u sizes=4096,3328,256 num_segments=16,13,1 num_paths=1 u=256, u,u,u,u sizes=4096,4096,3328,256 num_segments=16,16,13,1 num_paths=16 u=256, u,u,u,u,u sizes=4096,4096,4096,3328,256 num_segments=16,16,16,13,1 num_paths=77 u=256], input shapes: torch.Size([7, 13, 256]), torch.Size([115]), torch.Size([115, 16, 256])
2025-09-17 19:32:02.675 DEBUG: Calling TensorProductUniform4x1d: u,u,,u sizes=1024,256,16,4096 num_segments=4,1,16,16 num_paths=16 u=256, input shapes: torch.Size([1518, 1024]), torch.Size([1518, 256]), torch.Size([1518, 16])
2025-09-17 19:32:02.682 DEBUG: Calling SymmetricTensorContraction: [u,u,u sizes=4096,12544,2304 num_segments=16,49,9 num_paths=9 u=256, u,u,u,u sizes=4096,4096,12544,2304 num_segments=16,16,49,9 num_paths=125 u=256, u,u,u,u,u sizes=4096,4096,4096,12544,2304 num_segments=16,16,16,49,9 num_paths=1093 u=256], input shapes: torch.Size([7, 49, 256]), torch.Size([126]), torch.Size([126, 16, 256])
2025-09-17 19:32:02.686 DEBUG: Calling TensorProductUniform4x1d: u,u,,u sizes=4352,2304,16,18176 num_segments=17,9,16,71 num_paths=215 u=256, input shapes: torch.Size([1518, 4352]), torch.Size([1518, 2304]), torch.Size([1518, 16])
2025-09-17 19:32:02.690 DEBUG: Calling SymmetricTensorContraction: [u,u,u sizes=4096,3328,256 num_segments=16,13,1 num_paths=1 u=256, u,u,u,u sizes=4096,4096,3328,256 num_segments=16,16,13,1 num_paths=16 u=256, u,u,u,u,u sizes=4096,4096,4096,3328,256 num_segments=16,16,16,13,1 num_paths=77 u=256], input shapes: torch.Size([7, 13, 256]), torch.Size([126]), torch.Size([126, 16, 256])
2025-09-17 19:32:02.771 DEBUG: Calling TensorProductUniform4x1d: u,u,,u sizes=1024,256,16,4096 num_segments=4,1,16,16 num_paths=16 u=256, input shapes: torch.Size([1452, 1024]), torch.Size([1452, 256]), torch.Size([1452, 16])
2025-09-17 19:32:02.778 DEBUG: Calling SymmetricTensorContraction: [u,u,u sizes=4096,12544,2304 num_segments=16,49,9 num_paths=9 u=256, u,u,u,u sizes=4096,4096,12544,2304 num_segments=16,16,49,9 num_paths=125 u=256, u,u,u,u,u sizes=4096,4096,4096,12544,2304 num_segments=16,16,16,49,9 num_paths=1093 u=256], input shapes: torch.Size([7, 49, 256]), torch.Size([126]), torch.Size([126, 16, 256])
2025-09-17 19:32:02.782 DEBUG: Calling TensorProductUniform4x1d: u,u,,u sizes=4352,2304,16,18176 num_segments=17,9,16,71 num_paths=215 u=256, input shapes: torch.Size([1452, 4352]), torch.Size([1452, 2304]), torch.Size([1452, 16])
2025-09-17 19:32:02.786 DEBUG: Calling SymmetricTensorContraction: [u,u,u sizes=4096,3328,256 num_segments=16,13,1 num_paths=1 u=256, u,u,u,u sizes=4096,4096,3328,256 num_segments=16,16,13,1 num_paths=16 u=256, u,u,u,u,u sizes=4096,4096,4096,3328,256 num_segments=16,16,16,13,1 num_paths=77 u=256], input shapes: torch.Size([7, 13, 256]), torch.Size([126]), torch.Size([126, 16, 256])
2025-09-17 19:32:02.838 DEBUG: Calling TensorProductUniform4x1d: u,u,,u sizes=1024,256,16,4096 num_segments=4,1,16,16 num_paths=16 u=256, input shapes: torch.Size([1178, 1024]), torch.Size([1178, 256]), torch.Size([1178, 16])
2025-09-17 19:32:02.844 DEBUG: Calling SymmetricTensorContraction: [u,u,u sizes=4096,12544,2304 num_segments=16,49,9 num_paths=9 u=256, u,u,u,u sizes=4096,4096,12544,2304 num_segments=16,16,49,9 num_paths=125 u=256, u,u,u,u,u sizes=4096,4096,4096,12544,2304 num_segments=16,16,16,49,9 num_paths=1093 u=256], input shapes: torch.Size([7, 49, 256]), torch.Size([111]), torch.Size([111, 16, 256])
2025-09-17 19:32:02.849 DEBUG: Calling TensorProductUniform4x1d: u,u,,u sizes=4352,2304,16,18176 num_segments=17,9,16,71 num_paths=215 u=256, input shapes: torch.Size([1178, 4352]), torch.Size([1178, 2304]), torch.Size([1178, 16])
2025-09-17 19:32:02.853 DEBUG: Calling SymmetricTensorContraction: [u,u,u sizes=4096,3328,256 num_segments=16,13,1 num_paths=1 u=256, u,u,u,u sizes=4096,4096,3328,256 num_segments=16,16,13,1 num_paths=16 u=256, u,u,u,u,u sizes=4096,4096,4096,3328,256 num_segments=16,16,16,13,1 num_paths=77 u=256], input shapes: torch.Size([7, 13, 256]), torch.Size([111]), torch.Size([111, 16, 256])
2025-09-17 19:32:02.906 DEBUG: Calling TensorProductUniform4x1d: u,u,,u sizes=1024,256,16,4096 num_segments=4,1,16,16 num_paths=16 u=256, input shapes: torch.Size([1390, 1024]), torch.Size([1390, 256]), torch.Size([1390, 16])
2025-09-17 19:32:02.912 DEBUG: Calling SymmetricTensorContraction: [u,u,u sizes=4096,12544,2304 num_segments=16,49,9 num_paths=9 u=256, u,u,u,u sizes=4096,4096,12544,2304 num_segments=16,16,49,9 num_paths=125 u=256, u,u,u,u,u sizes=4096,4096,4096,12544,2304 num_segments=16,16,16,49,9 num_paths=1093 u=256], input shapes: torch.Size([7, 49, 256]), torch.Size([120]), torch.Size([120, 16, 256])
2025-09-17 19:32:02.916 DEBUG: Calling TensorProductUniform4x1d: u,u,,u sizes=4352,2304,16,18176 num_segments=17,9,16,71 num_paths=215 u=256, input shapes: torch.Size([1390, 4352]), torch.Size([1390, 2304]), torch.Size([1390, 16])
2025-09-17 19:32:02.921 DEBUG: Calling SymmetricTensorContraction: [u,u,u sizes=4096,3328,256 num_segments=16,13,1 num_paths=1 u=256, u,u,u,u sizes=4096,4096,3328,256 num_segments=16,16,13,1 num_paths=16 u=256, u,u,u,u,u sizes=4096,4096,4096,3328,256 num_segments=16,16,16,13,1 num_paths=77 u=256], input shapes: torch.Size([7, 13, 256]), torch.Size([120]), torch.Size([120, 16, 256])
2025-09-17 19:32:02.977 DEBUG: Calling TensorProductUniform4x1d: u,u,,u sizes=1024,256,16,4096 num_segments=4,1,16,16 num_paths=16 u=256, input shapes: torch.Size([1278, 1024]), torch.Size([1278, 256]), torch.Size([1278, 16])
2025-09-17 19:32:02.983 DEBUG: Calling SymmetricTensorContraction: [u,u,u sizes=4096,12544,2304 num_segments=16,49,9 num_paths=9 u=256, u,u,u,u sizes=4096,4096,12544,2304 num_segments=16,16,49,9 num_paths=125 u=256, u,u,u,u,u sizes=4096,4096,4096,12544,2304 num_segments=16,16,16,49,9 num_paths=1093 u=256], input shapes: torch.Size([7, 49, 256]), torch.Size([117]), torch.Size([117, 16, 256])
2025-09-17 19:32:02.987 DEBUG: Calling TensorProductUniform4x1d: u,u,,u sizes=4352,2304,16,18176 num_segments=17,9,16,71 num_paths=215 u=256, input shapes: torch.Size([1278, 4352]), torch.Size([1278, 2304]), torch.Size([1278, 16])
2025-09-17 19:32:02.991 DEBUG: Calling SymmetricTensorContraction: [u,u,u sizes=4096,3328,256 num_segments=16,13,1 num_paths=1 u=256, u,u,u,u sizes=4096,4096,3328,256 num_segments=16,16,13,1 num_paths=16 u=256, u,u,u,u,u sizes=4096,4096,4096,3328,256 num_segments=16,16,16,13,1 num_paths=77 u=256], input shapes: torch.Size([7, 13, 256]), torch.Size([117]), torch.Size([117, 16, 256])
2025-09-17 19:32:03.043 DEBUG: Calling TensorProductUniform4x1d: u,u,,u sizes=1024,256,16,4096 num_segments=4,1,16,16 num_paths=16 u=256, input shapes: torch.Size([1244, 1024]), torch.Size([1244, 256]), torch.Size([1244, 16])
2025-09-17 19:32:03.050 DEBUG: Calling SymmetricTensorContraction: [u,u,u sizes=4096,12544,2304 num_segments=16,49,9 num_paths=9 u=256, u,u,u,u sizes=4096,4096,12544,2304 num_segments=16,16,49,9 num_paths=125 u=256, u,u,u,u,u sizes=4096,4096,4096,12544,2304 num_segments=16,16,16,49,9 num_paths=1093 u=256], input shapes: torch.Size([7, 49, 256]), torch.Size([114]), torch.Size([114, 16, 256])
2025-09-17 19:32:03.055 DEBUG: Calling TensorProductUniform4x1d: u,u,,u sizes=4352,2304,16,18176 num_segments=17,9,16,71 num_paths=215 u=256, input shapes: torch.Size([1244, 4352]), torch.Size([1244, 2304]), torch.Size([1244, 16])
2025-09-17 19:32:03.059 DEBUG: Calling SymmetricTensorContraction: [u,u,u sizes=4096,3328,256 num_segments=16,13,1 num_paths=1 u=256, u,u,u,u sizes=4096,4096,3328,256 num_segments=16,16,13,1 num_paths=16 u=256, u,u,u,u,u sizes=4096,4096,4096,3328,256 num_segments=16,16,16,13,1 num_paths=77 u=256], input shapes: torch.Size([7, 13, 256]), torch.Size([114]), torch.Size([114, 16, 256])
2025-09-17 19:32:03.122 DEBUG: Calling TensorProductUniform4x1d: u,u,,u sizes=1024,256,16,4096 num_segments=4,1,16,16 num_paths=16 u=256, input shapes: torch.Size([1606, 1024]), torch.Size([1606, 256]), torch.Size([1606, 16])
2025-09-17 19:32:03.128 DEBUG: Calling SymmetricTensorContraction: [u,u,u sizes=4096,12544,2304 num_segments=16,49,9 num_paths=9 u=256, u,u,u,u sizes=4096,4096,12544,2304 num_segments=16,16,49,9 num_paths=125 u=256, u,u,u,u,u sizes=4096,4096,4096,12544,2304 num_segments=16,16,16,49,9 num_paths=1093 u=256], input shapes: torch.Size([7, 49, 256]), torch.Size([130]), torch.Size([130, 16, 256])
2025-09-17 19:32:03.133 DEBUG: Calling TensorProductUniform4x1d: u,u,,u sizes=4352,2304,16,18176 num_segments=17,9,16,71 num_paths=215 u=256, input shapes: torch.Size([1606, 4352]), torch.Size([1606, 2304]), torch.Size([1606, 16])
2025-09-17 19:32:03.138 DEBUG: Calling SymmetricTensorContraction: [u,u,u sizes=4096,3328,256 num_segments=16,13,1 num_paths=1 u=256, u,u,u,u sizes=4096,4096,3328,256 num_segments=16,16,13,1 num_paths=16 u=256, u,u,u,u,u sizes=4096,4096,4096,3328,256 num_segments=16,16,16,13,1 num_paths=77 u=256], input shapes: torch.Size([7, 13, 256]), torch.Size([130]), torch.Size([130, 16, 256])
2025-09-17 19:32:03.192 DEBUG: Calling TensorProductUniform4x1d: u,u,,u sizes=1024,256,16,4096 num_segments=4,1,16,16 num_paths=16 u=256, input shapes: torch.Size([1494, 1024]), torch.Size([1494, 256]), torch.Size([1494, 16])
2025-09-17 19:32:03.200 DEBUG: Calling SymmetricTensorContraction: [u,u,u sizes=4096,12544,2304 num_segments=16,49,9 num_paths=9 u=256, u,u,u,u sizes=4096,4096,12544,2304 num_segments=16,16,49,9 num_paths=125 u=256, u,u,u,u,u sizes=4096,4096,4096,12544,2304 num_segments=16,16,16,49,9 num_paths=1093 u=256], input shapes: torch.Size([7, 49, 256]), torch.Size([126]), torch.Size([126, 16, 256])
2025-09-17 19:32:03.205 DEBUG: Calling TensorProductUniform4x1d: u,u,,u sizes=4352,2304,16,18176 num_segments=17,9,16,71 num_paths=215 u=256, input shapes: torch.Size([1494, 4352]), torch.Size([1494, 2304]), torch.Size([1494, 16])
2025-09-17 19:32:03.210 DEBUG: Calling SymmetricTensorContraction: [u,u,u sizes=4096,3328,256 num_segments=16,13,1 num_paths=1 u=256, u,u,u,u sizes=4096,4096,3328,256 num_segments=16,16,13,1 num_paths=16 u=256, u,u,u,u,u sizes=4096,4096,4096,3328,256 num_segments=16,16,16,13,1 num_paths=77 u=256], input shapes: torch.Size([7, 13, 256]), torch.Size([126]), torch.Size([126, 16, 256])
2025-09-17 19:32:03.277 DEBUG: Calling TensorProductUniform4x1d: u,u,,u sizes=1024,256,16,4096 num_segments=4,1,16,16 num_paths=16 u=256, input shapes: torch.Size([1604, 1024]), torch.Size([1604, 256]), torch.Size([1604, 16])
2025-09-17 19:32:03.286 DEBUG: Calling SymmetricTensorContraction: [u,u,u sizes=4096,12544,2304 num_segments=16,49,9 num_paths=9 u=256, u,u,u,u sizes=4096,4096,12544,2304 num_segments=16,16,49,9 num_paths=125 u=256, u,u,u,u,u sizes=4096,4096,4096,12544,2304 num_segments=16,16,16,49,9 num_paths=1093 u=256], input shapes: torch.Size([7, 49, 256]), torch.Size([131]), torch.Size([131, 16, 256])
2025-09-17 19:32:03.297 DEBUG: Calling TensorProductUniform4x1d: u,u,,u sizes=4352,2304,16,18176 num_segments=17,9,16,71 num_paths=215 u=256, input shapes: torch.Size([1604, 4352]), torch.Size([1604, 2304]), torch.Size([1604, 16])
2025-09-17 19:32:03.305 DEBUG: Calling SymmetricTensorContraction: [u,u,u sizes=4096,3328,256 num_segments=16,13,1 num_paths=1 u=256, u,u,u,u sizes=4096,4096,3328,256 num_segments=16,16,13,1 num_paths=16 u=256, u,u,u,u,u sizes=4096,4096,4096,3328,256 num_segments=16,16,16,13,1 num_paths=77 u=256], input shapes: torch.Size([7, 13, 256]), torch.Size([131]), torch.Size([131, 16, 256])
2025-09-17 19:32:03.358 DEBUG: Calling TensorProductUniform4x1d: u,u,,u sizes=1024,256,16,4096 num_segments=4,1,16,16 num_paths=16 u=256, input shapes: torch.Size([1556, 1024]), torch.Size([1556, 256]), torch.Size([1556, 16])
2025-09-17 19:32:03.365 DEBUG: Calling SymmetricTensorContraction: [u,u,u sizes=4096,12544,2304 num_segments=16,49,9 num_paths=9 u=256, u,u,u,u sizes=4096,4096,12544,2304 num_segments=16,16,49,9 num_paths=125 u=256, u,u,u,u,u sizes=4096,4096,4096,12544,2304 num_segments=16,16,16,49,9 num_paths=1093 u=256], input shapes: torch.Size([7, 49, 256]), torch.Size([130]), torch.Size([130, 16, 256])
2025-09-17 19:32:03.368 DEBUG: Calling TensorProductUniform4x1d: u,u,,u sizes=4352,2304,16,18176 num_segments=17,9,16,71 num_paths=215 u=256, input shapes: torch.Size([1556, 4352]), torch.Size([1556, 2304]), torch.Size([1556, 16])
2025-09-17 19:32:03.373 DEBUG: Calling SymmetricTensorContraction: [u,u,u sizes=4096,3328,256 num_segments=16,13,1 num_paths=1 u=256, u,u,u,u sizes=4096,4096,3328,256 num_segments=16,16,13,1 num_paths=16 u=256, u,u,u,u,u sizes=4096,4096,4096,3328,256 num_segments=16,16,16,13,1 num_paths=77 u=256], input shapes: torch.Size([7, 13, 256]), torch.Size([130]), torch.Size([130, 16, 256])
2025-09-17 19:32:03.422 DEBUG: Calling TensorProductUniform4x1d: u,u,,u sizes=1024,256,16,4096 num_segments=4,1,16,16 num_paths=16 u=256, input shapes: torch.Size([1244, 1024]), torch.Size([1244, 256]), torch.Size([1244, 16])
2025-09-17 19:32:03.428 DEBUG: Calling SymmetricTensorContraction: [u,u,u sizes=4096,12544,2304 num_segments=16,49,9 num_paths=9 u=256, u,u,u,u sizes=4096,4096,12544,2304 num_segments=16,16,49,9 num_paths=125 u=256, u,u,u,u,u sizes=4096,4096,4096,12544,2304 num_segments=16,16,16,49,9 num_paths=1093 u=256], input shapes: torch.Size([7, 49, 256]), torch.Size([116]), torch.Size([116, 16, 256])
2025-09-17 19:32:03.432 DEBUG: Calling TensorProductUniform4x1d: u,u,,u sizes=4352,2304,16,18176 num_segments=17,9,16,71 num_paths=215 u=256, input shapes: torch.Size([1244, 4352]), torch.Size([1244, 2304]), torch.Size([1244, 16])
2025-09-17 19:32:03.436 DEBUG: Calling SymmetricTensorContraction: [u,u,u sizes=4096,3328,256 num_segments=16,13,1 num_paths=1 u=256, u,u,u,u sizes=4096,4096,3328,256 num_segments=16,16,13,1 num_paths=16 u=256, u,u,u,u,u sizes=4096,4096,4096,3328,256 num_segments=16,16,16,13,1 num_paths=77 u=256], input shapes: torch.Size([7, 13, 256]), torch.Size([116]), torch.Size([116, 16, 256])
2025-09-17 19:32:03.488 DEBUG: Calling TensorProductUniform4x1d: u,u,,u sizes=1024,256,16,4096 num_segments=4,1,16,16 num_paths=16 u=256, input shapes: torch.Size([1868, 1024]), torch.Size([1868, 256]), torch.Size([1868, 16])
2025-09-17 19:32:03.494 DEBUG: Calling SymmetricTensorContraction: [u,u,u sizes=4096,12544,2304 num_segments=16,49,9 num_paths=9 u=256, u,u,u,u sizes=4096,4096,12544,2304 num_segments=16,16,49,9 num_paths=125 u=256, u,u,u,u,u sizes=4096,4096,4096,12544,2304 num_segments=16,16,16,49,9 num_paths=1093 u=256], input shapes: torch.Size([7, 49, 256]), torch.Size([139]), torch.Size([139, 16, 256])
2025-09-17 19:32:03.499 DEBUG: Calling TensorProductUniform4x1d: u,u,,u sizes=4352,2304,16,18176 num_segments=17,9,16,71 num_paths=215 u=256, input shapes: torch.Size([1868, 4352]), torch.Size([1868, 2304]), torch.Size([1868, 16])
2025-09-17 19:32:03.503 DEBUG: Calling SymmetricTensorContraction: [u,u,u sizes=4096,3328,256 num_segments=16,13,1 num_paths=1 u=256, u,u,u,u sizes=4096,4096,3328,256 num_segments=16,16,13,1 num_paths=16 u=256, u,u,u,u,u sizes=4096,4096,4096,3328,256 num_segments=16,16,16,13,1 num_paths=77 u=256], input shapes: torch.Size([7, 13, 256]), torch.Size([139]), torch.Size([139, 16, 256])
2025-09-17 19:32:03.566 DEBUG: Calling TensorProductUniform4x1d: u,u,,u sizes=1024,256,16,4096 num_segments=4,1,16,16 num_paths=16 u=256, input shapes: torch.Size([1398, 1024]), torch.Size([1398, 256]), torch.Size([1398, 16])
2025-09-17 19:32:03.574 DEBUG: Calling SymmetricTensorContraction: [u,u,u sizes=4096,12544,2304 num_segments=16,49,9 num_paths=9 u=256, u,u,u,u sizes=4096,4096,12544,2304 num_segments=16,16,49,9 num_paths=125 u=256, u,u,u,u,u sizes=4096,4096,4096,12544,2304 num_segments=16,16,16,49,9 num_paths=1093 u=256], input shapes: torch.Size([7, 49, 256]), torch.Size([122]), torch.Size([122, 16, 256])
2025-09-17 19:32:03.578 DEBUG: Calling TensorProductUniform4x1d: u,u,,u sizes=4352,2304,16,18176 num_segments=17,9,16,71 num_paths=215 u=256, input shapes: torch.Size([1398, 4352]), torch.Size([1398, 2304]), torch.Size([1398, 16])
2025-09-17 19:32:03.582 DEBUG: Calling SymmetricTensorContraction: [u,u,u sizes=4096,3328,256 num_segments=16,13,1 num_paths=1 u=256, u,u,u,u sizes=4096,4096,3328,256 num_segments=16,16,13,1 num_paths=16 u=256, u,u,u,u,u sizes=4096,4096,4096,3328,256 num_segments=16,16,16,13,1 num_paths=77 u=256], input shapes: torch.Size([7, 13, 256]), torch.Size([122]), torch.Size([122, 16, 256])
2025-09-17 19:32:03.635 DEBUG: Calling TensorProductUniform4x1d: u,u,,u sizes=1024,256,16,4096 num_segments=4,1,16,16 num_paths=16 u=256, input shapes: torch.Size([1644, 1024]), torch.Size([1644, 256]), torch.Size([1644, 16])
2025-09-17 19:32:03.641 DEBUG: Calling SymmetricTensorContraction: [u,u,u sizes=4096,12544,2304 num_segments=16,49,9 num_paths=9 u=256, u,u,u,u sizes=4096,4096,12544,2304 num_segments=16,16,49,9 num_paths=125 u=256, u,u,u,u,u sizes=4096,4096,4096,12544,2304 num_segments=16,16,16,49,9 num_paths=1093 u=256], input shapes: torch.Size([7, 49, 256]), torch.Size([131]), torch.Size([131, 16, 256])
2025-09-17 19:32:03.646 DEBUG: Calling TensorProductUniform4x1d: u,u,,u sizes=4352,2304,16,18176 num_segments=17,9,16,71 num_paths=215 u=256, input shapes: torch.Size([1644, 4352]), torch.Size([1644, 2304]), torch.Size([1644, 16])
2025-09-17 19:32:03.651 DEBUG: Calling SymmetricTensorContraction: [u,u,u sizes=4096,3328,256 num_segments=16,13,1 num_paths=1 u=256, u,u,u,u sizes=4096,4096,3328,256 num_segments=16,16,13,1 num_paths=16 u=256, u,u,u,u,u sizes=4096,4096,4096,3328,256 num_segments=16,16,16,13,1 num_paths=77 u=256], input shapes: torch.Size([7, 13, 256]), torch.Size([131]), torch.Size([131, 16, 256])
2025-09-17 19:32:03.708 DEBUG: Calling TensorProductUniform4x1d: u,u,,u sizes=1024,256,16,4096 num_segments=4,1,16,16 num_paths=16 u=256, input shapes: torch.Size([1140, 1024]), torch.Size([1140, 256]), torch.Size([1140, 16])
2025-09-17 19:32:03.714 DEBUG: Calling SymmetricTensorContraction: [u,u,u sizes=4096,12544,2304 num_segments=16,49,9 num_paths=9 u=256, u,u,u,u sizes=4096,4096,12544,2304 num_segments=16,16,49,9 num_paths=125 u=256, u,u,u,u,u sizes=4096,4096,4096,12544,2304 num_segments=16,16,16,49,9 num_paths=1093 u=256], input shapes: torch.Size([7, 49, 256]), torch.Size([109]), torch.Size([109, 16, 256])
2025-09-17 19:32:03.718 DEBUG: Calling TensorProductUniform4x1d: u,u,,u sizes=4352,2304,16,18176 num_segments=17,9,16,71 num_paths=215 u=256, input shapes: torch.Size([1140, 4352]), torch.Size([1140, 2304]), torch.Size([1140, 16])
2025-09-17 19:32:03.722 DEBUG: Calling SymmetricTensorContraction: [u,u,u sizes=4096,3328,256 num_segments=16,13,1 num_paths=1 u=256, u,u,u,u sizes=4096,4096,3328,256 num_segments=16,16,13,1 num_paths=16 u=256, u,u,u,u,u sizes=4096,4096,4096,3328,256 num_segments=16,16,16,13,1 num_paths=77 u=256], input shapes: torch.Size([7, 13, 256]), torch.Size([109]), torch.Size([109, 16, 256])
2025-09-17 19:32:03.770 DEBUG: Calling TensorProductUniform4x1d: u,u,,u sizes=1024,256,16,4096 num_segments=4,1,16,16 num_paths=16 u=256, input shapes: torch.Size([1796, 1024]), torch.Size([1796, 256]), torch.Size([1796, 16])
2025-09-17 19:32:03.776 DEBUG: Calling SymmetricTensorContraction: [u,u,u sizes=4096,12544,2304 num_segments=16,49,9 num_paths=9 u=256, u,u,u,u sizes=4096,4096,12544,2304 num_segments=16,16,49,9 num_paths=125 u=256, u,u,u,u,u sizes=4096,4096,4096,12544,2304 num_segments=16,16,16,49,9 num_paths=1093 u=256], input shapes: torch.Size([7, 49, 256]), torch.Size([139]), torch.Size([139, 16, 256])
2025-09-17 19:32:03.781 DEBUG: Calling TensorProductUniform4x1d: u,u,,u sizes=4352,2304,16,18176 num_segments=17,9,16,71 num_paths=215 u=256, input shapes: torch.Size([1796, 4352]), torch.Size([1796, 2304]), torch.Size([1796, 16])
2025-09-17 19:32:03.785 DEBUG: Calling SymmetricTensorContraction: [u,u,u sizes=4096,3328,256 num_segments=16,13,1 num_paths=1 u=256, u,u,u,u sizes=4096,4096,3328,256 num_segments=16,16,13,1 num_paths=16 u=256, u,u,u,u,u sizes=4096,4096,4096,3328,256 num_segments=16,16,16,13,1 num_paths=77 u=256], input shapes: torch.Size([7, 13, 256]), torch.Size([139]), torch.Size([139, 16, 256])
2025-09-17 19:32:03.840 DEBUG: Calling TensorProductUniform4x1d: u,u,,u sizes=1024,256,16,4096 num_segments=4,1,16,16 num_paths=16 u=256, input shapes: torch.Size([1548, 1024]), torch.Size([1548, 256]), torch.Size([1548, 16])
2025-09-17 19:32:03.846 DEBUG: Calling SymmetricTensorContraction: [u,u,u sizes=4096,12544,2304 num_segments=16,49,9 num_paths=9 u=256, u,u,u,u sizes=4096,4096,12544,2304 num_segments=16,16,49,9 num_paths=125 u=256, u,u,u,u,u sizes=4096,4096,4096,12544,2304 num_segments=16,16,16,49,9 num_paths=1093 u=256], input shapes: torch.Size([7, 49, 256]), torch.Size([128]), torch.Size([128, 16, 256])
2025-09-17 19:32:03.850 DEBUG: Calling TensorProductUniform4x1d: u,u,,u sizes=4352,2304,16,18176 num_segments=17,9,16,71 num_paths=215 u=256, input shapes: torch.Size([1548, 4352]), torch.Size([1548, 2304]), torch.Size([1548, 16])
2025-09-17 19:32:03.854 DEBUG: Calling SymmetricTensorContraction: [u,u,u sizes=4096,3328,256 num_segments=16,13,1 num_paths=1 u=256, u,u,u,u sizes=4096,4096,3328,256 num_segments=16,16,13,1 num_paths=16 u=256, u,u,u,u,u sizes=4096,4096,4096,3328,256 num_segments=16,16,16,13,1 num_paths=77 u=256], input shapes: torch.Size([7, 13, 256]), torch.Size([128]), torch.Size([128, 16, 256])
2025-09-17 19:32:03.909 DEBUG: Calling TensorProductUniform4x1d: u,u,,u sizes=1024,256,16,4096 num_segments=4,1,16,16 num_paths=16 u=256, input shapes: torch.Size([1634, 1024]), torch.Size([1634, 256]), torch.Size([1634, 16])
2025-09-17 19:32:03.915 DEBUG: Calling SymmetricTensorContraction: [u,u,u sizes=4096,12544,2304 num_segments=16,49,9 num_paths=9 u=256, u,u,u,u sizes=4096,4096,12544,2304 num_segments=16,16,49,9 num_paths=125 u=256, u,u,u,u,u sizes=4096,4096,4096,12544,2304 num_segments=16,16,16,49,9 num_paths=1093 u=256], input shapes: torch.Size([7, 49, 256]), torch.Size([133]), torch.Size([133, 16, 256])
2025-09-17 19:32:03.919 DEBUG: Calling TensorProductUniform4x1d: u,u,,u sizes=4352,2304,16,18176 num_segments=17,9,16,71 num_paths=215 u=256, input shapes: torch.Size([1634, 4352]), torch.Size([1634, 2304]), torch.Size([1634, 16])
2025-09-17 19:32:03.924 DEBUG: Calling SymmetricTensorContraction: [u,u,u sizes=4096,3328,256 num_segments=16,13,1 num_paths=1 u=256, u,u,u,u sizes=4096,4096,3328,256 num_segments=16,16,13,1 num_paths=16 u=256, u,u,u,u,u sizes=4096,4096,4096,3328,256 num_segments=16,16,16,13,1 num_paths=77 u=256], input shapes: torch.Size([7, 13, 256]), torch.Size([133]), torch.Size([133, 16, 256])
2025-09-17 19:32:03.981 DEBUG: Calling TensorProductUniform4x1d: u,u,,u sizes=1024,256,16,4096 num_segments=4,1,16,16 num_paths=16 u=256, input shapes: torch.Size([1326, 1024]), torch.Size([1326, 256]), torch.Size([1326, 16])
2025-09-17 19:32:03.988 DEBUG: Calling SymmetricTensorContraction: [u,u,u sizes=4096,12544,2304 num_segments=16,49,9 num_paths=9 u=256, u,u,u,u sizes=4096,4096,12544,2304 num_segments=16,16,49,9 num_paths=125 u=256, u,u,u,u,u sizes=4096,4096,4096,12544,2304 num_segments=16,16,16,49,9 num_paths=1093 u=256], input shapes: torch.Size([7, 49, 256]), torch.Size([118]), torch.Size([118, 16, 256])
2025-09-17 19:32:03.992 DEBUG: Calling TensorProductUniform4x1d: u,u,,u sizes=4352,2304,16,18176 num_segments=17,9,16,71 num_paths=215 u=256, input shapes: torch.Size([1326, 4352]), torch.Size([1326, 2304]), torch.Size([1326, 16])
2025-09-17 19:32:03.996 DEBUG: Calling SymmetricTensorContraction: [u,u,u sizes=4096,3328,256 num_segments=16,13,1 num_paths=1 u=256, u,u,u,u sizes=4096,4096,3328,256 num_segments=16,16,13,1 num_paths=16 u=256, u,u,u,u,u sizes=4096,4096,4096,3328,256 num_segments=16,16,16,13,1 num_paths=77 u=256], input shapes: torch.Size([7, 13, 256]), torch.Size([118]), torch.Size([118, 16, 256])
2025-09-17 19:32:04.067 DEBUG: Calling TensorProductUniform4x1d: u,u,,u sizes=1024,256,16,4096 num_segments=4,1,16,16 num_paths=16 u=256, input shapes: torch.Size([1550, 1024]), torch.Size([1550, 256]), torch.Size([1550, 16])
2025-09-17 19:32:04.073 DEBUG: Calling SymmetricTensorContraction: [u,u,u sizes=4096,12544,2304 num_segments=16,49,9 num_paths=9 u=256, u,u,u,u sizes=4096,4096,12544,2304 num_segments=16,16,49,9 num_paths=125 u=256, u,u,u,u,u sizes=4096,4096,4096,12544,2304 num_segments=16,16,16,49,9 num_paths=1093 u=256], input shapes: torch.Size([7, 49, 256]), torch.Size([128]), torch.Size([128, 16, 256])
2025-09-17 19:32:04.077 DEBUG: Calling TensorProductUniform4x1d: u,u,,u sizes=4352,2304,16,18176 num_segments=17,9,16,71 num_paths=215 u=256, input shapes: torch.Size([1550, 4352]), torch.Size([1550, 2304]), torch.Size([1550, 16])
2025-09-17 19:32:04.081 DEBUG: Calling SymmetricTensorContraction: [u,u,u sizes=4096,3328,256 num_segments=16,13,1 num_paths=1 u=256, u,u,u,u sizes=4096,4096,3328,256 num_segments=16,16,13,1 num_paths=16 u=256, u,u,u,u,u sizes=4096,4096,4096,3328,256 num_segments=16,16,16,13,1 num_paths=77 u=256], input shapes: torch.Size([7, 13, 256]), torch.Size([128]), torch.Size([128, 16, 256])
2025-09-17 19:32:04.135 DEBUG: Calling TensorProductUniform4x1d: u,u,,u sizes=1024,256,16,4096 num_segments=4,1,16,16 num_paths=16 u=256, input shapes: torch.Size([1664, 1024]), torch.Size([1664, 256]), torch.Size([1664, 16])
2025-09-17 19:32:04.141 DEBUG: Calling SymmetricTensorContraction: [u,u,u sizes=4096,12544,2304 num_segments=16,49,9 num_paths=9 u=256, u,u,u,u sizes=4096,4096,12544,2304 num_segments=16,16,49,9 num_paths=125 u=256, u,u,u,u,u sizes=4096,4096,4096,12544,2304 num_segments=16,16,16,49,9 num_paths=1093 u=256], input shapes: torch.Size([7, 49, 256]), torch.Size([133]), torch.Size([133, 16, 256])
2025-09-17 19:32:04.145 DEBUG: Calling TensorProductUniform4x1d: u,u,,u sizes=4352,2304,16,18176 num_segments=17,9,16,71 num_paths=215 u=256, input shapes: torch.Size([1664, 4352]), torch.Size([1664, 2304]), torch.Size([1664, 16])
2025-09-17 19:32:04.149 DEBUG: Calling SymmetricTensorContraction: [u,u,u sizes=4096,3328,256 num_segments=16,13,1 num_paths=1 u=256, u,u,u,u sizes=4096,4096,3328,256 num_segments=16,16,13,1 num_paths=16 u=256, u,u,u,u,u sizes=4096,4096,4096,3328,256 num_segments=16,16,16,13,1 num_paths=77 u=256], input shapes: torch.Size([7, 13, 256]), torch.Size([133]), torch.Size([133, 16, 256])
2025-09-17 19:32:04.199 DEBUG: Calling TensorProductUniform4x1d: u,u,,u sizes=1024,256,16,4096 num_segments=4,1,16,16 num_paths=16 u=256, input shapes: torch.Size([1508, 1024]), torch.Size([1508, 256]), torch.Size([1508, 16])
2025-09-17 19:32:04.206 DEBUG: Calling SymmetricTensorContraction: [u,u,u sizes=4096,12544,2304 num_segments=16,49,9 num_paths=9 u=256, u,u,u,u sizes=4096,4096,12544,2304 num_segments=16,16,49,9 num_paths=125 u=256, u,u,u,u,u sizes=4096,4096,4096,12544,2304 num_segments=16,16,16,49,9 num_paths=1093 u=256], input shapes: torch.Size([7, 49, 256]), torch.Size([126]), torch.Size([126, 16, 256])
2025-09-17 19:32:04.210 DEBUG: Calling TensorProductUniform4x1d: u,u,,u sizes=4352,2304,16,18176 num_segments=17,9,16,71 num_paths=215 u=256, input shapes: torch.Size([1508, 4352]), torch.Size([1508, 2304]), torch.Size([1508, 16])
2025-09-17 19:32:04.214 DEBUG: Calling SymmetricTensorContraction: [u,u,u sizes=4096,3328,256 num_segments=16,13,1 num_paths=1 u=256, u,u,u,u sizes=4096,4096,3328,256 num_segments=16,16,13,1 num_paths=16 u=256, u,u,u,u,u sizes=4096,4096,4096,3328,256 num_segments=16,16,16,13,1 num_paths=77 u=256], input shapes: torch.Size([7, 13, 256]), torch.Size([126]), torch.Size([126, 16, 256])
2025-09-17 19:32:04.264 DEBUG: Calling TensorProductUniform4x1d: u,u,,u sizes=1024,256,16,4096 num_segments=4,1,16,16 num_paths=16 u=256, input shapes: torch.Size([1430, 1024]), torch.Size([1430, 256]), torch.Size([1430, 16])
2025-09-17 19:32:04.270 DEBUG: Calling SymmetricTensorContraction: [u,u,u sizes=4096,12544,2304 num_segments=16,49,9 num_paths=9 u=256, u,u,u,u sizes=4096,4096,12544,2304 num_segments=16,16,49,9 num_paths=125 u=256, u,u,u,u,u sizes=4096,4096,4096,12544,2304 num_segments=16,16,16,49,9 num_paths=1093 u=256], input shapes: torch.Size([7, 49, 256]), torch.Size([122]), torch.Size([122, 16, 256])
2025-09-17 19:32:04.273 DEBUG: Calling TensorProductUniform4x1d: u,u,,u sizes=4352,2304,16,18176 num_segments=17,9,16,71 num_paths=215 u=256, input shapes: torch.Size([1430, 4352]), torch.Size([1430, 2304]), torch.Size([1430, 16])
2025-09-17 19:32:04.277 DEBUG: Calling SymmetricTensorContraction: [u,u,u sizes=4096,3328,256 num_segments=16,13,1 num_paths=1 u=256, u,u,u,u sizes=4096,4096,3328,256 num_segments=16,16,13,1 num_paths=16 u=256, u,u,u,u,u sizes=4096,4096,4096,3328,256 num_segments=16,16,16,13,1 num_paths=77 u=256], input shapes: torch.Size([7, 13, 256]), torch.Size([122]), torch.Size([122, 16, 256])
2025-09-17 19:32:04.328 DEBUG: Calling TensorProductUniform4x1d: u,u,,u sizes=1024,256,16,4096 num_segments=4,1,16,16 num_paths=16 u=256, input shapes: torch.Size([1610, 1024]), torch.Size([1610, 256]), torch.Size([1610, 16])
2025-09-17 19:32:04.334 DEBUG: Calling SymmetricTensorContraction: [u,u,u sizes=4096,12544,2304 num_segments=16,49,9 num_paths=9 u=256, u,u,u,u sizes=4096,4096,12544,2304 num_segments=16,16,49,9 num_paths=125 u=256, u,u,u,u,u sizes=4096,4096,4096,12544,2304 num_segments=16,16,16,49,9 num_paths=1093 u=256], input shapes: torch.Size([7, 49, 256]), torch.Size([131]), torch.Size([131, 16, 256])
2025-09-17 19:32:04.338 DEBUG: Calling TensorProductUniform4x1d: u,u,,u sizes=4352,2304,16,18176 num_segments=17,9,16,71 num_paths=215 u=256, input shapes: torch.Size([1610, 4352]), torch.Size([1610, 2304]), torch.Size([1610, 16])
2025-09-17 19:32:04.342 DEBUG: Calling SymmetricTensorContraction: [u,u,u sizes=4096,3328,256 num_segments=16,13,1 num_paths=1 u=256, u,u,u,u sizes=4096,4096,3328,256 num_segments=16,16,13,1 num_paths=16 u=256, u,u,u,u,u sizes=4096,4096,4096,3328,256 num_segments=16,16,16,13,1 num_paths=77 u=256], input shapes: torch.Size([7, 13, 256]), torch.Size([131]), torch.Size([131, 16, 256])
2025-09-17 19:32:04.390 DEBUG: Calling TensorProductUniform4x1d: u,u,,u sizes=1024,256,16,4096 num_segments=4,1,16,16 num_paths=16 u=256, input shapes: torch.Size([1408, 1024]), torch.Size([1408, 256]), torch.Size([1408, 16])
2025-09-17 19:32:04.396 DEBUG: Calling SymmetricTensorContraction: [u,u,u sizes=4096,12544,2304 num_segments=16,49,9 num_paths=9 u=256, u,u,u,u sizes=4096,4096,12544,2304 num_segments=16,16,49,9 num_paths=125 u=256, u,u,u,u,u sizes=4096,4096,4096,12544,2304 num_segments=16,16,16,49,9 num_paths=1093 u=256], input shapes: torch.Size([7, 49, 256]), torch.Size([122]), torch.Size([122, 16, 256])
2025-09-17 19:32:04.400 DEBUG: Calling TensorProductUniform4x1d: u,u,,u sizes=4352,2304,16,18176 num_segments=17,9,16,71 num_paths=215 u=256, input shapes: torch.Size([1408, 4352]), torch.Size([1408, 2304]), torch.Size([1408, 16])
2025-09-17 19:32:04.404 DEBUG: Calling SymmetricTensorContraction: [u,u,u sizes=4096,3328,256 num_segments=16,13,1 num_paths=1 u=256, u,u,u,u sizes=4096,4096,3328,256 num_segments=16,16,13,1 num_paths=16 u=256, u,u,u,u,u sizes=4096,4096,4096,3328,256 num_segments=16,16,16,13,1 num_paths=77 u=256], input shapes: torch.Size([7, 13, 256]), torch.Size([122]), torch.Size([122, 16, 256])
2025-09-17 19:32:04.454 DEBUG: Calling TensorProductUniform4x1d: u,u,,u sizes=1024,256,16,4096 num_segments=4,1,16,16 num_paths=16 u=256, input shapes: torch.Size([1574, 1024]), torch.Size([1574, 256]), torch.Size([1574, 16])
2025-09-17 19:32:04.459 DEBUG: Calling SymmetricTensorContraction: [u,u,u sizes=4096,12544,2304 num_segments=16,49,9 num_paths=9 u=256, u,u,u,u sizes=4096,4096,12544,2304 num_segments=16,16,49,9 num_paths=125 u=256, u,u,u,u,u sizes=4096,4096,4096,12544,2304 num_segments=16,16,16,49,9 num_paths=1093 u=256], input shapes: torch.Size([7, 49, 256]), torch.Size([128]), torch.Size([128, 16, 256])
2025-09-17 19:32:04.463 DEBUG: Calling TensorProductUniform4x1d: u,u,,u sizes=4352,2304,16,18176 num_segments=17,9,16,71 num_paths=215 u=256, input shapes: torch.Size([1574, 4352]), torch.Size([1574, 2304]), torch.Size([1574, 16])
2025-09-17 19:32:04.467 DEBUG: Calling SymmetricTensorContraction: [u,u,u sizes=4096,3328,256 num_segments=16,13,1 num_paths=1 u=256, u,u,u,u sizes=4096,4096,3328,256 num_segments=16,16,13,1 num_paths=16 u=256, u,u,u,u,u sizes=4096,4096,4096,3328,256 num_segments=16,16,16,13,1 num_paths=77 u=256], input shapes: torch.Size([7, 13, 256]), torch.Size([128]), torch.Size([128, 16, 256])
2025-09-17 19:32:04.522 DEBUG: Calling TensorProductUniform4x1d: u,u,,u sizes=1024,256,16,4096 num_segments=4,1,16,16 num_paths=16 u=256, input shapes: torch.Size([1794, 1024]), torch.Size([1794, 256]), torch.Size([1794, 16])
2025-09-17 19:32:04.528 DEBUG: Calling SymmetricTensorContraction: [u,u,u sizes=4096,12544,2304 num_segments=16,49,9 num_paths=9 u=256, u,u,u,u sizes=4096,4096,12544,2304 num_segments=16,16,49,9 num_paths=125 u=256, u,u,u,u,u sizes=4096,4096,4096,12544,2304 num_segments=16,16,16,49,9 num_paths=1093 u=256], input shapes: torch.Size([7, 49, 256]), torch.Size([135]), torch.Size([135, 16, 256])
2025-09-17 19:32:04.531 DEBUG: Calling TensorProductUniform4x1d: u,u,,u sizes=4352,2304,16,18176 num_segments=17,9,16,71 num_paths=215 u=256, input shapes: torch.Size([1794, 4352]), torch.Size([1794, 2304]), torch.Size([1794, 16])
2025-09-17 19:32:04.536 DEBUG: Calling SymmetricTensorContraction: [u,u,u sizes=4096,3328,256 num_segments=16,13,1 num_paths=1 u=256, u,u,u,u sizes=4096,4096,3328,256 num_segments=16,16,13,1 num_paths=16 u=256, u,u,u,u,u sizes=4096,4096,4096,3328,256 num_segments=16,16,16,13,1 num_paths=77 u=256], input shapes: torch.Size([7, 13, 256]), torch.Size([135]), torch.Size([135, 16, 256])
2025-09-17 19:32:04.588 DEBUG: Calling TensorProductUniform4x1d: u,u,,u sizes=1024,256,16,4096 num_segments=4,1,16,16 num_paths=16 u=256, input shapes: torch.Size([1732, 1024]), torch.Size([1732, 256]), torch.Size([1732, 16])
2025-09-17 19:32:04.594 DEBUG: Calling SymmetricTensorContraction: [u,u,u sizes=4096,12544,2304 num_segments=16,49,9 num_paths=9 u=256, u,u,u,u sizes=4096,4096,12544,2304 num_segments=16,16,49,9 num_paths=125 u=256, u,u,u,u,u sizes=4096,4096,4096,12544,2304 num_segments=16,16,16,49,9 num_paths=1093 u=256], input shapes: torch.Size([7, 49, 256]), torch.Size([136]), torch.Size([136, 16, 256])
2025-09-17 19:32:04.598 DEBUG: Calling TensorProductUniform4x1d: u,u,,u sizes=4352,2304,16,18176 num_segments=17,9,16,71 num_paths=215 u=256, input shapes: torch.Size([1732, 4352]), torch.Size([1732, 2304]), torch.Size([1732, 16])
2025-09-17 19:32:04.602 DEBUG: Calling SymmetricTensorContraction: [u,u,u sizes=4096,3328,256 num_segments=16,13,1 num_paths=1 u=256, u,u,u,u sizes=4096,4096,3328,256 num_segments=16,16,13,1 num_paths=16 u=256, u,u,u,u,u sizes=4096,4096,4096,3328,256 num_segments=16,16,16,13,1 num_paths=77 u=256], input shapes: torch.Size([7, 13, 256]), torch.Size([136]), torch.Size([136, 16, 256])
2025-09-17 19:32:04.657 DEBUG: Calling TensorProductUniform4x1d: u,u,,u sizes=1024,256,16,4096 num_segments=4,1,16,16 num_paths=16 u=256, input shapes: torch.Size([1648, 1024]), torch.Size([1648, 256]), torch.Size([1648, 16])
2025-09-17 19:32:04.663 DEBUG: Calling SymmetricTensorContraction: [u,u,u sizes=4096,12544,2304 num_segments=16,49,9 num_paths=9 u=256, u,u,u,u sizes=4096,4096,12544,2304 num_segments=16,16,49,9 num_paths=125 u=256, u,u,u,u,u sizes=4096,4096,4096,12544,2304 num_segments=16,16,16,49,9 num_paths=1093 u=256], input shapes: torch.Size([7, 49, 256]), torch.Size([131]), torch.Size([131, 16, 256])
2025-09-17 19:32:04.667 DEBUG: Calling TensorProductUniform4x1d: u,u,,u sizes=4352,2304,16,18176 num_segments=17,9,16,71 num_paths=215 u=256, input shapes: torch.Size([1648, 4352]), torch.Size([1648, 2304]), torch.Size([1648, 16])
2025-09-17 19:32:04.671 DEBUG: Calling SymmetricTensorContraction: [u,u,u sizes=4096,3328,256 num_segments=16,13,1 num_paths=1 u=256, u,u,u,u sizes=4096,4096,3328,256 num_segments=16,16,13,1 num_paths=16 u=256, u,u,u,u,u sizes=4096,4096,4096,3328,256 num_segments=16,16,16,13,1 num_paths=77 u=256], input shapes: torch.Size([7, 13, 256]), torch.Size([131]), torch.Size([131, 16, 256])
2025-09-17 19:32:04.722 DEBUG: Calling TensorProductUniform4x1d: u,u,,u sizes=1024,256,16,4096 num_segments=4,1,16,16 num_paths=16 u=256, input shapes: torch.Size([1518, 1024]), torch.Size([1518, 256]), torch.Size([1518, 16])
2025-09-17 19:32:04.728 DEBUG: Calling SymmetricTensorContraction: [u,u,u sizes=4096,12544,2304 num_segments=16,49,9 num_paths=9 u=256, u,u,u,u sizes=4096,4096,12544,2304 num_segments=16,16,49,9 num_paths=125 u=256, u,u,u,u,u sizes=4096,4096,4096,12544,2304 num_segments=16,16,16,49,9 num_paths=1093 u=256], input shapes: torch.Size([7, 49, 256]), torch.Size([127]), torch.Size([127, 16, 256])
2025-09-17 19:32:04.733 DEBUG: Calling TensorProductUniform4x1d: u,u,,u sizes=4352,2304,16,18176 num_segments=17,9,16,71 num_paths=215 u=256, input shapes: torch.Size([1518, 4352]), torch.Size([1518, 2304]), torch.Size([1518, 16])
2025-09-17 19:32:04.737 DEBUG: Calling SymmetricTensorContraction: [u,u,u sizes=4096,3328,256 num_segments=16,13,1 num_paths=1 u=256, u,u,u,u sizes=4096,4096,3328,256 num_segments=16,16,13,1 num_paths=16 u=256, u,u,u,u,u sizes=4096,4096,4096,3328,256 num_segments=16,16,16,13,1 num_paths=77 u=256], input shapes: torch.Size([7, 13, 256]), torch.Size([127]), torch.Size([127, 16, 256])
2025-09-17 19:32:04.784 DEBUG: Calling TensorProductUniform4x1d: u,u,,u sizes=1024,256,16,4096 num_segments=4,1,16,16 num_paths=16 u=256, input shapes: torch.Size([1350, 1024]), torch.Size([1350, 256]), torch.Size([1350, 16])
2025-09-17 19:32:04.790 DEBUG: Calling SymmetricTensorContraction: [u,u,u sizes=4096,12544,2304 num_segments=16,49,9 num_paths=9 u=256, u,u,u,u sizes=4096,4096,12544,2304 num_segments=16,16,49,9 num_paths=125 u=256, u,u,u,u,u sizes=4096,4096,4096,12544,2304 num_segments=16,16,16,49,9 num_paths=1093 u=256], input shapes: torch.Size([7, 49, 256]), torch.Size([117]), torch.Size([117, 16, 256])
2025-09-17 19:32:04.794 DEBUG: Calling TensorProductUniform4x1d: u,u,,u sizes=4352,2304,16,18176 num_segments=17,9,16,71 num_paths=215 u=256, input shapes: torch.Size([1350, 4352]), torch.Size([1350, 2304]), torch.Size([1350, 16])
2025-09-17 19:32:04.798 DEBUG: Calling SymmetricTensorContraction: [u,u,u sizes=4096,3328,256 num_segments=16,13,1 num_paths=1 u=256, u,u,u,u sizes=4096,4096,3328,256 num_segments=16,16,13,1 num_paths=16 u=256, u,u,u,u,u sizes=4096,4096,4096,3328,256 num_segments=16,16,16,13,1 num_paths=77 u=256], input shapes: torch.Size([7, 13, 256]), torch.Size([117]), torch.Size([117, 16, 256])
2025-09-17 19:32:04.854 DEBUG: Calling TensorProductUniform4x1d: u,u,,u sizes=1024,256,16,4096 num_segments=4,1,16,16 num_paths=16 u=256, input shapes: torch.Size([1358, 1024]), torch.Size([1358, 256]), torch.Size([1358, 16])
2025-09-17 19:32:04.859 DEBUG: Calling SymmetricTensorContraction: [u,u,u sizes=4096,12544,2304 num_segments=16,49,9 num_paths=9 u=256, u,u,u,u sizes=4096,4096,12544,2304 num_segments=16,16,49,9 num_paths=125 u=256, u,u,u,u,u sizes=4096,4096,4096,12544,2304 num_segments=16,16,16,49,9 num_paths=1093 u=256], input shapes: torch.Size([7, 49, 256]), torch.Size([121]), torch.Size([121, 16, 256])
2025-09-17 19:32:04.863 DEBUG: Calling TensorProductUniform4x1d: u,u,,u sizes=4352,2304,16,18176 num_segments=17,9,16,71 num_paths=215 u=256, input shapes: torch.Size([1358, 4352]), torch.Size([1358, 2304]), torch.Size([1358, 16])
2025-09-17 19:32:04.867 DEBUG: Calling SymmetricTensorContraction: [u,u,u sizes=4096,3328,256 num_segments=16,13,1 num_paths=1 u=256, u,u,u,u sizes=4096,4096,3328,256 num_segments=16,16,13,1 num_paths=16 u=256, u,u,u,u,u sizes=4096,4096,4096,3328,256 num_segments=16,16,16,13,1 num_paths=77 u=256], input shapes: torch.Size([7, 13, 256]), torch.Size([121]), torch.Size([121, 16, 256])
2025-09-17 19:32:04.915 DEBUG: Calling TensorProductUniform4x1d: u,u,,u sizes=1024,256,16,4096 num_segments=4,1,16,16 num_paths=16 u=256, input shapes: torch.Size([1330, 1024]), torch.Size([1330, 256]), torch.Size([1330, 16])
2025-09-17 19:32:04.922 DEBUG: Calling SymmetricTensorContraction: [u,u,u sizes=4096,12544,2304 num_segments=16,49,9 num_paths=9 u=256, u,u,u,u sizes=4096,4096,12544,2304 num_segments=16,16,49,9 num_paths=125 u=256, u,u,u,u,u sizes=4096,4096,4096,12544,2304 num_segments=16,16,16,49,9 num_paths=1093 u=256], input shapes: torch.Size([7, 49, 256]), torch.Size([118]), torch.Size([118, 16, 256])
2025-09-17 19:32:04.926 DEBUG: Calling TensorProductUniform4x1d: u,u,,u sizes=4352,2304,16,18176 num_segments=17,9,16,71 num_paths=215 u=256, input shapes: torch.Size([1330, 4352]), torch.Size([1330, 2304]), torch.Size([1330, 16])
2025-09-17 19:32:04.930 DEBUG: Calling SymmetricTensorContraction: [u,u,u sizes=4096,3328,256 num_segments=16,13,1 num_paths=1 u=256, u,u,u,u sizes=4096,4096,3328,256 num_segments=16,16,13,1 num_paths=16 u=256, u,u,u,u,u sizes=4096,4096,4096,3328,256 num_segments=16,16,16,13,1 num_paths=77 u=256], input shapes: torch.Size([7, 13, 256]), torch.Size([118]), torch.Size([118, 16, 256])
2025-09-17 19:32:04.981 DEBUG: Calling TensorProductUniform4x1d: u,u,,u sizes=1024,256,16,4096 num_segments=4,1,16,16 num_paths=16 u=256, input shapes: torch.Size([1398, 1024]), torch.Size([1398, 256]), torch.Size([1398, 16])
2025-09-17 19:32:04.987 DEBUG: Calling SymmetricTensorContraction: [u,u,u sizes=4096,12544,2304 num_segments=16,49,9 num_paths=9 u=256, u,u,u,u sizes=4096,4096,12544,2304 num_segments=16,16,49,9 num_paths=125 u=256, u,u,u,u,u sizes=4096,4096,4096,12544,2304 num_segments=16,16,16,49,9 num_paths=1093 u=256], input shapes: torch.Size([7, 49, 256]), torch.Size([120]), torch.Size([120, 16, 256])
2025-09-17 19:32:04.991 DEBUG: Calling TensorProductUniform4x1d: u,u,,u sizes=4352,2304,16,18176 num_segments=17,9,16,71 num_paths=215 u=256, input shapes: torch.Size([1398, 4352]), torch.Size([1398, 2304]), torch.Size([1398, 16])
2025-09-17 19:32:04.995 DEBUG: Calling SymmetricTensorContraction: [u,u,u sizes=4096,3328,256 num_segments=16,13,1 num_paths=1 u=256, u,u,u,u sizes=4096,4096,3328,256 num_segments=16,16,13,1 num_paths=16 u=256, u,u,u,u,u sizes=4096,4096,4096,3328,256 num_segments=16,16,16,13,1 num_paths=77 u=256], input shapes: torch.Size([7, 13, 256]), torch.Size([120]), torch.Size([120, 16, 256])
2025-09-17 19:32:05.049 DEBUG: Calling TensorProductUniform4x1d: u,u,,u sizes=1024,256,16,4096 num_segments=4,1,16,16 num_paths=16 u=256, input shapes: torch.Size([1436, 1024]), torch.Size([1436, 256]), torch.Size([1436, 16])
2025-09-17 19:32:05.055 DEBUG: Calling SymmetricTensorContraction: [u,u,u sizes=4096,12544,2304 num_segments=16,49,9 num_paths=9 u=256, u,u,u,u sizes=4096,4096,12544,2304 num_segments=16,16,49,9 num_paths=125 u=256, u,u,u,u,u sizes=4096,4096,4096,12544,2304 num_segments=16,16,16,49,9 num_paths=1093 u=256], input shapes: torch.Size([7, 49, 256]), torch.Size([123]), torch.Size([123, 16, 256])
2025-09-17 19:32:05.059 DEBUG: Calling TensorProductUniform4x1d: u,u,,u sizes=4352,2304,16,18176 num_segments=17,9,16,71 num_paths=215 u=256, input shapes: torch.Size([1436, 4352]), torch.Size([1436, 2304]), torch.Size([1436, 16])
2025-09-17 19:32:05.063 DEBUG: Calling SymmetricTensorContraction: [u,u,u sizes=4096,3328,256 num_segments=16,13,1 num_paths=1 u=256, u,u,u,u sizes=4096,4096,3328,256 num_segments=16,16,13,1 num_paths=16 u=256, u,u,u,u,u sizes=4096,4096,4096,3328,256 num_segments=16,16,16,13,1 num_paths=77 u=256], input shapes: torch.Size([7, 13, 256]), torch.Size([123]), torch.Size([123, 16, 256])
2025-09-17 19:32:05.112 DEBUG: Calling TensorProductUniform4x1d: u,u,,u sizes=1024,256,16,4096 num_segments=4,1,16,16 num_paths=16 u=256, input shapes: torch.Size([1894, 1024]), torch.Size([1894, 256]), torch.Size([1894, 16])
2025-09-17 19:32:05.119 DEBUG: Calling SymmetricTensorContraction: [u,u,u sizes=4096,12544,2304 num_segments=16,49,9 num_paths=9 u=256, u,u,u,u sizes=4096,4096,12544,2304 num_segments=16,16,49,9 num_paths=125 u=256, u,u,u,u,u sizes=4096,4096,4096,12544,2304 num_segments=16,16,16,49,9 num_paths=1093 u=256], input shapes: torch.Size([7, 49, 256]), torch.Size([142]), torch.Size([142, 16, 256])
2025-09-17 19:32:05.123 DEBUG: Calling TensorProductUniform4x1d: u,u,,u sizes=4352,2304,16,18176 num_segments=17,9,16,71 num_paths=215 u=256, input shapes: torch.Size([1894, 4352]), torch.Size([1894, 2304]), torch.Size([1894, 16])
2025-09-17 19:32:05.128 DEBUG: Calling SymmetricTensorContraction: [u,u,u sizes=4096,3328,256 num_segments=16,13,1 num_paths=1 u=256, u,u,u,u sizes=4096,4096,3328,256 num_segments=16,16,13,1 num_paths=16 u=256, u,u,u,u,u sizes=4096,4096,4096,3328,256 num_segments=16,16,16,13,1 num_paths=77 u=256], input shapes: torch.Size([7, 13, 256]), torch.Size([142]), torch.Size([142, 16, 256])
2025-09-17 19:32:05.180 DEBUG: Calling TensorProductUniform4x1d: u,u,,u sizes=1024,256,16,4096 num_segments=4,1,16,16 num_paths=16 u=256, input shapes: torch.Size([1432, 1024]), torch.Size([1432, 256]), torch.Size([1432, 16])
2025-09-17 19:32:05.185 DEBUG: Calling SymmetricTensorContraction: [u,u,u sizes=4096,12544,2304 num_segments=16,49,9 num_paths=9 u=256, u,u,u,u sizes=4096,4096,12544,2304 num_segments=16,16,49,9 num_paths=125 u=256, u,u,u,u,u sizes=4096,4096,4096,12544,2304 num_segments=16,16,16,49,9 num_paths=1093 u=256], input shapes: torch.Size([7, 49, 256]), torch.Size([124]), torch.Size([124, 16, 256])
2025-09-17 19:32:05.189 DEBUG: Calling TensorProductUniform4x1d: u,u,,u sizes=4352,2304,16,18176 num_segments=17,9,16,71 num_paths=215 u=256, input shapes: torch.Size([1432, 4352]), torch.Size([1432, 2304]), torch.Size([1432, 16])
2025-09-17 19:32:05.193 DEBUG: Calling SymmetricTensorContraction: [u,u,u sizes=4096,3328,256 num_segments=16,13,1 num_paths=1 u=256, u,u,u,u sizes=4096,4096,3328,256 num_segments=16,16,13,1 num_paths=16 u=256, u,u,u,u,u sizes=4096,4096,4096,3328,256 num_segments=16,16,16,13,1 num_paths=77 u=256], input shapes: torch.Size([7, 13, 256]), torch.Size([124]), torch.Size([124, 16, 256])
2025-09-17 19:32:05.242 DEBUG: Calling TensorProductUniform4x1d: u,u,,u sizes=1024,256,16,4096 num_segments=4,1,16,16 num_paths=16 u=256, input shapes: torch.Size([1498, 1024]), torch.Size([1498, 256]), torch.Size([1498, 16])
2025-09-17 19:32:05.248 DEBUG: Calling SymmetricTensorContraction: [u,u,u sizes=4096,12544,2304 num_segments=16,49,9 num_paths=9 u=256, u,u,u,u sizes=4096,4096,12544,2304 num_segments=16,16,49,9 num_paths=125 u=256, u,u,u,u,u sizes=4096,4096,4096,12544,2304 num_segments=16,16,16,49,9 num_paths=1093 u=256], input shapes: torch.Size([7, 49, 256]), torch.Size([125]), torch.Size([125, 16, 256])
2025-09-17 19:32:05.252 DEBUG: Calling TensorProductUniform4x1d: u,u,,u sizes=4352,2304,16,18176 num_segments=17,9,16,71 num_paths=215 u=256, input shapes: torch.Size([1498, 4352]), torch.Size([1498, 2304]), torch.Size([1498, 16])
2025-09-17 19:32:05.256 DEBUG: Calling SymmetricTensorContraction: [u,u,u sizes=4096,3328,256 num_segments=16,13,1 num_paths=1 u=256, u,u,u,u sizes=4096,4096,3328,256 num_segments=16,16,13,1 num_paths=16 u=256, u,u,u,u,u sizes=4096,4096,4096,3328,256 num_segments=16,16,16,13,1 num_paths=77 u=256], input shapes: torch.Size([7, 13, 256]), torch.Size([125]), torch.Size([125, 16, 256])
2025-09-17 19:32:05.305 DEBUG: Calling TensorProductUniform4x1d: u,u,,u sizes=1024,256,16,4096 num_segments=4,1,16,16 num_paths=16 u=256, input shapes: torch.Size([1438, 1024]), torch.Size([1438, 256]), torch.Size([1438, 16])
2025-09-17 19:32:05.311 DEBUG: Calling SymmetricTensorContraction: [u,u,u sizes=4096,12544,2304 num_segments=16,49,9 num_paths=9 u=256, u,u,u,u sizes=4096,4096,12544,2304 num_segments=16,16,49,9 num_paths=125 u=256, u,u,u,u,u sizes=4096,4096,4096,12544,2304 num_segments=16,16,16,49,9 num_paths=1093 u=256], input shapes: torch.Size([7, 49, 256]), torch.Size([124]), torch.Size([124, 16, 256])
2025-09-17 19:32:05.314 DEBUG: Calling TensorProductUniform4x1d: u,u,,u sizes=4352,2304,16,18176 num_segments=17,9,16,71 num_paths=215 u=256, input shapes: torch.Size([1438, 4352]), torch.Size([1438, 2304]), torch.Size([1438, 16])
2025-09-17 19:32:05.318 DEBUG: Calling SymmetricTensorContraction: [u,u,u sizes=4096,3328,256 num_segments=16,13,1 num_paths=1 u=256, u,u,u,u sizes=4096,4096,3328,256 num_segments=16,16,13,1 num_paths=16 u=256, u,u,u,u,u sizes=4096,4096,4096,3328,256 num_segments=16,16,16,13,1 num_paths=77 u=256], input shapes: torch.Size([7, 13, 256]), torch.Size([124]), torch.Size([124, 16, 256])
2025-09-17 19:32:05.371 DEBUG: Calling TensorProductUniform4x1d: u,u,,u sizes=1024,256,16,4096 num_segments=4,1,16,16 num_paths=16 u=256, input shapes: torch.Size([1800, 1024]), torch.Size([1800, 256]), torch.Size([1800, 16])
2025-09-17 19:32:05.378 DEBUG: Calling SymmetricTensorContraction: [u,u,u sizes=4096,12544,2304 num_segments=16,49,9 num_paths=9 u=256, u,u,u,u sizes=4096,4096,12544,2304 num_segments=16,16,49,9 num_paths=125 u=256, u,u,u,u,u sizes=4096,4096,4096,12544,2304 num_segments=16,16,16,49,9 num_paths=1093 u=256], input shapes: torch.Size([7, 49, 256]), torch.Size([138]), torch.Size([138, 16, 256])
2025-09-17 19:32:05.381 DEBUG: Calling TensorProductUniform4x1d: u,u,,u sizes=4352,2304,16,18176 num_segments=17,9,16,71 num_paths=215 u=256, input shapes: torch.Size([1800, 4352]), torch.Size([1800, 2304]), torch.Size([1800, 16])
2025-09-17 19:32:05.386 DEBUG: Calling SymmetricTensorContraction: [u,u,u sizes=4096,3328,256 num_segments=16,13,1 num_paths=1 u=256, u,u,u,u sizes=4096,4096,3328,256 num_segments=16,16,13,1 num_paths=16 u=256, u,u,u,u,u sizes=4096,4096,4096,3328,256 num_segments=16,16,16,13,1 num_paths=77 u=256], input shapes: torch.Size([7, 13, 256]), torch.Size([138]), torch.Size([138, 16, 256])
2025-09-17 19:32:05.436 DEBUG: Calling TensorProductUniform4x1d: u,u,,u sizes=1024,256,16,4096 num_segments=4,1,16,16 num_paths=16 u=256, input shapes: torch.Size([1376, 1024]), torch.Size([1376, 256]), torch.Size([1376, 16])
2025-09-17 19:32:05.442 DEBUG: Calling SymmetricTensorContraction: [u,u,u sizes=4096,12544,2304 num_segments=16,49,9 num_paths=9 u=256, u,u,u,u sizes=4096,4096,12544,2304 num_segments=16,16,49,9 num_paths=125 u=256, u,u,u,u,u sizes=4096,4096,4096,12544,2304 num_segments=16,16,16,49,9 num_paths=1093 u=256], input shapes: torch.Size([7, 49, 256]), torch.Size([121]), torch.Size([121, 16, 256])
2025-09-17 19:32:05.445 DEBUG: Calling TensorProductUniform4x1d: u,u,,u sizes=4352,2304,16,18176 num_segments=17,9,16,71 num_paths=215 u=256, input shapes: torch.Size([1376, 4352]), torch.Size([1376, 2304]), torch.Size([1376, 16])
2025-09-17 19:32:05.449 DEBUG: Calling SymmetricTensorContraction: [u,u,u sizes=4096,3328,256 num_segments=16,13,1 num_paths=1 u=256, u,u,u,u sizes=4096,4096,3328,256 num_segments=16,16,13,1 num_paths=16 u=256, u,u,u,u,u sizes=4096,4096,4096,3328,256 num_segments=16,16,16,13,1 num_paths=77 u=256], input shapes: torch.Size([7, 13, 256]), torch.Size([121]), torch.Size([121, 16, 256])
2025-09-17 19:32:05.501 DEBUG: Calling TensorProductUniform4x1d: u,u,,u sizes=1024,256,16,4096 num_segments=4,1,16,16 num_paths=16 u=256, input shapes: torch.Size([1514, 1024]), torch.Size([1514, 256]), torch.Size([1514, 16])
2025-09-17 19:32:05.507 DEBUG: Calling SymmetricTensorContraction: [u,u,u sizes=4096,12544,2304 num_segments=16,49,9 num_paths=9 u=256, u,u,u,u sizes=4096,4096,12544,2304 num_segments=16,16,49,9 num_paths=125 u=256, u,u,u,u,u sizes=4096,4096,4096,12544,2304 num_segments=16,16,16,49,9 num_paths=1093 u=256], input shapes: torch.Size([7, 49, 256]), torch.Size([127]), torch.Size([127, 16, 256])
2025-09-17 19:32:05.511 DEBUG: Calling TensorProductUniform4x1d: u,u,,u sizes=4352,2304,16,18176 num_segments=17,9,16,71 num_paths=215 u=256, input shapes: torch.Size([1514, 4352]), torch.Size([1514, 2304]), torch.Size([1514, 16])
2025-09-17 19:32:05.516 DEBUG: Calling SymmetricTensorContraction: [u,u,u sizes=4096,3328,256 num_segments=16,13,1 num_paths=1 u=256, u,u,u,u sizes=4096,4096,3328,256 num_segments=16,16,13,1 num_paths=16 u=256, u,u,u,u,u sizes=4096,4096,4096,3328,256 num_segments=16,16,16,13,1 num_paths=77 u=256], input shapes: torch.Size([7, 13, 256]), torch.Size([127]), torch.Size([127, 16, 256])
2025-09-17 19:32:05.572 DEBUG: Calling TensorProductUniform4x1d: u,u,,u sizes=1024,256,16,4096 num_segments=4,1,16,16 num_paths=16 u=256, input shapes: torch.Size([1506, 1024]), torch.Size([1506, 256]), torch.Size([1506, 16])
2025-09-17 19:32:05.579 DEBUG: Calling SymmetricTensorContraction: [u,u,u sizes=4096,12544,2304 num_segments=16,49,9 num_paths=9 u=256, u,u,u,u sizes=4096,4096,12544,2304 num_segments=16,16,49,9 num_paths=125 u=256, u,u,u,u,u sizes=4096,4096,4096,12544,2304 num_segments=16,16,16,49,9 num_paths=1093 u=256], input shapes: torch.Size([7, 49, 256]), torch.Size([127]), torch.Size([127, 16, 256])
2025-09-17 19:32:05.584 DEBUG: Calling TensorProductUniform4x1d: u,u,,u sizes=4352,2304,16,18176 num_segments=17,9,16,71 num_paths=215 u=256, input shapes: torch.Size([1506, 4352]), torch.Size([1506, 2304]), torch.Size([1506, 16])
2025-09-17 19:32:05.588 DEBUG: Calling SymmetricTensorContraction: [u,u,u sizes=4096,3328,256 num_segments=16,13,1 num_paths=1 u=256, u,u,u,u sizes=4096,4096,3328,256 num_segments=16,16,13,1 num_paths=16 u=256, u,u,u,u,u sizes=4096,4096,4096,3328,256 num_segments=16,16,16,13,1 num_paths=77 u=256], input shapes: torch.Size([7, 13, 256]), torch.Size([127]), torch.Size([127, 16, 256])
2025-09-17 19:32:05.641 DEBUG: Calling TensorProductUniform4x1d: u,u,,u sizes=1024,256,16,4096 num_segments=4,1,16,16 num_paths=16 u=256, input shapes: torch.Size([1672, 1024]), torch.Size([1672, 256]), torch.Size([1672, 16])
2025-09-17 19:32:05.648 DEBUG: Calling SymmetricTensorContraction: [u,u,u sizes=4096,12544,2304 num_segments=16,49,9 num_paths=9 u=256, u,u,u,u sizes=4096,4096,12544,2304 num_segments=16,16,49,9 num_paths=125 u=256, u,u,u,u,u sizes=4096,4096,4096,12544,2304 num_segments=16,16,16,49,9 num_paths=1093 u=256], input shapes: torch.Size([7, 49, 256]), torch.Size([133]), torch.Size([133, 16, 256])
2025-09-17 19:32:05.652 DEBUG: Calling TensorProductUniform4x1d: u,u,,u sizes=4352,2304,16,18176 num_segments=17,9,16,71 num_paths=215 u=256, input shapes: torch.Size([1672, 4352]), torch.Size([1672, 2304]), torch.Size([1672, 16])
2025-09-17 19:32:05.657 DEBUG: Calling SymmetricTensorContraction: [u,u,u sizes=4096,3328,256 num_segments=16,13,1 num_paths=1 u=256, u,u,u,u sizes=4096,4096,3328,256 num_segments=16,16,13,1 num_paths=16 u=256, u,u,u,u,u sizes=4096,4096,4096,3328,256 num_segments=16,16,16,13,1 num_paths=77 u=256], input shapes: torch.Size([7, 13, 256]), torch.Size([133]), torch.Size([133, 16, 256])
2025-09-17 19:32:05.707 DEBUG: Calling TensorProductUniform4x1d: u,u,,u sizes=1024,256,16,4096 num_segments=4,1,16,16 num_paths=16 u=256, input shapes: torch.Size([1432, 1024]), torch.Size([1432, 256]), torch.Size([1432, 16])
2025-09-17 19:32:05.713 DEBUG: Calling SymmetricTensorContraction: [u,u,u sizes=4096,12544,2304 num_segments=16,49,9 num_paths=9 u=256, u,u,u,u sizes=4096,4096,12544,2304 num_segments=16,16,49,9 num_paths=125 u=256, u,u,u,u,u sizes=4096,4096,4096,12544,2304 num_segments=16,16,16,49,9 num_paths=1093 u=256], input shapes: torch.Size([7, 49, 256]), torch.Size([124]), torch.Size([124, 16, 256])
2025-09-17 19:32:05.717 DEBUG: Calling TensorProductUniform4x1d: u,u,,u sizes=4352,2304,16,18176 num_segments=17,9,16,71 num_paths=215 u=256, input shapes: torch.Size([1432, 4352]), torch.Size([1432, 2304]), torch.Size([1432, 16])
2025-09-17 19:32:05.721 DEBUG: Calling SymmetricTensorContraction: [u,u,u sizes=4096,3328,256 num_segments=16,13,1 num_paths=1 u=256, u,u,u,u sizes=4096,4096,3328,256 num_segments=16,16,13,1 num_paths=16 u=256, u,u,u,u,u sizes=4096,4096,4096,3328,256 num_segments=16,16,16,13,1 num_paths=77 u=256], input shapes: torch.Size([7, 13, 256]), torch.Size([124]), torch.Size([124, 16, 256])
2025-09-17 19:32:05.770 DEBUG: Calling TensorProductUniform4x1d: u,u,,u sizes=1024,256,16,4096 num_segments=4,1,16,16 num_paths=16 u=256, input shapes: torch.Size([1832, 1024]), torch.Size([1832, 256]), torch.Size([1832, 16])
2025-09-17 19:32:05.777 DEBUG: Calling SymmetricTensorContraction: [u,u,u sizes=4096,12544,2304 num_segments=16,49,9 num_paths=9 u=256, u,u,u,u sizes=4096,4096,12544,2304 num_segments=16,16,49,9 num_paths=125 u=256, u,u,u,u,u sizes=4096,4096,4096,12544,2304 num_segments=16,16,16,49,9 num_paths=1093 u=256], input shapes: torch.Size([7, 49, 256]), torch.Size([141]), torch.Size([141, 16, 256])
2025-09-17 19:32:05.781 DEBUG: Calling TensorProductUniform4x1d: u,u,,u sizes=4352,2304,16,18176 num_segments=17,9,16,71 num_paths=215 u=256, input shapes: torch.Size([1832, 4352]), torch.Size([1832, 2304]), torch.Size([1832, 16])
2025-09-17 19:32:05.785 DEBUG: Calling SymmetricTensorContraction: [u,u,u sizes=4096,3328,256 num_segments=16,13,1 num_paths=1 u=256, u,u,u,u sizes=4096,4096,3328,256 num_segments=16,16,13,1 num_paths=16 u=256, u,u,u,u,u sizes=4096,4096,4096,3328,256 num_segments=16,16,16,13,1 num_paths=77 u=256], input shapes: torch.Size([7, 13, 256]), torch.Size([141]), torch.Size([141, 16, 256])
2025-09-17 19:32:05.836 DEBUG: Calling TensorProductUniform4x1d: u,u,,u sizes=1024,256,16,4096 num_segments=4,1,16,16 num_paths=16 u=256, input shapes: torch.Size([1684, 1024]), torch.Size([1684, 256]), torch.Size([1684, 16])
2025-09-17 19:32:05.843 DEBUG: Calling SymmetricTensorContraction: [u,u,u sizes=4096,12544,2304 num_segments=16,49,9 num_paths=9 u=256, u,u,u,u sizes=4096,4096,12544,2304 num_segments=16,16,49,9 num_paths=125 u=256, u,u,u,u,u sizes=4096,4096,4096,12544,2304 num_segments=16,16,16,49,9 num_paths=1093 u=256], input shapes: torch.Size([7, 49, 256]), torch.Size([133]), torch.Size([133, 16, 256])
2025-09-17 19:32:05.846 DEBUG: Calling TensorProductUniform4x1d: u,u,,u sizes=4352,2304,16,18176 num_segments=17,9,16,71 num_paths=215 u=256, input shapes: torch.Size([1684, 4352]), torch.Size([1684, 2304]), torch.Size([1684, 16])
2025-09-17 19:32:05.851 DEBUG: Calling SymmetricTensorContraction: [u,u,u sizes=4096,3328,256 num_segments=16,13,1 num_paths=1 u=256, u,u,u,u sizes=4096,4096,3328,256 num_segments=16,16,13,1 num_paths=16 u=256, u,u,u,u,u sizes=4096,4096,4096,3328,256 num_segments=16,16,16,13,1 num_paths=77 u=256], input shapes: torch.Size([7, 13, 256]), torch.Size([133]), torch.Size([133, 16, 256])
2025-09-17 19:32:05.899 DEBUG: Calling TensorProductUniform4x1d: u,u,,u sizes=1024,256,16,4096 num_segments=4,1,16,16 num_paths=16 u=256, input shapes: torch.Size([1238, 1024]), torch.Size([1238, 256]), torch.Size([1238, 16])
2025-09-17 19:32:05.906 DEBUG: Calling SymmetricTensorContraction: [u,u,u sizes=4096,12544,2304 num_segments=16,49,9 num_paths=9 u=256, u,u,u,u sizes=4096,4096,12544,2304 num_segments=16,16,49,9 num_paths=125 u=256, u,u,u,u,u sizes=4096,4096,4096,12544,2304 num_segments=16,16,16,49,9 num_paths=1093 u=256], input shapes: torch.Size([7, 49, 256]), torch.Size([114]), torch.Size([114, 16, 256])
2025-09-17 19:32:05.909 DEBUG: Calling TensorProductUniform4x1d: u,u,,u sizes=4352,2304,16,18176 num_segments=17,9,16,71 num_paths=215 u=256, input shapes: torch.Size([1238, 4352]), torch.Size([1238, 2304]), torch.Size([1238, 16])
2025-09-17 19:32:05.913 DEBUG: Calling SymmetricTensorContraction: [u,u,u sizes=4096,3328,256 num_segments=16,13,1 num_paths=1 u=256, u,u,u,u sizes=4096,4096,3328,256 num_segments=16,16,13,1 num_paths=16 u=256, u,u,u,u,u sizes=4096,4096,4096,3328,256 num_segments=16,16,16,13,1 num_paths=77 u=256], input shapes: torch.Size([7, 13, 256]), torch.Size([114]), torch.Size([114, 16, 256])
2025-09-17 19:32:05.968 DEBUG: Calling TensorProductUniform4x1d: u,u,,u sizes=1024,256,16,4096 num_segments=4,1,16,16 num_paths=16 u=256, input shapes: torch.Size([1646, 1024]), torch.Size([1646, 256]), torch.Size([1646, 16])
2025-09-17 19:32:05.974 DEBUG: Calling SymmetricTensorContraction: [u,u,u sizes=4096,12544,2304 num_segments=16,49,9 num_paths=9 u=256, u,u,u,u sizes=4096,4096,12544,2304 num_segments=16,16,49,9 num_paths=125 u=256, u,u,u,u,u sizes=4096,4096,4096,12544,2304 num_segments=16,16,16,49,9 num_paths=1093 u=256], input shapes: torch.Size([7, 49, 256]), torch.Size([131]), torch.Size([131, 16, 256])
2025-09-17 19:32:05.978 DEBUG: Calling TensorProductUniform4x1d: u,u,,u sizes=4352,2304,16,18176 num_segments=17,9,16,71 num_paths=215 u=256, input shapes: torch.Size([1646, 4352]), torch.Size([1646, 2304]), torch.Size([1646, 16])
2025-09-17 19:32:05.983 DEBUG: Calling SymmetricTensorContraction: [u,u,u sizes=4096,3328,256 num_segments=16,13,1 num_paths=1 u=256, u,u,u,u sizes=4096,4096,3328,256 num_segments=16,16,13,1 num_paths=16 u=256, u,u,u,u,u sizes=4096,4096,4096,3328,256 num_segments=16,16,16,13,1 num_paths=77 u=256], input shapes: torch.Size([7, 13, 256]), torch.Size([131]), torch.Size([131, 16, 256])
2025-09-17 19:32:06.035 DEBUG: Calling TensorProductUniform4x1d: u,u,,u sizes=1024,256,16,4096 num_segments=4,1,16,16 num_paths=16 u=256, input shapes: torch.Size([1904, 1024]), torch.Size([1904, 256]), torch.Size([1904, 16])
2025-09-17 19:32:06.041 DEBUG: Calling SymmetricTensorContraction: [u,u,u sizes=4096,12544,2304 num_segments=16,49,9 num_paths=9 u=256, u,u,u,u sizes=4096,4096,12544,2304 num_segments=16,16,49,9 num_paths=125 u=256, u,u,u,u,u sizes=4096,4096,4096,12544,2304 num_segments=16,16,16,49,9 num_paths=1093 u=256], input shapes: torch.Size([7, 49, 256]), torch.Size([143]), torch.Size([143, 16, 256])
2025-09-17 19:32:06.046 DEBUG: Calling TensorProductUniform4x1d: u,u,,u sizes=4352,2304,16,18176 num_segments=17,9,16,71 num_paths=215 u=256, input shapes: torch.Size([1904, 4352]), torch.Size([1904, 2304]), torch.Size([1904, 16])
2025-09-17 19:32:06.051 DEBUG: Calling SymmetricTensorContraction: [u,u,u sizes=4096,3328,256 num_segments=16,13,1 num_paths=1 u=256, u,u,u,u sizes=4096,4096,3328,256 num_segments=16,16,13,1 num_paths=16 u=256, u,u,u,u,u sizes=4096,4096,4096,3328,256 num_segments=16,16,16,13,1 num_paths=77 u=256], input shapes: torch.Size([7, 13, 256]), torch.Size([143]), torch.Size([143, 16, 256])
2025-09-17 19:32:06.107 DEBUG: Calling TensorProductUniform4x1d: u,u,,u sizes=1024,256,16,4096 num_segments=4,1,16,16 num_paths=16 u=256, input shapes: torch.Size([1826, 1024]), torch.Size([1826, 256]), torch.Size([1826, 16])
2025-09-17 19:32:06.113 DEBUG: Calling SymmetricTensorContraction: [u,u,u sizes=4096,12544,2304 num_segments=16,49,9 num_paths=9 u=256, u,u,u,u sizes=4096,4096,12544,2304 num_segments=16,16,49,9 num_paths=125 u=256, u,u,u,u,u sizes=4096,4096,4096,12544,2304 num_segments=16,16,16,49,9 num_paths=1093 u=256], input shapes: torch.Size([7, 49, 256]), torch.Size([140]), torch.Size([140, 16, 256])
2025-09-17 19:32:06.117 DEBUG: Calling TensorProductUniform4x1d: u,u,,u sizes=4352,2304,16,18176 num_segments=17,9,16,71 num_paths=215 u=256, input shapes: torch.Size([1826, 4352]), torch.Size([1826, 2304]), torch.Size([1826, 16])
2025-09-17 19:32:06.121 DEBUG: Calling SymmetricTensorContraction: [u,u,u sizes=4096,3328,256 num_segments=16,13,1 num_paths=1 u=256, u,u,u,u sizes=4096,4096,3328,256 num_segments=16,16,13,1 num_paths=16 u=256, u,u,u,u,u sizes=4096,4096,4096,3328,256 num_segments=16,16,16,13,1 num_paths=77 u=256], input shapes: torch.Size([7, 13, 256]), torch.Size([140]), torch.Size([140, 16, 256])
2025-09-17 19:32:06.170 DEBUG: Calling TensorProductUniform4x1d: u,u,,u sizes=1024,256,16,4096 num_segments=4,1,16,16 num_paths=16 u=256, input shapes: torch.Size([1572, 1024]), torch.Size([1572, 256]), torch.Size([1572, 16])
2025-09-17 19:32:06.176 DEBUG: Calling SymmetricTensorContraction: [u,u,u sizes=4096,12544,2304 num_segments=16,49,9 num_paths=9 u=256, u,u,u,u sizes=4096,4096,12544,2304 num_segments=16,16,49,9 num_paths=125 u=256, u,u,u,u,u sizes=4096,4096,4096,12544,2304 num_segments=16,16,16,49,9 num_paths=1093 u=256], input shapes: torch.Size([7, 49, 256]), torch.Size([129]), torch.Size([129, 16, 256])
2025-09-17 19:32:06.180 DEBUG: Calling TensorProductUniform4x1d: u,u,,u sizes=4352,2304,16,18176 num_segments=17,9,16,71 num_paths=215 u=256, input shapes: torch.Size([1572, 4352]), torch.Size([1572, 2304]), torch.Size([1572, 16])
2025-09-17 19:32:06.184 DEBUG: Calling SymmetricTensorContraction: [u,u,u sizes=4096,3328,256 num_segments=16,13,1 num_paths=1 u=256, u,u,u,u sizes=4096,4096,3328,256 num_segments=16,16,13,1 num_paths=16 u=256, u,u,u,u,u sizes=4096,4096,4096,3328,256 num_segments=16,16,16,13,1 num_paths=77 u=256], input shapes: torch.Size([7, 13, 256]), torch.Size([129]), torch.Size([129, 16, 256])
2025-09-17 19:32:06.236 DEBUG: Calling TensorProductUniform4x1d: u,u,,u sizes=1024,256,16,4096 num_segments=4,1,16,16 num_paths=16 u=256, input shapes: torch.Size([1446, 1024]), torch.Size([1446, 256]), torch.Size([1446, 16])
2025-09-17 19:32:06.242 DEBUG: Calling SymmetricTensorContraction: [u,u,u sizes=4096,12544,2304 num_segments=16,49,9 num_paths=9 u=256, u,u,u,u sizes=4096,4096,12544,2304 num_segments=16,16,49,9 num_paths=125 u=256, u,u,u,u,u sizes=4096,4096,4096,12544,2304 num_segments=16,16,16,49,9 num_paths=1093 u=256], input shapes: torch.Size([7, 49, 256]), torch.Size([125]), torch.Size([125, 16, 256])
2025-09-17 19:32:06.246 DEBUG: Calling TensorProductUniform4x1d: u,u,,u sizes=4352,2304,16,18176 num_segments=17,9,16,71 num_paths=215 u=256, input shapes: torch.Size([1446, 4352]), torch.Size([1446, 2304]), torch.Size([1446, 16])
2025-09-17 19:32:06.250 DEBUG: Calling SymmetricTensorContraction: [u,u,u sizes=4096,3328,256 num_segments=16,13,1 num_paths=1 u=256, u,u,u,u sizes=4096,4096,3328,256 num_segments=16,16,13,1 num_paths=16 u=256, u,u,u,u,u sizes=4096,4096,4096,3328,256 num_segments=16,16,16,13,1 num_paths=77 u=256], input shapes: torch.Size([7, 13, 256]), torch.Size([125]), torch.Size([125, 16, 256])
2025-09-17 19:32:06.302 DEBUG: Calling TensorProductUniform4x1d: u,u,,u sizes=1024,256,16,4096 num_segments=4,1,16,16 num_paths=16 u=256, input shapes: torch.Size([1498, 1024]), torch.Size([1498, 256]), torch.Size([1498, 16])
2025-09-17 19:32:06.308 DEBUG: Calling SymmetricTensorContraction: [u,u,u sizes=4096,12544,2304 num_segments=16,49,9 num_paths=9 u=256, u,u,u,u sizes=4096,4096,12544,2304 num_segments=16,16,49,9 num_paths=125 u=256, u,u,u,u,u sizes=4096,4096,4096,12544,2304 num_segments=16,16,16,49,9 num_paths=1093 u=256], input shapes: torch.Size([7, 49, 256]), torch.Size([126]), torch.Size([126, 16, 256])
2025-09-17 19:32:06.313 DEBUG: Calling TensorProductUniform4x1d: u,u,,u sizes=4352,2304,16,18176 num_segments=17,9,16,71 num_paths=215 u=256, input shapes: torch.Size([1498, 4352]), torch.Size([1498, 2304]), torch.Size([1498, 16])
2025-09-17 19:32:06.317 DEBUG: Calling SymmetricTensorContraction: [u,u,u sizes=4096,3328,256 num_segments=16,13,1 num_paths=1 u=256, u,u,u,u sizes=4096,4096,3328,256 num_segments=16,16,13,1 num_paths=16 u=256, u,u,u,u,u sizes=4096,4096,4096,3328,256 num_segments=16,16,16,13,1 num_paths=77 u=256], input shapes: torch.Size([7, 13, 256]), torch.Size([126]), torch.Size([126, 16, 256])
2025-09-17 19:32:06.367 DEBUG: Calling TensorProductUniform4x1d: u,u,,u sizes=1024,256,16,4096 num_segments=4,1,16,16 num_paths=16 u=256, input shapes: torch.Size([1412, 1024]), torch.Size([1412, 256]), torch.Size([1412, 16])
2025-09-17 19:32:06.373 DEBUG: Calling SymmetricTensorContraction: [u,u,u sizes=4096,12544,2304 num_segments=16,49,9 num_paths=9 u=256, u,u,u,u sizes=4096,4096,12544,2304 num_segments=16,16,49,9 num_paths=125 u=256, u,u,u,u,u sizes=4096,4096,4096,12544,2304 num_segments=16,16,16,49,9 num_paths=1093 u=256], input shapes: torch.Size([7, 49, 256]), torch.Size([121]), torch.Size([121, 16, 256])
2025-09-17 19:32:06.377 DEBUG: Calling TensorProductUniform4x1d: u,u,,u sizes=4352,2304,16,18176 num_segments=17,9,16,71 num_paths=215 u=256, input shapes: torch.Size([1412, 4352]), torch.Size([1412, 2304]), torch.Size([1412, 16])
2025-09-17 19:32:06.381 DEBUG: Calling SymmetricTensorContraction: [u,u,u sizes=4096,3328,256 num_segments=16,13,1 num_paths=1 u=256, u,u,u,u sizes=4096,4096,3328,256 num_segments=16,16,13,1 num_paths=16 u=256, u,u,u,u,u sizes=4096,4096,4096,3328,256 num_segments=16,16,16,13,1 num_paths=77 u=256], input shapes: torch.Size([7, 13, 256]), torch.Size([121]), torch.Size([121, 16, 256])
2025-09-17 19:32:06.434 DEBUG: Calling TensorProductUniform4x1d: u,u,,u sizes=1024,256,16,4096 num_segments=4,1,16,16 num_paths=16 u=256, input shapes: torch.Size([1540, 1024]), torch.Size([1540, 256]), torch.Size([1540, 16])
2025-09-17 19:32:06.440 DEBUG: Calling SymmetricTensorContraction: [u,u,u sizes=4096,12544,2304 num_segments=16,49,9 num_paths=9 u=256, u,u,u,u sizes=4096,4096,12544,2304 num_segments=16,16,49,9 num_paths=125 u=256, u,u,u,u,u sizes=4096,4096,4096,12544,2304 num_segments=16,16,16,49,9 num_paths=1093 u=256], input shapes: torch.Size([7, 49, 256]), torch.Size([128]), torch.Size([128, 16, 256])
2025-09-17 19:32:06.444 DEBUG: Calling TensorProductUniform4x1d: u,u,,u sizes=4352,2304,16,18176 num_segments=17,9,16,71 num_paths=215 u=256, input shapes: torch.Size([1540, 4352]), torch.Size([1540, 2304]), torch.Size([1540, 16])
2025-09-17 19:32:06.449 DEBUG: Calling SymmetricTensorContraction: [u,u,u sizes=4096,3328,256 num_segments=16,13,1 num_paths=1 u=256, u,u,u,u sizes=4096,4096,3328,256 num_segments=16,16,13,1 num_paths=16 u=256, u,u,u,u,u sizes=4096,4096,4096,3328,256 num_segments=16,16,16,13,1 num_paths=77 u=256], input shapes: torch.Size([7, 13, 256]), torch.Size([128]), torch.Size([128, 16, 256])
2025-09-17 19:32:06.497 DEBUG: Calling TensorProductUniform4x1d: u,u,,u sizes=1024,256,16,4096 num_segments=4,1,16,16 num_paths=16 u=256, input shapes: torch.Size([1930, 1024]), torch.Size([1930, 256]), torch.Size([1930, 16])
2025-09-17 19:32:06.503 DEBUG: Calling SymmetricTensorContraction: [u,u,u sizes=4096,12544,2304 num_segments=16,49,9 num_paths=9 u=256, u,u,u,u sizes=4096,4096,12544,2304 num_segments=16,16,49,9 num_paths=125 u=256, u,u,u,u,u sizes=4096,4096,4096,12544,2304 num_segments=16,16,16,49,9 num_paths=1093 u=256], input shapes: torch.Size([7, 49, 256]), torch.Size([145]), torch.Size([145, 16, 256])
2025-09-17 19:32:06.507 DEBUG: Calling TensorProductUniform4x1d: u,u,,u sizes=4352,2304,16,18176 num_segments=17,9,16,71 num_paths=215 u=256, input shapes: torch.Size([1930, 4352]), torch.Size([1930, 2304]), torch.Size([1930, 16])
2025-09-17 19:32:06.511 DEBUG: Calling SymmetricTensorContraction: [u,u,u sizes=4096,3328,256 num_segments=16,13,1 num_paths=1 u=256, u,u,u,u sizes=4096,4096,3328,256 num_segments=16,16,13,1 num_paths=16 u=256, u,u,u,u,u sizes=4096,4096,4096,3328,256 num_segments=16,16,16,13,1 num_paths=77 u=256], input shapes: torch.Size([7, 13, 256]), torch.Size([145]), torch.Size([145, 16, 256])
2025-09-17 19:32:06.565 DEBUG: Calling TensorProductUniform4x1d: u,u,,u sizes=1024,256,16,4096 num_segments=4,1,16,16 num_paths=16 u=256, input shapes: torch.Size([1446, 1024]), torch.Size([1446, 256]), torch.Size([1446, 16])
2025-09-17 19:32:06.572 DEBUG: Calling SymmetricTensorContraction: [u,u,u sizes=4096,12544,2304 num_segments=16,49,9 num_paths=9 u=256, u,u,u,u sizes=4096,4096,12544,2304 num_segments=16,16,49,9 num_paths=125 u=256, u,u,u,u,u sizes=4096,4096,4096,12544,2304 num_segments=16,16,16,49,9 num_paths=1093 u=256], input shapes: torch.Size([7, 49, 256]), torch.Size([125]), torch.Size([125, 16, 256])
2025-09-17 19:32:06.576 DEBUG: Calling TensorProductUniform4x1d: u,u,,u sizes=4352,2304,16,18176 num_segments=17,9,16,71 num_paths=215 u=256, input shapes: torch.Size([1446, 4352]), torch.Size([1446, 2304]), torch.Size([1446, 16])
2025-09-17 19:32:06.580 DEBUG: Calling SymmetricTensorContraction: [u,u,u sizes=4096,3328,256 num_segments=16,13,1 num_paths=1 u=256, u,u,u,u sizes=4096,4096,3328,256 num_segments=16,16,13,1 num_paths=16 u=256, u,u,u,u,u sizes=4096,4096,4096,3328,256 num_segments=16,16,16,13,1 num_paths=77 u=256], input shapes: torch.Size([7, 13, 256]), torch.Size([125]), torch.Size([125, 16, 256])
2025-09-17 19:32:06.634 DEBUG: Calling TensorProductUniform4x1d: u,u,,u sizes=1024,256,16,4096 num_segments=4,1,16,16 num_paths=16 u=256, input shapes: torch.Size([1538, 1024]), torch.Size([1538, 256]), torch.Size([1538, 16])
2025-09-17 19:32:06.640 DEBUG: Calling SymmetricTensorContraction: [u,u,u sizes=4096,12544,2304 num_segments=16,49,9 num_paths=9 u=256, u,u,u,u sizes=4096,4096,12544,2304 num_segments=16,16,49,9 num_paths=125 u=256, u,u,u,u,u sizes=4096,4096,4096,12544,2304 num_segments=16,16,16,49,9 num_paths=1093 u=256], input shapes: torch.Size([7, 49, 256]), torch.Size([128]), torch.Size([128, 16, 256])
2025-09-17 19:32:06.644 DEBUG: Calling TensorProductUniform4x1d: u,u,,u sizes=4352,2304,16,18176 num_segments=17,9,16,71 num_paths=215 u=256, input shapes: torch.Size([1538, 4352]), torch.Size([1538, 2304]), torch.Size([1538, 16])
2025-09-17 19:32:06.648 DEBUG: Calling SymmetricTensorContraction: [u,u,u sizes=4096,3328,256 num_segments=16,13,1 num_paths=1 u=256, u,u,u,u sizes=4096,4096,3328,256 num_segments=16,16,13,1 num_paths=16 u=256, u,u,u,u,u sizes=4096,4096,4096,3328,256 num_segments=16,16,16,13,1 num_paths=77 u=256], input shapes: torch.Size([7, 13, 256]), torch.Size([128]), torch.Size([128, 16, 256])
2025-09-17 19:32:06.696 DEBUG: Calling TensorProductUniform4x1d: u,u,,u sizes=1024,256,16,4096 num_segments=4,1,16,16 num_paths=16 u=256, input shapes: torch.Size([1604, 1024]), torch.Size([1604, 256]), torch.Size([1604, 16])
2025-09-17 19:32:06.702 DEBUG: Calling SymmetricTensorContraction: [u,u,u sizes=4096,12544,2304 num_segments=16,49,9 num_paths=9 u=256, u,u,u,u sizes=4096,4096,12544,2304 num_segments=16,16,49,9 num_paths=125 u=256, u,u,u,u,u sizes=4096,4096,4096,12544,2304 num_segments=16,16,16,49,9 num_paths=1093 u=256], input shapes: torch.Size([7, 49, 256]), torch.Size([131]), torch.Size([131, 16, 256])
2025-09-17 19:32:06.707 DEBUG: Calling TensorProductUniform4x1d: u,u,,u sizes=4352,2304,16,18176 num_segments=17,9,16,71 num_paths=215 u=256, input shapes: torch.Size([1604, 4352]), torch.Size([1604, 2304]), torch.Size([1604, 16])
2025-09-17 19:32:06.711 DEBUG: Calling SymmetricTensorContraction: [u,u,u sizes=4096,3328,256 num_segments=16,13,1 num_paths=1 u=256, u,u,u,u sizes=4096,4096,3328,256 num_segments=16,16,13,1 num_paths=16 u=256, u,u,u,u,u sizes=4096,4096,4096,3328,256 num_segments=16,16,16,13,1 num_paths=77 u=256], input shapes: torch.Size([7, 13, 256]), torch.Size([131]), torch.Size([131, 16, 256])
2025-09-17 19:32:06.762 DEBUG: Calling TensorProductUniform4x1d: u,u,,u sizes=1024,256,16,4096 num_segments=4,1,16,16 num_paths=16 u=256, input shapes: torch.Size([1472, 1024]), torch.Size([1472, 256]), torch.Size([1472, 16])
2025-09-17 19:32:06.768 DEBUG: Calling SymmetricTensorContraction: [u,u,u sizes=4096,12544,2304 num_segments=16,49,9 num_paths=9 u=256, u,u,u,u sizes=4096,4096,12544,2304 num_segments=16,16,49,9 num_paths=125 u=256, u,u,u,u,u sizes=4096,4096,4096,12544,2304 num_segments=16,16,16,49,9 num_paths=1093 u=256], input shapes: torch.Size([7, 49, 256]), torch.Size([126]), torch.Size([126, 16, 256])
2025-09-17 19:32:06.772 DEBUG: Calling TensorProductUniform4x1d: u,u,,u sizes=4352,2304,16,18176 num_segments=17,9,16,71 num_paths=215 u=256, input shapes: torch.Size([1472, 4352]), torch.Size([1472, 2304]), torch.Size([1472, 16])
2025-09-17 19:32:06.776 DEBUG: Calling SymmetricTensorContraction: [u,u,u sizes=4096,3328,256 num_segments=16,13,1 num_paths=1 u=256, u,u,u,u sizes=4096,4096,3328,256 num_segments=16,16,13,1 num_paths=16 u=256, u,u,u,u,u sizes=4096,4096,4096,3328,256 num_segments=16,16,16,13,1 num_paths=77 u=256], input shapes: torch.Size([7, 13, 256]), torch.Size([126]), torch.Size([126, 16, 256])
2025-09-17 19:32:06.824 DEBUG: Calling TensorProductUniform4x1d: u,u,,u sizes=1024,256,16,4096 num_segments=4,1,16,16 num_paths=16 u=256, input shapes: torch.Size([1498, 1024]), torch.Size([1498, 256]), torch.Size([1498, 16])
2025-09-17 19:32:06.829 DEBUG: Calling SymmetricTensorContraction: [u,u,u sizes=4096,12544,2304 num_segments=16,49,9 num_paths=9 u=256, u,u,u,u sizes=4096,4096,12544,2304 num_segments=16,16,49,9 num_paths=125 u=256, u,u,u,u,u sizes=4096,4096,4096,12544,2304 num_segments=16,16,16,49,9 num_paths=1093 u=256], input shapes: torch.Size([7, 49, 256]), torch.Size([125]), torch.Size([125, 16, 256])
2025-09-17 19:32:06.834 DEBUG: Calling TensorProductUniform4x1d: u,u,,u sizes=4352,2304,16,18176 num_segments=17,9,16,71 num_paths=215 u=256, input shapes: torch.Size([1498, 4352]), torch.Size([1498, 2304]), torch.Size([1498, 16])
2025-09-17 19:32:06.838 DEBUG: Calling SymmetricTensorContraction: [u,u,u sizes=4096,3328,256 num_segments=16,13,1 num_paths=1 u=256, u,u,u,u sizes=4096,4096,3328,256 num_segments=16,16,13,1 num_paths=16 u=256, u,u,u,u,u sizes=4096,4096,4096,3328,256 num_segments=16,16,16,13,1 num_paths=77 u=256], input shapes: torch.Size([7, 13, 256]), torch.Size([125]), torch.Size([125, 16, 256])
2025-09-17 19:32:06.886 DEBUG: Calling TensorProductUniform4x1d: u,u,,u sizes=1024,256,16,4096 num_segments=4,1,16,16 num_paths=16 u=256, input shapes: torch.Size([1498, 1024]), torch.Size([1498, 256]), torch.Size([1498, 16])
2025-09-17 19:32:06.892 DEBUG: Calling SymmetricTensorContraction: [u,u,u sizes=4096,12544,2304 num_segments=16,49,9 num_paths=9 u=256, u,u,u,u sizes=4096,4096,12544,2304 num_segments=16,16,49,9 num_paths=125 u=256, u,u,u,u,u sizes=4096,4096,4096,12544,2304 num_segments=16,16,16,49,9 num_paths=1093 u=256], input shapes: torch.Size([7, 49, 256]), torch.Size([126]), torch.Size([126, 16, 256])
2025-09-17 19:32:06.896 DEBUG: Calling TensorProductUniform4x1d: u,u,,u sizes=4352,2304,16,18176 num_segments=17,9,16,71 num_paths=215 u=256, input shapes: torch.Size([1498, 4352]), torch.Size([1498, 2304]), torch.Size([1498, 16])
2025-09-17 19:32:06.900 DEBUG: Calling SymmetricTensorContraction: [u,u,u sizes=4096,3328,256 num_segments=16,13,1 num_paths=1 u=256, u,u,u,u sizes=4096,4096,3328,256 num_segments=16,16,13,1 num_paths=16 u=256, u,u,u,u,u sizes=4096,4096,4096,3328,256 num_segments=16,16,16,13,1 num_paths=77 u=256], input shapes: torch.Size([7, 13, 256]), torch.Size([126]), torch.Size([126, 16, 256])
2025-09-17 19:32:06.954 DEBUG: Calling TensorProductUniform4x1d: u,u,,u sizes=1024,256,16,4096 num_segments=4,1,16,16 num_paths=16 u=256, input shapes: torch.Size([1372, 1024]), torch.Size([1372, 256]), torch.Size([1372, 16])
2025-09-17 19:32:06.961 DEBUG: Calling SymmetricTensorContraction: [u,u,u sizes=4096,12544,2304 num_segments=16,49,9 num_paths=9 u=256, u,u,u,u sizes=4096,4096,12544,2304 num_segments=16,16,49,9 num_paths=125 u=256, u,u,u,u,u sizes=4096,4096,4096,12544,2304 num_segments=16,16,16,49,9 num_paths=1093 u=256], input shapes: torch.Size([7, 49, 256]), torch.Size([120]), torch.Size([120, 16, 256])
2025-09-17 19:32:06.965 DEBUG: Calling TensorProductUniform4x1d: u,u,,u sizes=4352,2304,16,18176 num_segments=17,9,16,71 num_paths=215 u=256, input shapes: torch.Size([1372, 4352]), torch.Size([1372, 2304]), torch.Size([1372, 16])
2025-09-17 19:32:06.969 DEBUG: Calling SymmetricTensorContraction: [u,u,u sizes=4096,3328,256 num_segments=16,13,1 num_paths=1 u=256, u,u,u,u sizes=4096,4096,3328,256 num_segments=16,16,13,1 num_paths=16 u=256, u,u,u,u,u sizes=4096,4096,4096,3328,256 num_segments=16,16,16,13,1 num_paths=77 u=256], input shapes: torch.Size([7, 13, 256]), torch.Size([120]), torch.Size([120, 16, 256])
2025-09-17 19:32:07.020 DEBUG: Calling TensorProductUniform4x1d: u,u,,u sizes=1024,256,16,4096 num_segments=4,1,16,16 num_paths=16 u=256, input shapes: torch.Size([1904, 1024]), torch.Size([1904, 256]), torch.Size([1904, 16])
2025-09-17 19:32:07.026 DEBUG: Calling SymmetricTensorContraction: [u,u,u sizes=4096,12544,2304 num_segments=16,49,9 num_paths=9 u=256, u,u,u,u sizes=4096,4096,12544,2304 num_segments=16,16,49,9 num_paths=125 u=256, u,u,u,u,u sizes=4096,4096,4096,12544,2304 num_segments=16,16,16,49,9 num_paths=1093 u=256], input shapes: torch.Size([7, 49, 256]), torch.Size([142]), torch.Size([142, 16, 256])
2025-09-17 19:32:07.029 DEBUG: Calling TensorProductUniform4x1d: u,u,,u sizes=4352,2304,16,18176 num_segments=17,9,16,71 num_paths=215 u=256, input shapes: torch.Size([1904, 4352]), torch.Size([1904, 2304]), torch.Size([1904, 16])
2025-09-17 19:32:07.034 DEBUG: Calling SymmetricTensorContraction: [u,u,u sizes=4096,3328,256 num_segments=16,13,1 num_paths=1 u=256, u,u,u,u sizes=4096,4096,3328,256 num_segments=16,16,13,1 num_paths=16 u=256, u,u,u,u,u sizes=4096,4096,4096,3328,256 num_segments=16,16,16,13,1 num_paths=77 u=256], input shapes: torch.Size([7, 13, 256]), torch.Size([142]), torch.Size([142, 16, 256])
2025-09-17 19:32:07.087 DEBUG: Calling TensorProductUniform4x1d: u,u,,u sizes=1024,256,16,4096 num_segments=4,1,16,16 num_paths=16 u=256, input shapes: torch.Size([1468, 1024]), torch.Size([1468, 256]), torch.Size([1468, 16])
2025-09-17 19:32:07.093 DEBUG: Calling SymmetricTensorContraction: [u,u,u sizes=4096,12544,2304 num_segments=16,49,9 num_paths=9 u=256, u,u,u,u sizes=4096,4096,12544,2304 num_segments=16,16,49,9 num_paths=125 u=256, u,u,u,u,u sizes=4096,4096,4096,12544,2304 num_segments=16,16,16,49,9 num_paths=1093 u=256], input shapes: torch.Size([7, 49, 256]), torch.Size([126]), torch.Size([126, 16, 256])
2025-09-17 19:32:07.098 DEBUG: Calling TensorProductUniform4x1d: u,u,,u sizes=4352,2304,16,18176 num_segments=17,9,16,71 num_paths=215 u=256, input shapes: torch.Size([1468, 4352]), torch.Size([1468, 2304]), torch.Size([1468, 16])
2025-09-17 19:32:07.103 DEBUG: Calling SymmetricTensorContraction: [u,u,u sizes=4096,3328,256 num_segments=16,13,1 num_paths=1 u=256, u,u,u,u sizes=4096,4096,3328,256 num_segments=16,16,13,1 num_paths=16 u=256, u,u,u,u,u sizes=4096,4096,4096,3328,256 num_segments=16,16,16,13,1 num_paths=77 u=256], input shapes: torch.Size([7, 13, 256]), torch.Size([126]), torch.Size([126, 16, 256])
2025-09-17 19:32:07.149 DEBUG: Calling TensorProductUniform4x1d: u,u,,u sizes=1024,256,16,4096 num_segments=4,1,16,16 num_paths=16 u=256, input shapes: torch.Size([1918, 1024]), torch.Size([1918, 256]), torch.Size([1918, 16])
2025-09-17 19:32:07.156 DEBUG: Calling SymmetricTensorContraction: [u,u,u sizes=4096,12544,2304 num_segments=16,49,9 num_paths=9 u=256, u,u,u,u sizes=4096,4096,12544,2304 num_segments=16,16,49,9 num_paths=125 u=256, u,u,u,u,u sizes=4096,4096,4096,12544,2304 num_segments=16,16,16,49,9 num_paths=1093 u=256], input shapes: torch.Size([7, 49, 256]), torch.Size([143]), torch.Size([143, 16, 256])
2025-09-17 19:32:07.159 DEBUG: Calling TensorProductUniform4x1d: u,u,,u sizes=4352,2304,16,18176 num_segments=17,9,16,71 num_paths=215 u=256, input shapes: torch.Size([1918, 4352]), torch.Size([1918, 2304]), torch.Size([1918, 16])
2025-09-17 19:32:07.165 DEBUG: Calling SymmetricTensorContraction: [u,u,u sizes=4096,3328,256 num_segments=16,13,1 num_paths=1 u=256, u,u,u,u sizes=4096,4096,3328,256 num_segments=16,16,13,1 num_paths=16 u=256, u,u,u,u,u sizes=4096,4096,4096,3328,256 num_segments=16,16,16,13,1 num_paths=77 u=256], input shapes: torch.Size([7, 13, 256]), torch.Size([143]), torch.Size([143, 16, 256])
2025-09-17 19:32:07.218 DEBUG: Calling TensorProductUniform4x1d: u,u,,u sizes=1024,256,16,4096 num_segments=4,1,16,16 num_paths=16 u=256, input shapes: torch.Size([1324, 1024]), torch.Size([1324, 256]), torch.Size([1324, 16])
2025-09-17 19:32:07.224 DEBUG: Calling SymmetricTensorContraction: [u,u,u sizes=4096,12544,2304 num_segments=16,49,9 num_paths=9 u=256, u,u,u,u sizes=4096,4096,12544,2304 num_segments=16,16,49,9 num_paths=125 u=256, u,u,u,u,u sizes=4096,4096,4096,12544,2304 num_segments=16,16,16,49,9 num_paths=1093 u=256], input shapes: torch.Size([7, 49, 256]), torch.Size([119]), torch.Size([119, 16, 256])
2025-09-17 19:32:07.228 DEBUG: Calling TensorProductUniform4x1d: u,u,,u sizes=4352,2304,16,18176 num_segments=17,9,16,71 num_paths=215 u=256, input shapes: torch.Size([1324, 4352]), torch.Size([1324, 2304]), torch.Size([1324, 16])
2025-09-17 19:32:07.232 DEBUG: Calling SymmetricTensorContraction: [u,u,u sizes=4096,3328,256 num_segments=16,13,1 num_paths=1 u=256, u,u,u,u sizes=4096,4096,3328,256 num_segments=16,16,13,1 num_paths=16 u=256, u,u,u,u,u sizes=4096,4096,4096,3328,256 num_segments=16,16,16,13,1 num_paths=77 u=256], input shapes: torch.Size([7, 13, 256]), torch.Size([119]), torch.Size([119, 16, 256])
2025-09-17 19:32:07.278 DEBUG: Calling TensorProductUniform4x1d: u,u,,u sizes=1024,256,16,4096 num_segments=4,1,16,16 num_paths=16 u=256, input shapes: torch.Size([1516, 1024]), torch.Size([1516, 256]), torch.Size([1516, 16])
2025-09-17 19:32:07.284 DEBUG: Calling SymmetricTensorContraction: [u,u,u sizes=4096,12544,2304 num_segments=16,49,9 num_paths=9 u=256, u,u,u,u sizes=4096,4096,12544,2304 num_segments=16,16,49,9 num_paths=125 u=256, u,u,u,u,u sizes=4096,4096,4096,12544,2304 num_segments=16,16,16,49,9 num_paths=1093 u=256], input shapes: torch.Size([7, 49, 256]), torch.Size([127]), torch.Size([127, 16, 256])
2025-09-17 19:32:07.287 DEBUG: Calling TensorProductUniform4x1d: u,u,,u sizes=4352,2304,16,18176 num_segments=17,9,16,71 num_paths=215 u=256, input shapes: torch.Size([1516, 4352]), torch.Size([1516, 2304]), torch.Size([1516, 16])
2025-09-17 19:32:07.291 DEBUG: Calling SymmetricTensorContraction: [u,u,u sizes=4096,3328,256 num_segments=16,13,1 num_paths=1 u=256, u,u,u,u sizes=4096,4096,3328,256 num_segments=16,16,13,1 num_paths=16 u=256, u,u,u,u,u sizes=4096,4096,4096,3328,256 num_segments=16,16,16,13,1 num_paths=77 u=256], input shapes: torch.Size([7, 13, 256]), torch.Size([127]), torch.Size([127, 16, 256])
2025-09-17 19:32:07.342 DEBUG: Calling TensorProductUniform4x1d: u,u,,u sizes=1024,256,16,4096 num_segments=4,1,16,16 num_paths=16 u=256, input shapes: torch.Size([2044, 1024]), torch.Size([2044, 256]), torch.Size([2044, 16])
2025-09-17 19:32:07.348 DEBUG: Calling SymmetricTensorContraction: [u,u,u sizes=4096,12544,2304 num_segments=16,49,9 num_paths=9 u=256, u,u,u,u sizes=4096,4096,12544,2304 num_segments=16,16,49,9 num_paths=125 u=256, u,u,u,u,u sizes=4096,4096,4096,12544,2304 num_segments=16,16,16,49,9 num_paths=1093 u=256], input shapes: torch.Size([7, 49, 256]), torch.Size([148]), torch.Size([148, 16, 256])
2025-09-17 19:32:07.352 DEBUG: Calling TensorProductUniform4x1d: u,u,,u sizes=4352,2304,16,18176 num_segments=17,9,16,71 num_paths=215 u=256, input shapes: torch.Size([2044, 4352]), torch.Size([2044, 2304]), torch.Size([2044, 16])
2025-09-17 19:32:07.357 DEBUG: Calling SymmetricTensorContraction: [u,u,u sizes=4096,3328,256 num_segments=16,13,1 num_paths=1 u=256, u,u,u,u sizes=4096,4096,3328,256 num_segments=16,16,13,1 num_paths=16 u=256, u,u,u,u,u sizes=4096,4096,4096,3328,256 num_segments=16,16,16,13,1 num_paths=77 u=256], input shapes: torch.Size([7, 13, 256]), torch.Size([148]), torch.Size([148, 16, 256])
2025-09-17 19:32:07.409 DEBUG: Calling TensorProductUniform4x1d: u,u,,u sizes=1024,256,16,4096 num_segments=4,1,16,16 num_paths=16 u=256, input shapes: torch.Size([1190, 1024]), torch.Size([1190, 256]), torch.Size([1190, 16])
2025-09-17 19:32:07.416 DEBUG: Calling SymmetricTensorContraction: [u,u,u sizes=4096,12544,2304 num_segments=16,49,9 num_paths=9 u=256, u,u,u,u sizes=4096,4096,12544,2304 num_segments=16,16,49,9 num_paths=125 u=256, u,u,u,u,u sizes=4096,4096,4096,12544,2304 num_segments=16,16,16,49,9 num_paths=1093 u=256], input shapes: torch.Size([7, 49, 256]), torch.Size([112]), torch.Size([112, 16, 256])
2025-09-17 19:32:07.420 DEBUG: Calling TensorProductUniform4x1d: u,u,,u sizes=4352,2304,16,18176 num_segments=17,9,16,71 num_paths=215 u=256, input shapes: torch.Size([1190, 4352]), torch.Size([1190, 2304]), torch.Size([1190, 16])
2025-09-17 19:32:07.425 DEBUG: Calling SymmetricTensorContraction: [u,u,u sizes=4096,3328,256 num_segments=16,13,1 num_paths=1 u=256, u,u,u,u sizes=4096,4096,3328,256 num_segments=16,16,13,1 num_paths=16 u=256, u,u,u,u,u sizes=4096,4096,4096,3328,256 num_segments=16,16,16,13,1 num_paths=77 u=256], input shapes: torch.Size([7, 13, 256]), torch.Size([112]), torch.Size([112, 16, 256])
2025-09-17 19:32:07.487 DEBUG: Calling TensorProductUniform4x1d: u,u,,u sizes=1024,256,16,4096 num_segments=4,1,16,16 num_paths=16 u=256, input shapes: torch.Size([1334, 1024]), torch.Size([1334, 256]), torch.Size([1334, 16])
2025-09-17 19:32:07.493 DEBUG: Calling SymmetricTensorContraction: [u,u,u sizes=4096,12544,2304 num_segments=16,49,9 num_paths=9 u=256, u,u,u,u sizes=4096,4096,12544,2304 num_segments=16,16,49,9 num_paths=125 u=256, u,u,u,u,u sizes=4096,4096,4096,12544,2304 num_segments=16,16,16,49,9 num_paths=1093 u=256], input shapes: torch.Size([7, 49, 256]), torch.Size([119]), torch.Size([119, 16, 256])
2025-09-17 19:32:07.496 DEBUG: Calling TensorProductUniform4x1d: u,u,,u sizes=4352,2304,16,18176 num_segments=17,9,16,71 num_paths=215 u=256, input shapes: torch.Size([1334, 4352]), torch.Size([1334, 2304]), torch.Size([1334, 16])
2025-09-17 19:32:07.501 DEBUG: Calling SymmetricTensorContraction: [u,u,u sizes=4096,3328,256 num_segments=16,13,1 num_paths=1 u=256, u,u,u,u sizes=4096,4096,3328,256 num_segments=16,16,13,1 num_paths=16 u=256, u,u,u,u,u sizes=4096,4096,4096,3328,256 num_segments=16,16,16,13,1 num_paths=77 u=256], input shapes: torch.Size([7, 13, 256]), torch.Size([119]), torch.Size([119, 16, 256])
2025-09-17 19:32:07.555 DEBUG: Calling TensorProductUniform4x1d: u,u,,u sizes=1024,256,16,4096 num_segments=4,1,16,16 num_paths=16 u=256, input shapes: torch.Size([1350, 1024]), torch.Size([1350, 256]), torch.Size([1350, 16])
2025-09-17 19:32:07.561 DEBUG: Calling SymmetricTensorContraction: [u,u,u sizes=4096,12544,2304 num_segments=16,49,9 num_paths=9 u=256, u,u,u,u sizes=4096,4096,12544,2304 num_segments=16,16,49,9 num_paths=125 u=256, u,u,u,u,u sizes=4096,4096,4096,12544,2304 num_segments=16,16,16,49,9 num_paths=1093 u=256], input shapes: torch.Size([7, 49, 256]), torch.Size([118]), torch.Size([118, 16, 256])
2025-09-17 19:32:07.565 DEBUG: Calling TensorProductUniform4x1d: u,u,,u sizes=4352,2304,16,18176 num_segments=17,9,16,71 num_paths=215 u=256, input shapes: torch.Size([1350, 4352]), torch.Size([1350, 2304]), torch.Size([1350, 16])
2025-09-17 19:32:07.569 DEBUG: Calling SymmetricTensorContraction: [u,u,u sizes=4096,3328,256 num_segments=16,13,1 num_paths=1 u=256, u,u,u,u sizes=4096,4096,3328,256 num_segments=16,16,13,1 num_paths=16 u=256, u,u,u,u,u sizes=4096,4096,4096,3328,256 num_segments=16,16,16,13,1 num_paths=77 u=256], input shapes: torch.Size([7, 13, 256]), torch.Size([118]), torch.Size([118, 16, 256])
2025-09-17 19:32:07.631 DEBUG: Calling TensorProductUniform4x1d: u,u,,u sizes=1024,256,16,4096 num_segments=4,1,16,16 num_paths=16 u=256, input shapes: torch.Size([1724, 1024]), torch.Size([1724, 256]), torch.Size([1724, 16])
2025-09-17 19:32:07.637 DEBUG: Calling SymmetricTensorContraction: [u,u,u sizes=4096,12544,2304 num_segments=16,49,9 num_paths=9 u=256, u,u,u,u sizes=4096,4096,12544,2304 num_segments=16,16,49,9 num_paths=125 u=256, u,u,u,u,u sizes=4096,4096,4096,12544,2304 num_segments=16,16,16,49,9 num_paths=1093 u=256], input shapes: torch.Size([7, 49, 256]), torch.Size([135]), torch.Size([135, 16, 256])
2025-09-17 19:32:07.642 DEBUG: Calling TensorProductUniform4x1d: u,u,,u sizes=4352,2304,16,18176 num_segments=17,9,16,71 num_paths=215 u=256, input shapes: torch.Size([1724, 4352]), torch.Size([1724, 2304]), torch.Size([1724, 16])
2025-09-17 19:32:07.647 DEBUG: Calling SymmetricTensorContraction: [u,u,u sizes=4096,3328,256 num_segments=16,13,1 num_paths=1 u=256, u,u,u,u sizes=4096,4096,3328,256 num_segments=16,16,13,1 num_paths=16 u=256, u,u,u,u,u sizes=4096,4096,4096,3328,256 num_segments=16,16,16,13,1 num_paths=77 u=256], input shapes: torch.Size([7, 13, 256]), torch.Size([135]), torch.Size([135, 16, 256])
2025-09-17 19:32:07.701 DEBUG: Calling TensorProductUniform4x1d: u,u,,u sizes=1024,256,16,4096 num_segments=4,1,16,16 num_paths=16 u=256, input shapes: torch.Size([1816, 1024]), torch.Size([1816, 256]), torch.Size([1816, 16])
2025-09-17 19:32:07.707 DEBUG: Calling SymmetricTensorContraction: [u,u,u sizes=4096,12544,2304 num_segments=16,49,9 num_paths=9 u=256, u,u,u,u sizes=4096,4096,12544,2304 num_segments=16,16,49,9 num_paths=125 u=256, u,u,u,u,u sizes=4096,4096,4096,12544,2304 num_segments=16,16,16,49,9 num_paths=1093 u=256], input shapes: torch.Size([7, 49, 256]), torch.Size([139]), torch.Size([139, 16, 256])
2025-09-17 19:32:07.711 DEBUG: Calling TensorProductUniform4x1d: u,u,,u sizes=4352,2304,16,18176 num_segments=17,9,16,71 num_paths=215 u=256, input shapes: torch.Size([1816, 4352]), torch.Size([1816, 2304]), torch.Size([1816, 16])
2025-09-17 19:32:07.716 DEBUG: Calling SymmetricTensorContraction: [u,u,u sizes=4096,3328,256 num_segments=16,13,1 num_paths=1 u=256, u,u,u,u sizes=4096,4096,3328,256 num_segments=16,16,13,1 num_paths=16 u=256, u,u,u,u,u sizes=4096,4096,4096,3328,256 num_segments=16,16,16,13,1 num_paths=77 u=256], input shapes: torch.Size([7, 13, 256]), torch.Size([139]), torch.Size([139, 16, 256])
2025-09-17 19:32:07.769 DEBUG: Calling TensorProductUniform4x1d: u,u,,u sizes=1024,256,16,4096 num_segments=4,1,16,16 num_paths=16 u=256, input shapes: torch.Size([1818, 1024]), torch.Size([1818, 256]), torch.Size([1818, 16])
2025-09-17 19:32:07.774 DEBUG: Calling SymmetricTensorContraction: [u,u,u sizes=4096,12544,2304 num_segments=16,49,9 num_paths=9 u=256, u,u,u,u sizes=4096,4096,12544,2304 num_segments=16,16,49,9 num_paths=125 u=256, u,u,u,u,u sizes=4096,4096,4096,12544,2304 num_segments=16,16,16,49,9 num_paths=1093 u=256], input shapes: torch.Size([7, 49, 256]), torch.Size([138]), torch.Size([138, 16, 256])
2025-09-17 19:32:07.779 DEBUG: Calling TensorProductUniform4x1d: u,u,,u sizes=4352,2304,16,18176 num_segments=17,9,16,71 num_paths=215 u=256, input shapes: torch.Size([1818, 4352]), torch.Size([1818, 2304]), torch.Size([1818, 16])
2025-09-17 19:32:07.783 DEBUG: Calling SymmetricTensorContraction: [u,u,u sizes=4096,3328,256 num_segments=16,13,1 num_paths=1 u=256, u,u,u,u sizes=4096,4096,3328,256 num_segments=16,16,13,1 num_paths=16 u=256, u,u,u,u,u sizes=4096,4096,4096,3328,256 num_segments=16,16,16,13,1 num_paths=77 u=256], input shapes: torch.Size([7, 13, 256]), torch.Size([138]), torch.Size([138, 16, 256])
2025-09-17 19:32:07.831 DEBUG: Calling TensorProductUniform4x1d: u,u,,u sizes=1024,256,16,4096 num_segments=4,1,16,16 num_paths=16 u=256, input shapes: torch.Size([1368, 1024]), torch.Size([1368, 256]), torch.Size([1368, 16])
2025-09-17 19:32:07.837 DEBUG: Calling SymmetricTensorContraction: [u,u,u sizes=4096,12544,2304 num_segments=16,49,9 num_paths=9 u=256, u,u,u,u sizes=4096,4096,12544,2304 num_segments=16,16,49,9 num_paths=125 u=256, u,u,u,u,u sizes=4096,4096,4096,12544,2304 num_segments=16,16,16,49,9 num_paths=1093 u=256], input shapes: torch.Size([7, 49, 256]), torch.Size([121]), torch.Size([121, 16, 256])
2025-09-17 19:32:07.841 DEBUG: Calling TensorProductUniform4x1d: u,u,,u sizes=4352,2304,16,18176 num_segments=17,9,16,71 num_paths=215 u=256, input shapes: torch.Size([1368, 4352]), torch.Size([1368, 2304]), torch.Size([1368, 16])
2025-09-17 19:32:07.845 DEBUG: Calling SymmetricTensorContraction: [u,u,u sizes=4096,3328,256 num_segments=16,13,1 num_paths=1 u=256, u,u,u,u sizes=4096,4096,3328,256 num_segments=16,16,13,1 num_paths=16 u=256, u,u,u,u,u sizes=4096,4096,4096,3328,256 num_segments=16,16,16,13,1 num_paths=77 u=256], input shapes: torch.Size([7, 13, 256]), torch.Size([121]), torch.Size([121, 16, 256])
2025-09-17 19:32:07.895 DEBUG: Calling TensorProductUniform4x1d: u,u,,u sizes=1024,256,16,4096 num_segments=4,1,16,16 num_paths=16 u=256, input shapes: torch.Size([1432, 1024]), torch.Size([1432, 256]), torch.Size([1432, 16])
2025-09-17 19:32:07.902 DEBUG: Calling SymmetricTensorContraction: [u,u,u sizes=4096,12544,2304 num_segments=16,49,9 num_paths=9 u=256, u,u,u,u sizes=4096,4096,12544,2304 num_segments=16,16,49,9 num_paths=125 u=256, u,u,u,u,u sizes=4096,4096,4096,12544,2304 num_segments=16,16,16,49,9 num_paths=1093 u=256], input shapes: torch.Size([7, 49, 256]), torch.Size([122]), torch.Size([122, 16, 256])
2025-09-17 19:32:07.906 DEBUG: Calling TensorProductUniform4x1d: u,u,,u sizes=4352,2304,16,18176 num_segments=17,9,16,71 num_paths=215 u=256, input shapes: torch.Size([1432, 4352]), torch.Size([1432, 2304]), torch.Size([1432, 16])
2025-09-17 19:32:07.910 DEBUG: Calling SymmetricTensorContraction: [u,u,u sizes=4096,3328,256 num_segments=16,13,1 num_paths=1 u=256, u,u,u,u sizes=4096,4096,3328,256 num_segments=16,16,13,1 num_paths=16 u=256, u,u,u,u,u sizes=4096,4096,4096,3328,256 num_segments=16,16,16,13,1 num_paths=77 u=256], input shapes: torch.Size([7, 13, 256]), torch.Size([122]), torch.Size([122, 16, 256])
2025-09-17 19:32:07.961 DEBUG: Calling TensorProductUniform4x1d: u,u,,u sizes=1024,256,16,4096 num_segments=4,1,16,16 num_paths=16 u=256, input shapes: torch.Size([1598, 1024]), torch.Size([1598, 256]), torch.Size([1598, 16])
2025-09-17 19:32:07.967 DEBUG: Calling SymmetricTensorContraction: [u,u,u sizes=4096,12544,2304 num_segments=16,49,9 num_paths=9 u=256, u,u,u,u sizes=4096,4096,12544,2304 num_segments=16,16,49,9 num_paths=125 u=256, u,u,u,u,u sizes=4096,4096,4096,12544,2304 num_segments=16,16,16,49,9 num_paths=1093 u=256], input shapes: torch.Size([7, 49, 256]), torch.Size([129]), torch.Size([129, 16, 256])
2025-09-17 19:32:07.971 DEBUG: Calling TensorProductUniform4x1d: u,u,,u sizes=4352,2304,16,18176 num_segments=17,9,16,71 num_paths=215 u=256, input shapes: torch.Size([1598, 4352]), torch.Size([1598, 2304]), torch.Size([1598, 16])
2025-09-17 19:32:07.976 DEBUG: Calling SymmetricTensorContraction: [u,u,u sizes=4096,3328,256 num_segments=16,13,1 num_paths=1 u=256, u,u,u,u sizes=4096,4096,3328,256 num_segments=16,16,13,1 num_paths=16 u=256, u,u,u,u,u sizes=4096,4096,4096,3328,256 num_segments=16,16,16,13,1 num_paths=77 u=256], input shapes: torch.Size([7, 13, 256]), torch.Size([129]), torch.Size([129, 16, 256])
2025-09-17 19:32:08.027 DEBUG: Calling TensorProductUniform4x1d: u,u,,u sizes=1024,256,16,4096 num_segments=4,1,16,16 num_paths=16 u=256, input shapes: torch.Size([1650, 1024]), torch.Size([1650, 256]), torch.Size([1650, 16])
2025-09-17 19:32:08.034 DEBUG: Calling SymmetricTensorContraction: [u,u,u sizes=4096,12544,2304 num_segments=16,49,9 num_paths=9 u=256, u,u,u,u sizes=4096,4096,12544,2304 num_segments=16,16,49,9 num_paths=125 u=256, u,u,u,u,u sizes=4096,4096,4096,12544,2304 num_segments=16,16,16,49,9 num_paths=1093 u=256], input shapes: torch.Size([7, 49, 256]), torch.Size([132]), torch.Size([132, 16, 256])
2025-09-17 19:32:08.038 DEBUG: Calling TensorProductUniform4x1d: u,u,,u sizes=4352,2304,16,18176 num_segments=17,9,16,71 num_paths=215 u=256, input shapes: torch.Size([1650, 4352]), torch.Size([1650, 2304]), torch.Size([1650, 16])
2025-09-17 19:32:08.043 DEBUG: Calling SymmetricTensorContraction: [u,u,u sizes=4096,3328,256 num_segments=16,13,1 num_paths=1 u=256, u,u,u,u sizes=4096,4096,3328,256 num_segments=16,16,13,1 num_paths=16 u=256, u,u,u,u,u sizes=4096,4096,4096,3328,256 num_segments=16,16,16,13,1 num_paths=77 u=256], input shapes: torch.Size([7, 13, 256]), torch.Size([132]), torch.Size([132, 16, 256])
2025-09-17 19:32:08.092 DEBUG: Calling TensorProductUniform4x1d: u,u,,u sizes=1024,256,16,4096 num_segments=4,1,16,16 num_paths=16 u=256, input shapes: torch.Size([1652, 1024]), torch.Size([1652, 256]), torch.Size([1652, 16])
2025-09-17 19:32:08.097 DEBUG: Calling SymmetricTensorContraction: [u,u,u sizes=4096,12544,2304 num_segments=16,49,9 num_paths=9 u=256, u,u,u,u sizes=4096,4096,12544,2304 num_segments=16,16,49,9 num_paths=125 u=256, u,u,u,u,u sizes=4096,4096,4096,12544,2304 num_segments=16,16,16,49,9 num_paths=1093 u=256], input shapes: torch.Size([7, 49, 256]), torch.Size([132]), torch.Size([132, 16, 256])
2025-09-17 19:32:08.101 DEBUG: Calling TensorProductUniform4x1d: u,u,,u sizes=4352,2304,16,18176 num_segments=17,9,16,71 num_paths=215 u=256, input shapes: torch.Size([1652, 4352]), torch.Size([1652, 2304]), torch.Size([1652, 16])
2025-09-17 19:32:08.105 DEBUG: Calling SymmetricTensorContraction: [u,u,u sizes=4096,3328,256 num_segments=16,13,1 num_paths=1 u=256, u,u,u,u sizes=4096,4096,3328,256 num_segments=16,16,13,1 num_paths=16 u=256, u,u,u,u,u sizes=4096,4096,4096,3328,256 num_segments=16,16,16,13,1 num_paths=77 u=256], input shapes: torch.Size([7, 13, 256]), torch.Size([132]), torch.Size([132, 16, 256])
2025-09-17 19:32:08.159 DEBUG: Calling TensorProductUniform4x1d: u,u,,u sizes=1024,256,16,4096 num_segments=4,1,16,16 num_paths=16 u=256, input shapes: torch.Size([1826, 1024]), torch.Size([1826, 256]), torch.Size([1826, 16])
2025-09-17 19:32:08.166 DEBUG: Calling SymmetricTensorContraction: [u,u,u sizes=4096,12544,2304 num_segments=16,49,9 num_paths=9 u=256, u,u,u,u sizes=4096,4096,12544,2304 num_segments=16,16,49,9 num_paths=125 u=256, u,u,u,u,u sizes=4096,4096,4096,12544,2304 num_segments=16,16,16,49,9 num_paths=1093 u=256], input shapes: torch.Size([7, 49, 256]), torch.Size([139]), torch.Size([139, 16, 256])
2025-09-17 19:32:08.170 DEBUG: Calling TensorProductUniform4x1d: u,u,,u sizes=4352,2304,16,18176 num_segments=17,9,16,71 num_paths=215 u=256, input shapes: torch.Size([1826, 4352]), torch.Size([1826, 2304]), torch.Size([1826, 16])
2025-09-17 19:32:08.174 DEBUG: Calling SymmetricTensorContraction: [u,u,u sizes=4096,3328,256 num_segments=16,13,1 num_paths=1 u=256, u,u,u,u sizes=4096,4096,3328,256 num_segments=16,16,13,1 num_paths=16 u=256, u,u,u,u,u sizes=4096,4096,4096,3328,256 num_segments=16,16,16,13,1 num_paths=77 u=256], input shapes: torch.Size([7, 13, 256]), torch.Size([139]), torch.Size([139, 16, 256])
2025-09-17 19:32:08.223 DEBUG: Calling TensorProductUniform4x1d: u,u,,u sizes=1024,256,16,4096 num_segments=4,1,16,16 num_paths=16 u=256, input shapes: torch.Size([1736, 1024]), torch.Size([1736, 256]), torch.Size([1736, 16])
2025-09-17 19:32:08.229 DEBUG: Calling SymmetricTensorContraction: [u,u,u sizes=4096,12544,2304 num_segments=16,49,9 num_paths=9 u=256, u,u,u,u sizes=4096,4096,12544,2304 num_segments=16,16,49,9 num_paths=125 u=256, u,u,u,u,u sizes=4096,4096,4096,12544,2304 num_segments=16,16,16,49,9 num_paths=1093 u=256], input shapes: torch.Size([7, 49, 256]), torch.Size([136]), torch.Size([136, 16, 256])
2025-09-17 19:32:08.233 DEBUG: Calling TensorProductUniform4x1d: u,u,,u sizes=4352,2304,16,18176 num_segments=17,9,16,71 num_paths=215 u=256, input shapes: torch.Size([1736, 4352]), torch.Size([1736, 2304]), torch.Size([1736, 16])
2025-09-17 19:32:08.238 DEBUG: Calling SymmetricTensorContraction: [u,u,u sizes=4096,3328,256 num_segments=16,13,1 num_paths=1 u=256, u,u,u,u sizes=4096,4096,3328,256 num_segments=16,16,13,1 num_paths=16 u=256, u,u,u,u,u sizes=4096,4096,4096,3328,256 num_segments=16,16,16,13,1 num_paths=77 u=256], input shapes: torch.Size([7, 13, 256]), torch.Size([136]), torch.Size([136, 16, 256])
2025-09-17 19:32:08.288 DEBUG: Calling TensorProductUniform4x1d: u,u,,u sizes=1024,256,16,4096 num_segments=4,1,16,16 num_paths=16 u=256, input shapes: torch.Size([1408, 1024]), torch.Size([1408, 256]), torch.Size([1408, 16])
2025-09-17 19:32:08.295 DEBUG: Calling SymmetricTensorContraction: [u,u,u sizes=4096,12544,2304 num_segments=16,49,9 num_paths=9 u=256, u,u,u,u sizes=4096,4096,12544,2304 num_segments=16,16,49,9 num_paths=125 u=256, u,u,u,u,u sizes=4096,4096,4096,12544,2304 num_segments=16,16,16,49,9 num_paths=1093 u=256], input shapes: torch.Size([7, 49, 256]), torch.Size([123]), torch.Size([123, 16, 256])
2025-09-17 19:32:08.298 DEBUG: Calling TensorProductUniform4x1d: u,u,,u sizes=4352,2304,16,18176 num_segments=17,9,16,71 num_paths=215 u=256, input shapes: torch.Size([1408, 4352]), torch.Size([1408, 2304]), torch.Size([1408, 16])
2025-09-17 19:32:08.302 DEBUG: Calling SymmetricTensorContraction: [u,u,u sizes=4096,3328,256 num_segments=16,13,1 num_paths=1 u=256, u,u,u,u sizes=4096,4096,3328,256 num_segments=16,16,13,1 num_paths=16 u=256, u,u,u,u,u sizes=4096,4096,4096,3328,256 num_segments=16,16,16,13,1 num_paths=77 u=256], input shapes: torch.Size([7, 13, 256]), torch.Size([123]), torch.Size([123, 16, 256])
2025-09-17 19:32:08.352 DEBUG: Calling TensorProductUniform4x1d: u,u,,u sizes=1024,256,16,4096 num_segments=4,1,16,16 num_paths=16 u=256, input shapes: torch.Size([1664, 1024]), torch.Size([1664, 256]), torch.Size([1664, 16])
2025-09-17 19:32:08.358 DEBUG: Calling SymmetricTensorContraction: [u,u,u sizes=4096,12544,2304 num_segments=16,49,9 num_paths=9 u=256, u,u,u,u sizes=4096,4096,12544,2304 num_segments=16,16,49,9 num_paths=125 u=256, u,u,u,u,u sizes=4096,4096,4096,12544,2304 num_segments=16,16,16,49,9 num_paths=1093 u=256], input shapes: torch.Size([7, 49, 256]), torch.Size([131]), torch.Size([131, 16, 256])
2025-09-17 19:32:08.363 DEBUG: Calling TensorProductUniform4x1d: u,u,,u sizes=4352,2304,16,18176 num_segments=17,9,16,71 num_paths=215 u=256, input shapes: torch.Size([1664, 4352]), torch.Size([1664, 2304]), torch.Size([1664, 16])
2025-09-17 19:32:08.367 DEBUG: Calling SymmetricTensorContraction: [u,u,u sizes=4096,3328,256 num_segments=16,13,1 num_paths=1 u=256, u,u,u,u sizes=4096,4096,3328,256 num_segments=16,16,13,1 num_paths=16 u=256, u,u,u,u,u sizes=4096,4096,4096,3328,256 num_segments=16,16,16,13,1 num_paths=77 u=256], input shapes: torch.Size([7, 13, 256]), torch.Size([131]), torch.Size([131, 16, 256])
2025-09-17 19:32:08.418 DEBUG: Calling TensorProductUniform4x1d: u,u,,u sizes=1024,256,16,4096 num_segments=4,1,16,16 num_paths=16 u=256, input shapes: torch.Size([1708, 1024]), torch.Size([1708, 256]), torch.Size([1708, 16])
2025-09-17 19:32:08.424 DEBUG: Calling SymmetricTensorContraction: [u,u,u sizes=4096,12544,2304 num_segments=16,49,9 num_paths=9 u=256, u,u,u,u sizes=4096,4096,12544,2304 num_segments=16,16,49,9 num_paths=125 u=256, u,u,u,u,u sizes=4096,4096,4096,12544,2304 num_segments=16,16,16,49,9 num_paths=1093 u=256], input shapes: torch.Size([7, 49, 256]), torch.Size([135]), torch.Size([135, 16, 256])
2025-09-17 19:32:08.428 DEBUG: Calling TensorProductUniform4x1d: u,u,,u sizes=4352,2304,16,18176 num_segments=17,9,16,71 num_paths=215 u=256, input shapes: torch.Size([1708, 4352]), torch.Size([1708, 2304]), torch.Size([1708, 16])
2025-09-17 19:32:08.432 DEBUG: Calling SymmetricTensorContraction: [u,u,u sizes=4096,3328,256 num_segments=16,13,1 num_paths=1 u=256, u,u,u,u sizes=4096,4096,3328,256 num_segments=16,16,13,1 num_paths=16 u=256, u,u,u,u,u sizes=4096,4096,4096,3328,256 num_segments=16,16,16,13,1 num_paths=77 u=256], input shapes: torch.Size([7, 13, 256]), torch.Size([135]), torch.Size([135, 16, 256])
2025-09-17 19:32:08.485 DEBUG: Calling TensorProductUniform4x1d: u,u,,u sizes=1024,256,16,4096 num_segments=4,1,16,16 num_paths=16 u=256, input shapes: torch.Size([1452, 1024]), torch.Size([1452, 256]), torch.Size([1452, 16])
2025-09-17 19:32:08.491 DEBUG: Calling SymmetricTensorContraction: [u,u,u sizes=4096,12544,2304 num_segments=16,49,9 num_paths=9 u=256, u,u,u,u sizes=4096,4096,12544,2304 num_segments=16,16,49,9 num_paths=125 u=256, u,u,u,u,u sizes=4096,4096,4096,12544,2304 num_segments=16,16,16,49,9 num_paths=1093 u=256], input shapes: torch.Size([7, 49, 256]), torch.Size([126]), torch.Size([126, 16, 256])
2025-09-17 19:32:08.495 DEBUG: Calling TensorProductUniform4x1d: u,u,,u sizes=4352,2304,16,18176 num_segments=17,9,16,71 num_paths=215 u=256, input shapes: torch.Size([1452, 4352]), torch.Size([1452, 2304]), torch.Size([1452, 16])
2025-09-17 19:32:08.499 DEBUG: Calling SymmetricTensorContraction: [u,u,u sizes=4096,3328,256 num_segments=16,13,1 num_paths=1 u=256, u,u,u,u sizes=4096,4096,3328,256 num_segments=16,16,13,1 num_paths=16 u=256, u,u,u,u,u sizes=4096,4096,4096,3328,256 num_segments=16,16,16,13,1 num_paths=77 u=256], input shapes: torch.Size([7, 13, 256]), torch.Size([126]), torch.Size([126, 16, 256])
2025-09-17 19:32:08.552 DEBUG: Calling TensorProductUniform4x1d: u,u,,u sizes=1024,256,16,4096 num_segments=4,1,16,16 num_paths=16 u=256, input shapes: torch.Size([1582, 1024]), torch.Size([1582, 256]), torch.Size([1582, 16])
2025-09-17 19:32:08.558 DEBUG: Calling SymmetricTensorContraction: [u,u,u sizes=4096,12544,2304 num_segments=16,49,9 num_paths=9 u=256, u,u,u,u sizes=4096,4096,12544,2304 num_segments=16,16,49,9 num_paths=125 u=256, u,u,u,u,u sizes=4096,4096,4096,12544,2304 num_segments=16,16,16,49,9 num_paths=1093 u=256], input shapes: torch.Size([7, 49, 256]), torch.Size([130]), torch.Size([130, 16, 256])
2025-09-17 19:32:08.562 DEBUG: Calling TensorProductUniform4x1d: u,u,,u sizes=4352,2304,16,18176 num_segments=17,9,16,71 num_paths=215 u=256, input shapes: torch.Size([1582, 4352]), torch.Size([1582, 2304]), torch.Size([1582, 16])
2025-09-17 19:32:08.566 DEBUG: Calling SymmetricTensorContraction: [u,u,u sizes=4096,3328,256 num_segments=16,13,1 num_paths=1 u=256, u,u,u,u sizes=4096,4096,3328,256 num_segments=16,16,13,1 num_paths=16 u=256, u,u,u,u,u sizes=4096,4096,4096,3328,256 num_segments=16,16,16,13,1 num_paths=77 u=256], input shapes: torch.Size([7, 13, 256]), torch.Size([130]), torch.Size([130, 16, 256])
2025-09-17 19:32:08.616 DEBUG: Calling TensorProductUniform4x1d: u,u,,u sizes=1024,256,16,4096 num_segments=4,1,16,16 num_paths=16 u=256, input shapes: torch.Size([1526, 1024]), torch.Size([1526, 256]), torch.Size([1526, 16])
2025-09-17 19:32:08.623 DEBUG: Calling SymmetricTensorContraction: [u,u,u sizes=4096,12544,2304 num_segments=16,49,9 num_paths=9 u=256, u,u,u,u sizes=4096,4096,12544,2304 num_segments=16,16,49,9 num_paths=125 u=256, u,u,u,u,u sizes=4096,4096,4096,12544,2304 num_segments=16,16,16,49,9 num_paths=1093 u=256], input shapes: torch.Size([7, 49, 256]), torch.Size([128]), torch.Size([128, 16, 256])
2025-09-17 19:32:08.628 DEBUG: Calling TensorProductUniform4x1d: u,u,,u sizes=4352,2304,16,18176 num_segments=17,9,16,71 num_paths=215 u=256, input shapes: torch.Size([1526, 4352]), torch.Size([1526, 2304]), torch.Size([1526, 16])
2025-09-17 19:32:08.634 DEBUG: Calling SymmetricTensorContraction: [u,u,u sizes=4096,3328,256 num_segments=16,13,1 num_paths=1 u=256, u,u,u,u sizes=4096,4096,3328,256 num_segments=16,16,13,1 num_paths=16 u=256, u,u,u,u,u sizes=4096,4096,4096,3328,256 num_segments=16,16,16,13,1 num_paths=77 u=256], input shapes: torch.Size([7, 13, 256]), torch.Size([128]), torch.Size([128, 16, 256])
2025-09-17 19:32:08.690 DEBUG: Calling TensorProductUniform4x1d: u,u,,u sizes=1024,256,16,4096 num_segments=4,1,16,16 num_paths=16 u=256, input shapes: torch.Size([1708, 1024]), torch.Size([1708, 256]), torch.Size([1708, 16])
2025-09-17 19:32:08.696 DEBUG: Calling SymmetricTensorContraction: [u,u,u sizes=4096,12544,2304 num_segments=16,49,9 num_paths=9 u=256, u,u,u,u sizes=4096,4096,12544,2304 num_segments=16,16,49,9 num_paths=125 u=256, u,u,u,u,u sizes=4096,4096,4096,12544,2304 num_segments=16,16,16,49,9 num_paths=1093 u=256], input shapes: torch.Size([7, 49, 256]), torch.Size([135]), torch.Size([135, 16, 256])
2025-09-17 19:32:08.700 DEBUG: Calling TensorProductUniform4x1d: u,u,,u sizes=4352,2304,16,18176 num_segments=17,9,16,71 num_paths=215 u=256, input shapes: torch.Size([1708, 4352]), torch.Size([1708, 2304]), torch.Size([1708, 16])
2025-09-17 19:32:08.705 DEBUG: Calling SymmetricTensorContraction: [u,u,u sizes=4096,3328,256 num_segments=16,13,1 num_paths=1 u=256, u,u,u,u sizes=4096,4096,3328,256 num_segments=16,16,13,1 num_paths=16 u=256, u,u,u,u,u sizes=4096,4096,4096,3328,256 num_segments=16,16,16,13,1 num_paths=77 u=256], input shapes: torch.Size([7, 13, 256]), torch.Size([135]), torch.Size([135, 16, 256])
2025-09-17 19:32:08.757 DEBUG: Calling TensorProductUniform4x1d: u,u,,u sizes=1024,256,16,4096 num_segments=4,1,16,16 num_paths=16 u=256, input shapes: torch.Size([2052, 1024]), torch.Size([2052, 256]), torch.Size([2052, 16])
2025-09-17 19:32:08.763 DEBUG: Calling SymmetricTensorContraction: [u,u,u sizes=4096,12544,2304 num_segments=16,49,9 num_paths=9 u=256, u,u,u,u sizes=4096,4096,12544,2304 num_segments=16,16,49,9 num_paths=125 u=256, u,u,u,u,u sizes=4096,4096,4096,12544,2304 num_segments=16,16,16,49,9 num_paths=1093 u=256], input shapes: torch.Size([7, 49, 256]), torch.Size([147]), torch.Size([147, 16, 256])
2025-09-17 19:32:08.767 DEBUG: Calling TensorProductUniform4x1d: u,u,,u sizes=4352,2304,16,18176 num_segments=17,9,16,71 num_paths=215 u=256, input shapes: torch.Size([2052, 4352]), torch.Size([2052, 2304]), torch.Size([2052, 16])
2025-09-17 19:32:08.775 DEBUG: Calling SymmetricTensorContraction: [u,u,u sizes=4096,3328,256 num_segments=16,13,1 num_paths=1 u=256, u,u,u,u sizes=4096,4096,3328,256 num_segments=16,16,13,1 num_paths=16 u=256, u,u,u,u,u sizes=4096,4096,4096,3328,256 num_segments=16,16,16,13,1 num_paths=77 u=256], input shapes: torch.Size([7, 13, 256]), torch.Size([147]), torch.Size([147, 16, 256])
2025-09-17 19:32:08.832 DEBUG: Calling TensorProductUniform4x1d: u,u,,u sizes=1024,256,16,4096 num_segments=4,1,16,16 num_paths=16 u=256, input shapes: torch.Size([1736, 1024]), torch.Size([1736, 256]), torch.Size([1736, 16])
2025-09-17 19:32:08.838 DEBUG: Calling SymmetricTensorContraction: [u,u,u sizes=4096,12544,2304 num_segments=16,49,9 num_paths=9 u=256, u,u,u,u sizes=4096,4096,12544,2304 num_segments=16,16,49,9 num_paths=125 u=256, u,u,u,u,u sizes=4096,4096,4096,12544,2304 num_segments=16,16,16,49,9 num_paths=1093 u=256], input shapes: torch.Size([7, 49, 256]), torch.Size([138]), torch.Size([138, 16, 256])
2025-09-17 19:32:08.841 DEBUG: Calling TensorProductUniform4x1d: u,u,,u sizes=4352,2304,16,18176 num_segments=17,9,16,71 num_paths=215 u=256, input shapes: torch.Size([1736, 4352]), torch.Size([1736, 2304]), torch.Size([1736, 16])
2025-09-17 19:32:08.846 DEBUG: Calling SymmetricTensorContraction: [u,u,u sizes=4096,3328,256 num_segments=16,13,1 num_paths=1 u=256, u,u,u,u sizes=4096,4096,3328,256 num_segments=16,16,13,1 num_paths=16 u=256, u,u,u,u,u sizes=4096,4096,4096,3328,256 num_segments=16,16,16,13,1 num_paths=77 u=256], input shapes: torch.Size([7, 13, 256]), torch.Size([138]), torch.Size([138, 16, 256])
2025-09-17 19:32:08.898 DEBUG: Calling TensorProductUniform4x1d: u,u,,u sizes=1024,256,16,4096 num_segments=4,1,16,16 num_paths=16 u=256, input shapes: torch.Size([1258, 1024]), torch.Size([1258, 256]), torch.Size([1258, 16])
2025-09-17 19:32:08.905 DEBUG: Calling SymmetricTensorContraction: [u,u,u sizes=4096,12544,2304 num_segments=16,49,9 num_paths=9 u=256, u,u,u,u sizes=4096,4096,12544,2304 num_segments=16,16,49,9 num_paths=125 u=256, u,u,u,u,u sizes=4096,4096,4096,12544,2304 num_segments=16,16,16,49,9 num_paths=1093 u=256], input shapes: torch.Size([7, 49, 256]), torch.Size([115]), torch.Size([115, 16, 256])
2025-09-17 19:32:08.908 DEBUG: Calling TensorProductUniform4x1d: u,u,,u sizes=4352,2304,16,18176 num_segments=17,9,16,71 num_paths=215 u=256, input shapes: torch.Size([1258, 4352]), torch.Size([1258, 2304]), torch.Size([1258, 16])
2025-09-17 19:32:08.912 DEBUG: Calling SymmetricTensorContraction: [u,u,u sizes=4096,3328,256 num_segments=16,13,1 num_paths=1 u=256, u,u,u,u sizes=4096,4096,3328,256 num_segments=16,16,13,1 num_paths=16 u=256, u,u,u,u,u sizes=4096,4096,4096,3328,256 num_segments=16,16,16,13,1 num_paths=77 u=256], input shapes: torch.Size([7, 13, 256]), torch.Size([115]), torch.Size([115, 16, 256])
2025-09-17 19:32:08.966 DEBUG: Calling TensorProductUniform4x1d: u,u,,u sizes=1024,256,16,4096 num_segments=4,1,16,16 num_paths=16 u=256, input shapes: torch.Size([1862, 1024]), torch.Size([1862, 256]), torch.Size([1862, 16])
2025-09-17 19:32:08.972 DEBUG: Calling SymmetricTensorContraction: [u,u,u sizes=4096,12544,2304 num_segments=16,49,9 num_paths=9 u=256, u,u,u,u sizes=4096,4096,12544,2304 num_segments=16,16,49,9 num_paths=125 u=256, u,u,u,u,u sizes=4096,4096,4096,12544,2304 num_segments=16,16,16,49,9 num_paths=1093 u=256], input shapes: torch.Size([7, 49, 256]), torch.Size([143]), torch.Size([143, 16, 256])
2025-09-17 19:32:08.976 DEBUG: Calling TensorProductUniform4x1d: u,u,,u sizes=4352,2304,16,18176 num_segments=17,9,16,71 num_paths=215 u=256, input shapes: torch.Size([1862, 4352]), torch.Size([1862, 2304]), torch.Size([1862, 16])
2025-09-17 19:32:08.981 DEBUG: Calling SymmetricTensorContraction: [u,u,u sizes=4096,3328,256 num_segments=16,13,1 num_paths=1 u=256, u,u,u,u sizes=4096,4096,3328,256 num_segments=16,16,13,1 num_paths=16 u=256, u,u,u,u,u sizes=4096,4096,4096,3328,256 num_segments=16,16,16,13,1 num_paths=77 u=256], input shapes: torch.Size([7, 13, 256]), torch.Size([143]), torch.Size([143, 16, 256])
2025-09-17 19:32:09.031 DEBUG: Calling TensorProductUniform4x1d: u,u,,u sizes=1024,256,16,4096 num_segments=4,1,16,16 num_paths=16 u=256, input shapes: torch.Size([2042, 1024]), torch.Size([2042, 256]), torch.Size([2042, 16])
2025-09-17 19:32:09.037 DEBUG: Calling SymmetricTensorContraction: [u,u,u sizes=4096,12544,2304 num_segments=16,49,9 num_paths=9 u=256, u,u,u,u sizes=4096,4096,12544,2304 num_segments=16,16,49,9 num_paths=125 u=256, u,u,u,u,u sizes=4096,4096,4096,12544,2304 num_segments=16,16,16,49,9 num_paths=1093 u=256], input shapes: torch.Size([7, 49, 256]), torch.Size([148]), torch.Size([148, 16, 256])
2025-09-17 19:32:09.078 DEBUG: Calling TensorProductUniform4x1d: u,u,,u sizes=4352,2304,16,18176 num_segments=17,9,16,71 num_paths=215 u=256, input shapes: torch.Size([2042, 4352]), torch.Size([2042, 2304]), torch.Size([2042, 16])
2025-09-17 19:32:09.083 DEBUG: Calling SymmetricTensorContraction: [u,u,u sizes=4096,3328,256 num_segments=16,13,1 num_paths=1 u=256, u,u,u,u sizes=4096,4096,3328,256 num_segments=16,16,13,1 num_paths=16 u=256, u,u,u,u,u sizes=4096,4096,4096,3328,256 num_segments=16,16,16,13,1 num_paths=77 u=256], input shapes: torch.Size([7, 13, 256]), torch.Size([148]), torch.Size([148, 16, 256])
2025-09-17 19:32:09.142 DEBUG: Calling TensorProductUniform4x1d: u,u,,u sizes=1024,256,16,4096 num_segments=4,1,16,16 num_paths=16 u=256, input shapes: torch.Size([1670, 1024]), torch.Size([1670, 256]), torch.Size([1670, 16])
2025-09-17 19:32:09.148 DEBUG: Calling SymmetricTensorContraction: [u,u,u sizes=4096,12544,2304 num_segments=16,49,9 num_paths=9 u=256, u,u,u,u sizes=4096,4096,12544,2304 num_segments=16,16,49,9 num_paths=125 u=256, u,u,u,u,u sizes=4096,4096,4096,12544,2304 num_segments=16,16,16,49,9 num_paths=1093 u=256], input shapes: torch.Size([7, 49, 256]), torch.Size([133]), torch.Size([133, 16, 256])
2025-09-17 19:32:09.152 DEBUG: Calling TensorProductUniform4x1d: u,u,,u sizes=4352,2304,16,18176 num_segments=17,9,16,71 num_paths=215 u=256, input shapes: torch.Size([1670, 4352]), torch.Size([1670, 2304]), torch.Size([1670, 16])
2025-09-17 19:32:09.156 DEBUG: Calling SymmetricTensorContraction: [u,u,u sizes=4096,3328,256 num_segments=16,13,1 num_paths=1 u=256, u,u,u,u sizes=4096,4096,3328,256 num_segments=16,16,13,1 num_paths=16 u=256, u,u,u,u,u sizes=4096,4096,4096,3328,256 num_segments=16,16,16,13,1 num_paths=77 u=256], input shapes: torch.Size([7, 13, 256]), torch.Size([133]), torch.Size([133, 16, 256])
2025-09-17 19:32:09.207 DEBUG: Calling TensorProductUniform4x1d: u,u,,u sizes=1024,256,16,4096 num_segments=4,1,16,16 num_paths=16 u=256, input shapes: torch.Size([1706, 1024]), torch.Size([1706, 256]), torch.Size([1706, 16])
2025-09-17 19:32:09.213 DEBUG: Calling SymmetricTensorContraction: [u,u,u sizes=4096,12544,2304 num_segments=16,49,9 num_paths=9 u=256, u,u,u,u sizes=4096,4096,12544,2304 num_segments=16,16,49,9 num_paths=125 u=256, u,u,u,u,u sizes=4096,4096,4096,12544,2304 num_segments=16,16,16,49,9 num_paths=1093 u=256], input shapes: torch.Size([7, 49, 256]), torch.Size([135]), torch.Size([135, 16, 256])
2025-09-17 19:32:09.217 DEBUG: Calling TensorProductUniform4x1d: u,u,,u sizes=4352,2304,16,18176 num_segments=17,9,16,71 num_paths=215 u=256, input shapes: torch.Size([1706, 4352]), torch.Size([1706, 2304]), torch.Size([1706, 16])
2025-09-17 19:32:09.221 DEBUG: Calling SymmetricTensorContraction: [u,u,u sizes=4096,3328,256 num_segments=16,13,1 num_paths=1 u=256, u,u,u,u sizes=4096,4096,3328,256 num_segments=16,16,13,1 num_paths=16 u=256, u,u,u,u,u sizes=4096,4096,4096,3328,256 num_segments=16,16,16,13,1 num_paths=77 u=256], input shapes: torch.Size([7, 13, 256]), torch.Size([135]), torch.Size([135, 16, 256])
2025-09-17 19:32:09.271 DEBUG: Calling TensorProductUniform4x1d: u,u,,u sizes=1024,256,16,4096 num_segments=4,1,16,16 num_paths=16 u=256, input shapes: torch.Size([1510, 1024]), torch.Size([1510, 256]), torch.Size([1510, 16])
2025-09-17 19:32:09.277 DEBUG: Calling SymmetricTensorContraction: [u,u,u sizes=4096,12544,2304 num_segments=16,49,9 num_paths=9 u=256, u,u,u,u sizes=4096,4096,12544,2304 num_segments=16,16,49,9 num_paths=125 u=256, u,u,u,u,u sizes=4096,4096,4096,12544,2304 num_segments=16,16,16,49,9 num_paths=1093 u=256], input shapes: torch.Size([7, 49, 256]), torch.Size([127]), torch.Size([127, 16, 256])
2025-09-17 19:32:09.281 DEBUG: Calling TensorProductUniform4x1d: u,u,,u sizes=4352,2304,16,18176 num_segments=17,9,16,71 num_paths=215 u=256, input shapes: torch.Size([1510, 4352]), torch.Size([1510, 2304]), torch.Size([1510, 16])
2025-09-17 19:32:09.285 DEBUG: Calling SymmetricTensorContraction: [u,u,u sizes=4096,3328,256 num_segments=16,13,1 num_paths=1 u=256, u,u,u,u sizes=4096,4096,3328,256 num_segments=16,16,13,1 num_paths=16 u=256, u,u,u,u,u sizes=4096,4096,4096,3328,256 num_segments=16,16,16,13,1 num_paths=77 u=256], input shapes: torch.Size([7, 13, 256]), torch.Size([127]), torch.Size([127, 16, 256])
2025-09-17 19:32:09.339 DEBUG: Calling TensorProductUniform4x1d: u,u,,u sizes=1024,256,16,4096 num_segments=4,1,16,16 num_paths=16 u=256, input shapes: torch.Size([1762, 1024]), torch.Size([1762, 256]), torch.Size([1762, 16])
2025-09-17 19:32:09.345 DEBUG: Calling SymmetricTensorContraction: [u,u,u sizes=4096,12544,2304 num_segments=16,49,9 num_paths=9 u=256, u,u,u,u sizes=4096,4096,12544,2304 num_segments=16,16,49,9 num_paths=125 u=256, u,u,u,u,u sizes=4096,4096,4096,12544,2304 num_segments=16,16,16,49,9 num_paths=1093 u=256], input shapes: torch.Size([7, 49, 256]), torch.Size([137]), torch.Size([137, 16, 256])
2025-09-17 19:32:09.349 DEBUG: Calling TensorProductUniform4x1d: u,u,,u sizes=4352,2304,16,18176 num_segments=17,9,16,71 num_paths=215 u=256, input shapes: torch.Size([1762, 4352]), torch.Size([1762, 2304]), torch.Size([1762, 16])
2025-09-17 19:32:09.353 DEBUG: Calling SymmetricTensorContraction: [u,u,u sizes=4096,3328,256 num_segments=16,13,1 num_paths=1 u=256, u,u,u,u sizes=4096,4096,3328,256 num_segments=16,16,13,1 num_paths=16 u=256, u,u,u,u,u sizes=4096,4096,4096,3328,256 num_segments=16,16,16,13,1 num_paths=77 u=256], input shapes: torch.Size([7, 13, 256]), torch.Size([137]), torch.Size([137, 16, 256])
2025-09-17 19:32:09.401 DEBUG: Calling TensorProductUniform4x1d: u,u,,u sizes=1024,256,16,4096 num_segments=4,1,16,16 num_paths=16 u=256, input shapes: torch.Size([1638, 1024]), torch.Size([1638, 256]), torch.Size([1638, 16])
2025-09-17 19:32:09.407 DEBUG: Calling SymmetricTensorContraction: [u,u,u sizes=4096,12544,2304 num_segments=16,49,9 num_paths=9 u=256, u,u,u,u sizes=4096,4096,12544,2304 num_segments=16,16,49,9 num_paths=125 u=256, u,u,u,u,u sizes=4096,4096,4096,12544,2304 num_segments=16,16,16,49,9 num_paths=1093 u=256], input shapes: torch.Size([7, 49, 256]), torch.Size([133]), torch.Size([133, 16, 256])
2025-09-17 19:32:09.412 DEBUG: Calling TensorProductUniform4x1d: u,u,,u sizes=4352,2304,16,18176 num_segments=17,9,16,71 num_paths=215 u=256, input shapes: torch.Size([1638, 4352]), torch.Size([1638, 2304]), torch.Size([1638, 16])
2025-09-17 19:32:09.417 DEBUG: Calling SymmetricTensorContraction: [u,u,u sizes=4096,3328,256 num_segments=16,13,1 num_paths=1 u=256, u,u,u,u sizes=4096,4096,3328,256 num_segments=16,16,13,1 num_paths=16 u=256, u,u,u,u,u sizes=4096,4096,4096,3328,256 num_segments=16,16,16,13,1 num_paths=77 u=256], input shapes: torch.Size([7, 13, 256]), torch.Size([133]), torch.Size([133, 16, 256])
2025-09-17 19:32:09.471 DEBUG: Calling TensorProductUniform4x1d: u,u,,u sizes=1024,256,16,4096 num_segments=4,1,16,16 num_paths=16 u=256, input shapes: torch.Size([1404, 1024]), torch.Size([1404, 256]), torch.Size([1404, 16])
2025-09-17 19:32:09.479 DEBUG: Calling SymmetricTensorContraction: [u,u,u sizes=4096,12544,2304 num_segments=16,49,9 num_paths=9 u=256, u,u,u,u sizes=4096,4096,12544,2304 num_segments=16,16,49,9 num_paths=125 u=256, u,u,u,u,u sizes=4096,4096,4096,12544,2304 num_segments=16,16,16,49,9 num_paths=1093 u=256], input shapes: torch.Size([7, 49, 256]), torch.Size([121]), torch.Size([121, 16, 256])
2025-09-17 19:32:09.484 DEBUG: Calling TensorProductUniform4x1d: u,u,,u sizes=4352,2304,16,18176 num_segments=17,9,16,71 num_paths=215 u=256, input shapes: torch.Size([1404, 4352]), torch.Size([1404, 2304]), torch.Size([1404, 16])
2025-09-17 19:32:09.488 DEBUG: Calling SymmetricTensorContraction: [u,u,u sizes=4096,3328,256 num_segments=16,13,1 num_paths=1 u=256, u,u,u,u sizes=4096,4096,3328,256 num_segments=16,16,13,1 num_paths=16 u=256, u,u,u,u,u sizes=4096,4096,4096,3328,256 num_segments=16,16,16,13,1 num_paths=77 u=256], input shapes: torch.Size([7, 13, 256]), torch.Size([121]), torch.Size([121, 16, 256])
2025-09-17 19:32:09.544 DEBUG: Calling TensorProductUniform4x1d: u,u,,u sizes=1024,256,16,4096 num_segments=4,1,16,16 num_paths=16 u=256, input shapes: torch.Size([1552, 1024]), torch.Size([1552, 256]), torch.Size([1552, 16])
2025-09-17 19:32:09.550 DEBUG: Calling SymmetricTensorContraction: [u,u,u sizes=4096,12544,2304 num_segments=16,49,9 num_paths=9 u=256, u,u,u,u sizes=4096,4096,12544,2304 num_segments=16,16,49,9 num_paths=125 u=256, u,u,u,u,u sizes=4096,4096,4096,12544,2304 num_segments=16,16,16,49,9 num_paths=1093 u=256], input shapes: torch.Size([7, 49, 256]), torch.Size([129]), torch.Size([129, 16, 256])
2025-09-17 19:32:09.555 DEBUG: Calling TensorProductUniform4x1d: u,u,,u sizes=4352,2304,16,18176 num_segments=17,9,16,71 num_paths=215 u=256, input shapes: torch.Size([1552, 4352]), torch.Size([1552, 2304]), torch.Size([1552, 16])
2025-09-17 19:32:09.560 DEBUG: Calling SymmetricTensorContraction: [u,u,u sizes=4096,3328,256 num_segments=16,13,1 num_paths=1 u=256, u,u,u,u sizes=4096,4096,3328,256 num_segments=16,16,13,1 num_paths=16 u=256, u,u,u,u,u sizes=4096,4096,4096,3328,256 num_segments=16,16,16,13,1 num_paths=77 u=256], input shapes: torch.Size([7, 13, 256]), torch.Size([129]), torch.Size([129, 16, 256])
2025-09-17 19:32:09.619 DEBUG: Calling TensorProductUniform4x1d: u,u,,u sizes=1024,256,16,4096 num_segments=4,1,16,16 num_paths=16 u=256, input shapes: torch.Size([1380, 1024]), torch.Size([1380, 256]), torch.Size([1380, 16])
2025-09-17 19:32:09.625 DEBUG: Calling SymmetricTensorContraction: [u,u,u sizes=4096,12544,2304 num_segments=16,49,9 num_paths=9 u=256, u,u,u,u sizes=4096,4096,12544,2304 num_segments=16,16,49,9 num_paths=125 u=256, u,u,u,u,u sizes=4096,4096,4096,12544,2304 num_segments=16,16,16,49,9 num_paths=1093 u=256], input shapes: torch.Size([7, 49, 256]), torch.Size([120]), torch.Size([120, 16, 256])
2025-09-17 19:32:09.629 DEBUG: Calling TensorProductUniform4x1d: u,u,,u sizes=4352,2304,16,18176 num_segments=17,9,16,71 num_paths=215 u=256, input shapes: torch.Size([1380, 4352]), torch.Size([1380, 2304]), torch.Size([1380, 16])
2025-09-17 19:32:09.633 DEBUG: Calling SymmetricTensorContraction: [u,u,u sizes=4096,3328,256 num_segments=16,13,1 num_paths=1 u=256, u,u,u,u sizes=4096,4096,3328,256 num_segments=16,16,13,1 num_paths=16 u=256, u,u,u,u,u sizes=4096,4096,4096,3328,256 num_segments=16,16,16,13,1 num_paths=77 u=256], input shapes: torch.Size([7, 13, 256]), torch.Size([120]), torch.Size([120, 16, 256])
2025-09-17 19:32:09.683 DEBUG: Calling TensorProductUniform4x1d: u,u,,u sizes=1024,256,16,4096 num_segments=4,1,16,16 num_paths=16 u=256, input shapes: torch.Size([1196, 1024]), torch.Size([1196, 256]), torch.Size([1196, 16])
2025-09-17 19:32:09.691 DEBUG: Calling SymmetricTensorContraction: [u,u,u sizes=4096,12544,2304 num_segments=16,49,9 num_paths=9 u=256, u,u,u,u sizes=4096,4096,12544,2304 num_segments=16,16,49,9 num_paths=125 u=256, u,u,u,u,u sizes=4096,4096,4096,12544,2304 num_segments=16,16,16,49,9 num_paths=1093 u=256], input shapes: torch.Size([7, 49, 256]), torch.Size([113]), torch.Size([113, 16, 256])
2025-09-17 19:32:09.695 DEBUG: Calling TensorProductUniform4x1d: u,u,,u sizes=4352,2304,16,18176 num_segments=17,9,16,71 num_paths=215 u=256, input shapes: torch.Size([1196, 4352]), torch.Size([1196, 2304]), torch.Size([1196, 16])
2025-09-17 19:32:09.699 DEBUG: Calling SymmetricTensorContraction: [u,u,u sizes=4096,3328,256 num_segments=16,13,1 num_paths=1 u=256, u,u,u,u sizes=4096,4096,3328,256 num_segments=16,16,13,1 num_paths=16 u=256, u,u,u,u,u sizes=4096,4096,4096,3328,256 num_segments=16,16,16,13,1 num_paths=77 u=256], input shapes: torch.Size([7, 13, 256]), torch.Size([113]), torch.Size([113, 16, 256])
2025-09-17 19:32:09.754 DEBUG: Calling TensorProductUniform4x1d: u,u,,u sizes=1024,256,16,4096 num_segments=4,1,16,16 num_paths=16 u=256, input shapes: torch.Size([1434, 1024]), torch.Size([1434, 256]), torch.Size([1434, 16])
2025-09-17 19:32:09.763 DEBUG: Calling SymmetricTensorContraction: [u,u,u sizes=4096,12544,2304 num_segments=16,49,9 num_paths=9 u=256, u,u,u,u sizes=4096,4096,12544,2304 num_segments=16,16,49,9 num_paths=125 u=256, u,u,u,u,u sizes=4096,4096,4096,12544,2304 num_segments=16,16,16,49,9 num_paths=1093 u=256], input shapes: torch.Size([7, 49, 256]), torch.Size([124]), torch.Size([124, 16, 256])
2025-09-17 19:32:09.767 DEBUG: Calling TensorProductUniform4x1d: u,u,,u sizes=4352,2304,16,18176 num_segments=17,9,16,71 num_paths=215 u=256, input shapes: torch.Size([1434, 4352]), torch.Size([1434, 2304]), torch.Size([1434, 16])
2025-09-17 19:32:09.772 DEBUG: Calling SymmetricTensorContraction: [u,u,u sizes=4096,3328,256 num_segments=16,13,1 num_paths=1 u=256, u,u,u,u sizes=4096,4096,3328,256 num_segments=16,16,13,1 num_paths=16 u=256, u,u,u,u,u sizes=4096,4096,4096,3328,256 num_segments=16,16,16,13,1 num_paths=77 u=256], input shapes: torch.Size([7, 13, 256]), torch.Size([124]), torch.Size([124, 16, 256])
2025-09-17 19:32:09.823 DEBUG: Calling TensorProductUniform4x1d: u,u,,u sizes=1024,256,16,4096 num_segments=4,1,16,16 num_paths=16 u=256, input shapes: torch.Size([1296, 1024]), torch.Size([1296, 256]), torch.Size([1296, 16])
2025-09-17 19:32:09.829 DEBUG: Calling SymmetricTensorContraction: [u,u,u sizes=4096,12544,2304 num_segments=16,49,9 num_paths=9 u=256, u,u,u,u sizes=4096,4096,12544,2304 num_segments=16,16,49,9 num_paths=125 u=256, u,u,u,u,u sizes=4096,4096,4096,12544,2304 num_segments=16,16,16,49,9 num_paths=1093 u=256], input shapes: torch.Size([7, 49, 256]), torch.Size([117]), torch.Size([117, 16, 256])
2025-09-17 19:32:09.833 DEBUG: Calling TensorProductUniform4x1d: u,u,,u sizes=4352,2304,16,18176 num_segments=17,9,16,71 num_paths=215 u=256, input shapes: torch.Size([1296, 4352]), torch.Size([1296, 2304]), torch.Size([1296, 16])
2025-09-17 19:32:09.840 DEBUG: Calling SymmetricTensorContraction: [u,u,u sizes=4096,3328,256 num_segments=16,13,1 num_paths=1 u=256, u,u,u,u sizes=4096,4096,3328,256 num_segments=16,16,13,1 num_paths=16 u=256, u,u,u,u,u sizes=4096,4096,4096,3328,256 num_segments=16,16,16,13,1 num_paths=77 u=256], input shapes: torch.Size([7, 13, 256]), torch.Size([117]), torch.Size([117, 16, 256])
2025-09-17 19:32:09.891 DEBUG: Calling TensorProductUniform4x1d: u,u,,u sizes=1024,256,16,4096 num_segments=4,1,16,16 num_paths=16 u=256, input shapes: torch.Size([1416, 1024]), torch.Size([1416, 256]), torch.Size([1416, 16])
2025-09-17 19:32:09.897 DEBUG: Calling SymmetricTensorContraction: [u,u,u sizes=4096,12544,2304 num_segments=16,49,9 num_paths=9 u=256, u,u,u,u sizes=4096,4096,12544,2304 num_segments=16,16,49,9 num_paths=125 u=256, u,u,u,u,u sizes=4096,4096,4096,12544,2304 num_segments=16,16,16,49,9 num_paths=1093 u=256], input shapes: torch.Size([7, 49, 256]), torch.Size([123]), torch.Size([123, 16, 256])
2025-09-17 19:32:09.902 DEBUG: Calling TensorProductUniform4x1d: u,u,,u sizes=4352,2304,16,18176 num_segments=17,9,16,71 num_paths=215 u=256, input shapes: torch.Size([1416, 4352]), torch.Size([1416, 2304]), torch.Size([1416, 16])
2025-09-17 19:32:09.906 DEBUG: Calling SymmetricTensorContraction: [u,u,u sizes=4096,3328,256 num_segments=16,13,1 num_paths=1 u=256, u,u,u,u sizes=4096,4096,3328,256 num_segments=16,16,13,1 num_paths=16 u=256, u,u,u,u,u sizes=4096,4096,4096,3328,256 num_segments=16,16,16,13,1 num_paths=77 u=256], input shapes: torch.Size([7, 13, 256]), torch.Size([123]), torch.Size([123, 16, 256])
2025-09-17 19:32:09.956 DEBUG: Calling TensorProductUniform4x1d: u,u,,u sizes=1024,256,16,4096 num_segments=4,1,16,16 num_paths=16 u=256, input shapes: torch.Size([1650, 1024]), torch.Size([1650, 256]), torch.Size([1650, 16])
2025-09-17 19:32:09.963 DEBUG: Calling SymmetricTensorContraction: [u,u,u sizes=4096,12544,2304 num_segments=16,49,9 num_paths=9 u=256, u,u,u,u sizes=4096,4096,12544,2304 num_segments=16,16,49,9 num_paths=125 u=256, u,u,u,u,u sizes=4096,4096,4096,12544,2304 num_segments=16,16,16,49,9 num_paths=1093 u=256], input shapes: torch.Size([7, 49, 256]), torch.Size([132]), torch.Size([132, 16, 256])
2025-09-17 19:32:09.967 DEBUG: Calling TensorProductUniform4x1d: u,u,,u sizes=4352,2304,16,18176 num_segments=17,9,16,71 num_paths=215 u=256, input shapes: torch.Size([1650, 4352]), torch.Size([1650, 2304]), torch.Size([1650, 16])
2025-09-17 19:32:09.971 DEBUG: Calling SymmetricTensorContraction: [u,u,u sizes=4096,3328,256 num_segments=16,13,1 num_paths=1 u=256, u,u,u,u sizes=4096,4096,3328,256 num_segments=16,16,13,1 num_paths=16 u=256, u,u,u,u,u sizes=4096,4096,4096,3328,256 num_segments=16,16,16,13,1 num_paths=77 u=256], input shapes: torch.Size([7, 13, 256]), torch.Size([132]), torch.Size([132, 16, 256])
2025-09-17 19:32:10.027 DEBUG: Calling TensorProductUniform4x1d: u,u,,u sizes=1024,256,16,4096 num_segments=4,1,16,16 num_paths=16 u=256, input shapes: torch.Size([1466, 1024]), torch.Size([1466, 256]), torch.Size([1466, 16])
2025-09-17 19:32:10.033 DEBUG: Calling SymmetricTensorContraction: [u,u,u sizes=4096,12544,2304 num_segments=16,49,9 num_paths=9 u=256, u,u,u,u sizes=4096,4096,12544,2304 num_segments=16,16,49,9 num_paths=125 u=256, u,u,u,u,u sizes=4096,4096,4096,12544,2304 num_segments=16,16,16,49,9 num_paths=1093 u=256], input shapes: torch.Size([7, 49, 256]), torch.Size([124]), torch.Size([124, 16, 256])
2025-09-17 19:32:10.038 DEBUG: Calling TensorProductUniform4x1d: u,u,,u sizes=4352,2304,16,18176 num_segments=17,9,16,71 num_paths=215 u=256, input shapes: torch.Size([1466, 4352]), torch.Size([1466, 2304]), torch.Size([1466, 16])
2025-09-17 19:32:10.042 DEBUG: Calling SymmetricTensorContraction: [u,u,u sizes=4096,3328,256 num_segments=16,13,1 num_paths=1 u=256, u,u,u,u sizes=4096,4096,3328,256 num_segments=16,16,13,1 num_paths=16 u=256, u,u,u,u,u sizes=4096,4096,4096,3328,256 num_segments=16,16,16,13,1 num_paths=77 u=256], input shapes: torch.Size([7, 13, 256]), torch.Size([124]), torch.Size([124, 16, 256])
2025-09-17 19:32:10.090 DEBUG: Calling TensorProductUniform4x1d: u,u,,u sizes=1024,256,16,4096 num_segments=4,1,16,16 num_paths=16 u=256, input shapes: torch.Size([1466, 1024]), torch.Size([1466, 256]), torch.Size([1466, 16])
2025-09-17 19:32:10.096 DEBUG: Calling SymmetricTensorContraction: [u,u,u sizes=4096,12544,2304 num_segments=16,49,9 num_paths=9 u=256, u,u,u,u sizes=4096,4096,12544,2304 num_segments=16,16,49,9 num_paths=125 u=256, u,u,u,u,u sizes=4096,4096,4096,12544,2304 num_segments=16,16,16,49,9 num_paths=1093 u=256], input shapes: torch.Size([7, 49, 256]), torch.Size([121]), torch.Size([121, 16, 256])
2025-09-17 19:32:10.100 DEBUG: Calling TensorProductUniform4x1d: u,u,,u sizes=4352,2304,16,18176 num_segments=17,9,16,71 num_paths=215 u=256, input shapes: torch.Size([1466, 4352]), torch.Size([1466, 2304]), torch.Size([1466, 16])
2025-09-17 19:32:10.105 DEBUG: Calling SymmetricTensorContraction: [u,u,u sizes=4096,3328,256 num_segments=16,13,1 num_paths=1 u=256, u,u,u,u sizes=4096,4096,3328,256 num_segments=16,16,13,1 num_paths=16 u=256, u,u,u,u,u sizes=4096,4096,4096,3328,256 num_segments=16,16,16,13,1 num_paths=77 u=256], input shapes: torch.Size([7, 13, 256]), torch.Size([121]), torch.Size([121, 16, 256])
2025-09-17 19:32:10.172 DEBUG: Calling TensorProductUniform4x1d: u,u,,u sizes=1024,256,16,4096 num_segments=4,1,16,16 num_paths=16 u=256, input shapes: torch.Size([1246, 1024]), torch.Size([1246, 256]), torch.Size([1246, 16])
2025-09-17 19:32:10.178 DEBUG: Calling SymmetricTensorContraction: [u,u,u sizes=4096,12544,2304 num_segments=16,49,9 num_paths=9 u=256, u,u,u,u sizes=4096,4096,12544,2304 num_segments=16,16,49,9 num_paths=125 u=256, u,u,u,u,u sizes=4096,4096,4096,12544,2304 num_segments=16,16,16,49,9 num_paths=1093 u=256], input shapes: torch.Size([7, 49, 256]), torch.Size([115]), torch.Size([115, 16, 256])
2025-09-17 19:32:10.182 DEBUG: Calling TensorProductUniform4x1d: u,u,,u sizes=4352,2304,16,18176 num_segments=17,9,16,71 num_paths=215 u=256, input shapes: torch.Size([1246, 4352]), torch.Size([1246, 2304]), torch.Size([1246, 16])
2025-09-17 19:32:10.186 DEBUG: Calling SymmetricTensorContraction: [u,u,u sizes=4096,3328,256 num_segments=16,13,1 num_paths=1 u=256, u,u,u,u sizes=4096,4096,3328,256 num_segments=16,16,13,1 num_paths=16 u=256, u,u,u,u,u sizes=4096,4096,4096,3328,256 num_segments=16,16,16,13,1 num_paths=77 u=256], input shapes: torch.Size([7, 13, 256]), torch.Size([115]), torch.Size([115, 16, 256])
2025-09-17 19:32:10.233 DEBUG: Calling TensorProductUniform4x1d: u,u,,u sizes=1024,256,16,4096 num_segments=4,1,16,16 num_paths=16 u=256, input shapes: torch.Size([1618, 1024]), torch.Size([1618, 256]), torch.Size([1618, 16])
2025-09-17 19:32:10.239 DEBUG: Calling SymmetricTensorContraction: [u,u,u sizes=4096,12544,2304 num_segments=16,49,9 num_paths=9 u=256, u,u,u,u sizes=4096,4096,12544,2304 num_segments=16,16,49,9 num_paths=125 u=256, u,u,u,u,u sizes=4096,4096,4096,12544,2304 num_segments=16,16,16,49,9 num_paths=1093 u=256], input shapes: torch.Size([7, 49, 256]), torch.Size([130]), torch.Size([130, 16, 256])
2025-09-17 19:32:10.243 DEBUG: Calling TensorProductUniform4x1d: u,u,,u sizes=4352,2304,16,18176 num_segments=17,9,16,71 num_paths=215 u=256, input shapes: torch.Size([1618, 4352]), torch.Size([1618, 2304]), torch.Size([1618, 16])
2025-09-17 19:32:10.248 DEBUG: Calling SymmetricTensorContraction: [u,u,u sizes=4096,3328,256 num_segments=16,13,1 num_paths=1 u=256, u,u,u,u sizes=4096,4096,3328,256 num_segments=16,16,13,1 num_paths=16 u=256, u,u,u,u,u sizes=4096,4096,4096,3328,256 num_segments=16,16,16,13,1 num_paths=77 u=256], input shapes: torch.Size([7, 13, 256]), torch.Size([130]), torch.Size([130, 16, 256])
2025-09-17 19:32:10.299 DEBUG: Calling TensorProductUniform4x1d: u,u,,u sizes=1024,256,16,4096 num_segments=4,1,16,16 num_paths=16 u=256, input shapes: torch.Size([1390, 1024]), torch.Size([1390, 256]), torch.Size([1390, 16])
2025-09-17 19:32:10.305 DEBUG: Calling SymmetricTensorContraction: [u,u,u sizes=4096,12544,2304 num_segments=16,49,9 num_paths=9 u=256, u,u,u,u sizes=4096,4096,12544,2304 num_segments=16,16,49,9 num_paths=125 u=256, u,u,u,u,u sizes=4096,4096,4096,12544,2304 num_segments=16,16,16,49,9 num_paths=1093 u=256], input shapes: torch.Size([7, 49, 256]), torch.Size([121]), torch.Size([121, 16, 256])
2025-09-17 19:32:10.309 DEBUG: Calling TensorProductUniform4x1d: u,u,,u sizes=4352,2304,16,18176 num_segments=17,9,16,71 num_paths=215 u=256, input shapes: torch.Size([1390, 4352]), torch.Size([1390, 2304]), torch.Size([1390, 16])
2025-09-17 19:32:10.313 DEBUG: Calling SymmetricTensorContraction: [u,u,u sizes=4096,3328,256 num_segments=16,13,1 num_paths=1 u=256, u,u,u,u sizes=4096,4096,3328,256 num_segments=16,16,13,1 num_paths=16 u=256, u,u,u,u,u sizes=4096,4096,4096,3328,256 num_segments=16,16,16,13,1 num_paths=77 u=256], input shapes: torch.Size([7, 13, 256]), torch.Size([121]), torch.Size([121, 16, 256])
2025-09-17 19:32:10.363 DEBUG: Calling TensorProductUniform4x1d: u,u,,u sizes=1024,256,16,4096 num_segments=4,1,16,16 num_paths=16 u=256, input shapes: torch.Size([1914, 1024]), torch.Size([1914, 256]), torch.Size([1914, 16])
2025-09-17 19:32:10.369 DEBUG: Calling SymmetricTensorContraction: [u,u,u sizes=4096,12544,2304 num_segments=16,49,9 num_paths=9 u=256, u,u,u,u sizes=4096,4096,12544,2304 num_segments=16,16,49,9 num_paths=125 u=256, u,u,u,u,u sizes=4096,4096,4096,12544,2304 num_segments=16,16,16,49,9 num_paths=1093 u=256], input shapes: torch.Size([7, 49, 256]), torch.Size([142]), torch.Size([142, 16, 256])
2025-09-17 19:32:10.373 DEBUG: Calling TensorProductUniform4x1d: u,u,,u sizes=4352,2304,16,18176 num_segments=17,9,16,71 num_paths=215 u=256, input shapes: torch.Size([1914, 4352]), torch.Size([1914, 2304]), torch.Size([1914, 16])
2025-09-17 19:32:10.378 DEBUG: Calling SymmetricTensorContraction: [u,u,u sizes=4096,3328,256 num_segments=16,13,1 num_paths=1 u=256, u,u,u,u sizes=4096,4096,3328,256 num_segments=16,16,13,1 num_paths=16 u=256, u,u,u,u,u sizes=4096,4096,4096,3328,256 num_segments=16,16,16,13,1 num_paths=77 u=256], input shapes: torch.Size([7, 13, 256]), torch.Size([142]), torch.Size([142, 16, 256])
2025-09-17 19:32:10.429 DEBUG: Calling TensorProductUniform4x1d: u,u,,u sizes=1024,256,16,4096 num_segments=4,1,16,16 num_paths=16 u=256, input shapes: torch.Size([1516, 1024]), torch.Size([1516, 256]), torch.Size([1516, 16])
2025-09-17 19:32:10.435 DEBUG: Calling SymmetricTensorContraction: [u,u,u sizes=4096,12544,2304 num_segments=16,49,9 num_paths=9 u=256, u,u,u,u sizes=4096,4096,12544,2304 num_segments=16,16,49,9 num_paths=125 u=256, u,u,u,u,u sizes=4096,4096,4096,12544,2304 num_segments=16,16,16,49,9 num_paths=1093 u=256], input shapes: torch.Size([7, 49, 256]), torch.Size([128]), torch.Size([128, 16, 256])
2025-09-17 19:32:10.439 DEBUG: Calling TensorProductUniform4x1d: u,u,,u sizes=4352,2304,16,18176 num_segments=17,9,16,71 num_paths=215 u=256, input shapes: torch.Size([1516, 4352]), torch.Size([1516, 2304]), torch.Size([1516, 16])
2025-09-17 19:32:10.443 DEBUG: Calling SymmetricTensorContraction: [u,u,u sizes=4096,3328,256 num_segments=16,13,1 num_paths=1 u=256, u,u,u,u sizes=4096,4096,3328,256 num_segments=16,16,13,1 num_paths=16 u=256, u,u,u,u,u sizes=4096,4096,4096,3328,256 num_segments=16,16,16,13,1 num_paths=77 u=256], input shapes: torch.Size([7, 13, 256]), torch.Size([128]), torch.Size([128, 16, 256])
2025-09-17 19:32:10.491 DEBUG: Calling TensorProductUniform4x1d: u,u,,u sizes=1024,256,16,4096 num_segments=4,1,16,16 num_paths=16 u=256, input shapes: torch.Size([1498, 1024]), torch.Size([1498, 256]), torch.Size([1498, 16])
2025-09-17 19:32:10.497 DEBUG: Calling SymmetricTensorContraction: [u,u,u sizes=4096,12544,2304 num_segments=16,49,9 num_paths=9 u=256, u,u,u,u sizes=4096,4096,12544,2304 num_segments=16,16,49,9 num_paths=125 u=256, u,u,u,u,u sizes=4096,4096,4096,12544,2304 num_segments=16,16,16,49,9 num_paths=1093 u=256], input shapes: torch.Size([7, 49, 256]), torch.Size([126]), torch.Size([126, 16, 256])
2025-09-17 19:32:10.500 DEBUG: Calling TensorProductUniform4x1d: u,u,,u sizes=4352,2304,16,18176 num_segments=17,9,16,71 num_paths=215 u=256, input shapes: torch.Size([1498, 4352]), torch.Size([1498, 2304]), torch.Size([1498, 16])
2025-09-17 19:32:10.504 DEBUG: Calling SymmetricTensorContraction: [u,u,u sizes=4096,3328,256 num_segments=16,13,1 num_paths=1 u=256, u,u,u,u sizes=4096,4096,3328,256 num_segments=16,16,13,1 num_paths=16 u=256, u,u,u,u,u sizes=4096,4096,4096,3328,256 num_segments=16,16,16,13,1 num_paths=77 u=256], input shapes: torch.Size([7, 13, 256]), torch.Size([126]), torch.Size([126, 16, 256])
2025-09-17 19:32:10.554 DEBUG: Calling TensorProductUniform4x1d: u,u,,u sizes=1024,256,16,4096 num_segments=4,1,16,16 num_paths=16 u=256, input shapes: torch.Size([1778, 1024]), torch.Size([1778, 256]), torch.Size([1778, 16])
2025-09-17 19:32:10.560 DEBUG: Calling SymmetricTensorContraction: [u,u,u sizes=4096,12544,2304 num_segments=16,49,9 num_paths=9 u=256, u,u,u,u sizes=4096,4096,12544,2304 num_segments=16,16,49,9 num_paths=125 u=256, u,u,u,u,u sizes=4096,4096,4096,12544,2304 num_segments=16,16,16,49,9 num_paths=1093 u=256], input shapes: torch.Size([7, 49, 256]), torch.Size([137]), torch.Size([137, 16, 256])
2025-09-17 19:32:10.564 DEBUG: Calling TensorProductUniform4x1d: u,u,,u sizes=4352,2304,16,18176 num_segments=17,9,16,71 num_paths=215 u=256, input shapes: torch.Size([1778, 4352]), torch.Size([1778, 2304]), torch.Size([1778, 16])
2025-09-17 19:32:10.568 DEBUG: Calling SymmetricTensorContraction: [u,u,u sizes=4096,3328,256 num_segments=16,13,1 num_paths=1 u=256, u,u,u,u sizes=4096,4096,3328,256 num_segments=16,16,13,1 num_paths=16 u=256, u,u,u,u,u sizes=4096,4096,4096,3328,256 num_segments=16,16,16,13,1 num_paths=77 u=256], input shapes: torch.Size([7, 13, 256]), torch.Size([137]), torch.Size([137, 16, 256])
2025-09-17 19:32:10.620 DEBUG: Calling TensorProductUniform4x1d: u,u,,u sizes=1024,256,16,4096 num_segments=4,1,16,16 num_paths=16 u=256, input shapes: torch.Size([1370, 1024]), torch.Size([1370, 256]), torch.Size([1370, 16])
2025-09-17 19:32:10.626 DEBUG: Calling SymmetricTensorContraction: [u,u,u sizes=4096,12544,2304 num_segments=16,49,9 num_paths=9 u=256, u,u,u,u sizes=4096,4096,12544,2304 num_segments=16,16,49,9 num_paths=125 u=256, u,u,u,u,u sizes=4096,4096,4096,12544,2304 num_segments=16,16,16,49,9 num_paths=1093 u=256], input shapes: torch.Size([7, 49, 256]), torch.Size([121]), torch.Size([121, 16, 256])
2025-09-17 19:32:10.631 DEBUG: Calling TensorProductUniform4x1d: u,u,,u sizes=4352,2304,16,18176 num_segments=17,9,16,71 num_paths=215 u=256, input shapes: torch.Size([1370, 4352]), torch.Size([1370, 2304]), torch.Size([1370, 16])
2025-09-17 19:32:10.635 DEBUG: Calling SymmetricTensorContraction: [u,u,u sizes=4096,3328,256 num_segments=16,13,1 num_paths=1 u=256, u,u,u,u sizes=4096,4096,3328,256 num_segments=16,16,13,1 num_paths=16 u=256, u,u,u,u,u sizes=4096,4096,4096,3328,256 num_segments=16,16,16,13,1 num_paths=77 u=256], input shapes: torch.Size([7, 13, 256]), torch.Size([121]), torch.Size([121, 16, 256])
2025-09-17 19:32:10.686 DEBUG: Calling TensorProductUniform4x1d: u,u,,u sizes=1024,256,16,4096 num_segments=4,1,16,16 num_paths=16 u=256, input shapes: torch.Size([1678, 1024]), torch.Size([1678, 256]), torch.Size([1678, 16])
2025-09-17 19:32:10.692 DEBUG: Calling SymmetricTensorContraction: [u,u,u sizes=4096,12544,2304 num_segments=16,49,9 num_paths=9 u=256, u,u,u,u sizes=4096,4096,12544,2304 num_segments=16,16,49,9 num_paths=125 u=256, u,u,u,u,u sizes=4096,4096,4096,12544,2304 num_segments=16,16,16,49,9 num_paths=1093 u=256], input shapes: torch.Size([7, 49, 256]), torch.Size([134]), torch.Size([134, 16, 256])
2025-09-17 19:32:10.696 DEBUG: Calling TensorProductUniform4x1d: u,u,,u sizes=4352,2304,16,18176 num_segments=17,9,16,71 num_paths=215 u=256, input shapes: torch.Size([1678, 4352]), torch.Size([1678, 2304]), torch.Size([1678, 16])
2025-09-17 19:32:10.700 DEBUG: Calling SymmetricTensorContraction: [u,u,u sizes=4096,3328,256 num_segments=16,13,1 num_paths=1 u=256, u,u,u,u sizes=4096,4096,3328,256 num_segments=16,16,13,1 num_paths=16 u=256, u,u,u,u,u sizes=4096,4096,4096,3328,256 num_segments=16,16,16,13,1 num_paths=77 u=256], input shapes: torch.Size([7, 13, 256]), torch.Size([134]), torch.Size([134, 16, 256])
2025-09-17 19:32:10.752 DEBUG: Calling TensorProductUniform4x1d: u,u,,u sizes=1024,256,16,4096 num_segments=4,1,16,16 num_paths=16 u=256, input shapes: torch.Size([1392, 1024]), torch.Size([1392, 256]), torch.Size([1392, 16])
2025-09-17 19:32:10.759 DEBUG: Calling SymmetricTensorContraction: [u,u,u sizes=4096,12544,2304 num_segments=16,49,9 num_paths=9 u=256, u,u,u,u sizes=4096,4096,12544,2304 num_segments=16,16,49,9 num_paths=125 u=256, u,u,u,u,u sizes=4096,4096,4096,12544,2304 num_segments=16,16,16,49,9 num_paths=1093 u=256], input shapes: torch.Size([7, 49, 256]), torch.Size([121]), torch.Size([121, 16, 256])
2025-09-17 19:32:10.764 DEBUG: Calling TensorProductUniform4x1d: u,u,,u sizes=4352,2304,16,18176 num_segments=17,9,16,71 num_paths=215 u=256, input shapes: torch.Size([1392, 4352]), torch.Size([1392, 2304]), torch.Size([1392, 16])
2025-09-17 19:32:10.769 DEBUG: Calling SymmetricTensorContraction: [u,u,u sizes=4096,3328,256 num_segments=16,13,1 num_paths=1 u=256, u,u,u,u sizes=4096,4096,3328,256 num_segments=16,16,13,1 num_paths=16 u=256, u,u,u,u,u sizes=4096,4096,4096,3328,256 num_segments=16,16,16,13,1 num_paths=77 u=256], input shapes: torch.Size([7, 13, 256]), torch.Size([121]), torch.Size([121, 16, 256])
2025-09-17 19:32:10.817 DEBUG: Calling TensorProductUniform4x1d: u,u,,u sizes=1024,256,16,4096 num_segments=4,1,16,16 num_paths=16 u=256, input shapes: torch.Size([1838, 1024]), torch.Size([1838, 256]), torch.Size([1838, 16])
2025-09-17 19:32:10.823 DEBUG: Calling SymmetricTensorContraction: [u,u,u sizes=4096,12544,2304 num_segments=16,49,9 num_paths=9 u=256, u,u,u,u sizes=4096,4096,12544,2304 num_segments=16,16,49,9 num_paths=125 u=256, u,u,u,u,u sizes=4096,4096,4096,12544,2304 num_segments=16,16,16,49,9 num_paths=1093 u=256], input shapes: torch.Size([7, 49, 256]), torch.Size([140]), torch.Size([140, 16, 256])
2025-09-17 19:32:10.827 DEBUG: Calling TensorProductUniform4x1d: u,u,,u sizes=4352,2304,16,18176 num_segments=17,9,16,71 num_paths=215 u=256, input shapes: torch.Size([1838, 4352]), torch.Size([1838, 2304]), torch.Size([1838, 16])
2025-09-17 19:32:10.832 DEBUG: Calling SymmetricTensorContraction: [u,u,u sizes=4096,3328,256 num_segments=16,13,1 num_paths=1 u=256, u,u,u,u sizes=4096,4096,3328,256 num_segments=16,16,13,1 num_paths=16 u=256, u,u,u,u,u sizes=4096,4096,4096,3328,256 num_segments=16,16,16,13,1 num_paths=77 u=256], input shapes: torch.Size([7, 13, 256]), torch.Size([140]), torch.Size([140, 16, 256])
2025-09-17 19:32:10.928 DEBUG: Calling TensorProductUniform4x1d: u,u,,u sizes=1024,256,16,4096 num_segments=4,1,16,16 num_paths=16 u=256, input shapes: torch.Size([1594, 1024]), torch.Size([1594, 256]), torch.Size([1594, 16])
2025-09-17 19:32:10.941 DEBUG: Calling SymmetricTensorContraction: [u,u,u sizes=4096,12544,2304 num_segments=16,49,9 num_paths=9 u=256, u,u,u,u sizes=4096,4096,12544,2304 num_segments=16,16,49,9 num_paths=125 u=256, u,u,u,u,u sizes=4096,4096,4096,12544,2304 num_segments=16,16,16,49,9 num_paths=1093 u=256], input shapes: torch.Size([7, 49, 256]), torch.Size([129]), torch.Size([129, 16, 256])
2025-09-17 19:32:10.946 DEBUG: Calling TensorProductUniform4x1d: u,u,,u sizes=4352,2304,16,18176 num_segments=17,9,16,71 num_paths=215 u=256, input shapes: torch.Size([1594, 4352]), torch.Size([1594, 2304]), torch.Size([1594, 16])
2025-09-17 19:32:10.951 DEBUG: Calling SymmetricTensorContraction: [u,u,u sizes=4096,3328,256 num_segments=16,13,1 num_paths=1 u=256, u,u,u,u sizes=4096,4096,3328,256 num_segments=16,16,13,1 num_paths=16 u=256, u,u,u,u,u sizes=4096,4096,4096,3328,256 num_segments=16,16,16,13,1 num_paths=77 u=256], input shapes: torch.Size([7, 13, 256]), torch.Size([129]), torch.Size([129, 16, 256])
2025-09-17 19:32:11.010 DEBUG: Calling TensorProductUniform4x1d: u,u,,u sizes=1024,256,16,4096 num_segments=4,1,16,16 num_paths=16 u=256, input shapes: torch.Size([1288, 1024]), torch.Size([1288, 256]), torch.Size([1288, 16])
2025-09-17 19:32:11.016 DEBUG: Calling SymmetricTensorContraction: [u,u,u sizes=4096,12544,2304 num_segments=16,49,9 num_paths=9 u=256, u,u,u,u sizes=4096,4096,12544,2304 num_segments=16,16,49,9 num_paths=125 u=256, u,u,u,u,u sizes=4096,4096,4096,12544,2304 num_segments=16,16,16,49,9 num_paths=1093 u=256], input shapes: torch.Size([7, 49, 256]), torch.Size([117]), torch.Size([117, 16, 256])
2025-09-17 19:32:11.020 DEBUG: Calling TensorProductUniform4x1d: u,u,,u sizes=4352,2304,16,18176 num_segments=17,9,16,71 num_paths=215 u=256, input shapes: torch.Size([1288, 4352]), torch.Size([1288, 2304]), torch.Size([1288, 16])
2025-09-17 19:32:11.024 DEBUG: Calling SymmetricTensorContraction: [u,u,u sizes=4096,3328,256 num_segments=16,13,1 num_paths=1 u=256, u,u,u,u sizes=4096,4096,3328,256 num_segments=16,16,13,1 num_paths=16 u=256, u,u,u,u,u sizes=4096,4096,4096,3328,256 num_segments=16,16,16,13,1 num_paths=77 u=256], input shapes: torch.Size([7, 13, 256]), torch.Size([117]), torch.Size([117, 16, 256])
2025-09-17 19:32:11.074 DEBUG: Calling TensorProductUniform4x1d: u,u,,u sizes=1024,256,16,4096 num_segments=4,1,16,16 num_paths=16 u=256, input shapes: torch.Size([1650, 1024]), torch.Size([1650, 256]), torch.Size([1650, 16])
2025-09-17 19:32:11.079 DEBUG: Calling SymmetricTensorContraction: [u,u,u sizes=4096,12544,2304 num_segments=16,49,9 num_paths=9 u=256, u,u,u,u sizes=4096,4096,12544,2304 num_segments=16,16,49,9 num_paths=125 u=256, u,u,u,u,u sizes=4096,4096,4096,12544,2304 num_segments=16,16,16,49,9 num_paths=1093 u=256], input shapes: torch.Size([7, 49, 256]), torch.Size([131]), torch.Size([131, 16, 256])
2025-09-17 19:32:11.084 DEBUG: Calling TensorProductUniform4x1d: u,u,,u sizes=4352,2304,16,18176 num_segments=17,9,16,71 num_paths=215 u=256, input shapes: torch.Size([1650, 4352]), torch.Size([1650, 2304]), torch.Size([1650, 16])
2025-09-17 19:32:11.088 DEBUG: Calling SymmetricTensorContraction: [u,u,u sizes=4096,3328,256 num_segments=16,13,1 num_paths=1 u=256, u,u,u,u sizes=4096,4096,3328,256 num_segments=16,16,13,1 num_paths=16 u=256, u,u,u,u,u sizes=4096,4096,4096,3328,256 num_segments=16,16,16,13,1 num_paths=77 u=256], input shapes: torch.Size([7, 13, 256]), torch.Size([131]), torch.Size([131, 16, 256])
2025-09-17 19:32:11.137 DEBUG: Calling TensorProductUniform4x1d: u,u,,u sizes=1024,256,16,4096 num_segments=4,1,16,16 num_paths=16 u=256, input shapes: torch.Size([1218, 1024]), torch.Size([1218, 256]), torch.Size([1218, 16])
2025-09-17 19:32:11.143 DEBUG: Calling SymmetricTensorContraction: [u,u,u sizes=4096,12544,2304 num_segments=16,49,9 num_paths=9 u=256, u,u,u,u sizes=4096,4096,12544,2304 num_segments=16,16,49,9 num_paths=125 u=256, u,u,u,u,u sizes=4096,4096,4096,12544,2304 num_segments=16,16,16,49,9 num_paths=1093 u=256], input shapes: torch.Size([7, 49, 256]), torch.Size([113]), torch.Size([113, 16, 256])
2025-09-17 19:32:11.147 DEBUG: Calling TensorProductUniform4x1d: u,u,,u sizes=4352,2304,16,18176 num_segments=17,9,16,71 num_paths=215 u=256, input shapes: torch.Size([1218, 4352]), torch.Size([1218, 2304]), torch.Size([1218, 16])
2025-09-17 19:32:11.152 DEBUG: Calling SymmetricTensorContraction: [u,u,u sizes=4096,3328,256 num_segments=16,13,1 num_paths=1 u=256, u,u,u,u sizes=4096,4096,3328,256 num_segments=16,16,13,1 num_paths=16 u=256, u,u,u,u,u sizes=4096,4096,4096,3328,256 num_segments=16,16,16,13,1 num_paths=77 u=256], input shapes: torch.Size([7, 13, 256]), torch.Size([113]), torch.Size([113, 16, 256])
2025-09-17 19:32:11.203 DEBUG: Calling TensorProductUniform4x1d: u,u,,u sizes=1024,256,16,4096 num_segments=4,1,16,16 num_paths=16 u=256, input shapes: torch.Size([1732, 1024]), torch.Size([1732, 256]), torch.Size([1732, 16])
2025-09-17 19:32:11.209 DEBUG: Calling SymmetricTensorContraction: [u,u,u sizes=4096,12544,2304 num_segments=16,49,9 num_paths=9 u=256, u,u,u,u sizes=4096,4096,12544,2304 num_segments=16,16,49,9 num_paths=125 u=256, u,u,u,u,u sizes=4096,4096,4096,12544,2304 num_segments=16,16,16,49,9 num_paths=1093 u=256], input shapes: torch.Size([7, 49, 256]), torch.Size([135]), torch.Size([135, 16, 256])
2025-09-17 19:32:11.213 DEBUG: Calling TensorProductUniform4x1d: u,u,,u sizes=4352,2304,16,18176 num_segments=17,9,16,71 num_paths=215 u=256, input shapes: torch.Size([1732, 4352]), torch.Size([1732, 2304]), torch.Size([1732, 16])
2025-09-17 19:32:11.217 DEBUG: Calling SymmetricTensorContraction: [u,u,u sizes=4096,3328,256 num_segments=16,13,1 num_paths=1 u=256, u,u,u,u sizes=4096,4096,3328,256 num_segments=16,16,13,1 num_paths=16 u=256, u,u,u,u,u sizes=4096,4096,4096,3328,256 num_segments=16,16,16,13,1 num_paths=77 u=256], input shapes: torch.Size([7, 13, 256]), torch.Size([135]), torch.Size([135, 16, 256])
2025-09-17 19:32:11.265 DEBUG: Calling TensorProductUniform4x1d: u,u,,u sizes=1024,256,16,4096 num_segments=4,1,16,16 num_paths=16 u=256, input shapes: torch.Size([1918, 1024]), torch.Size([1918, 256]), torch.Size([1918, 16])
2025-09-17 19:32:11.271 DEBUG: Calling SymmetricTensorContraction: [u,u,u sizes=4096,12544,2304 num_segments=16,49,9 num_paths=9 u=256, u,u,u,u sizes=4096,4096,12544,2304 num_segments=16,16,49,9 num_paths=125 u=256, u,u,u,u,u sizes=4096,4096,4096,12544,2304 num_segments=16,16,16,49,9 num_paths=1093 u=256], input shapes: torch.Size([7, 49, 256]), torch.Size([144]), torch.Size([144, 16, 256])
2025-09-17 19:32:11.276 DEBUG: Calling TensorProductUniform4x1d: u,u,,u sizes=4352,2304,16,18176 num_segments=17,9,16,71 num_paths=215 u=256, input shapes: torch.Size([1918, 4352]), torch.Size([1918, 2304]), torch.Size([1918, 16])
2025-09-17 19:32:11.281 DEBUG: Calling SymmetricTensorContraction: [u,u,u sizes=4096,3328,256 num_segments=16,13,1 num_paths=1 u=256, u,u,u,u sizes=4096,4096,3328,256 num_segments=16,16,13,1 num_paths=16 u=256, u,u,u,u,u sizes=4096,4096,4096,3328,256 num_segments=16,16,16,13,1 num_paths=77 u=256], input shapes: torch.Size([7, 13, 256]), torch.Size([144]), torch.Size([144, 16, 256])
2025-09-17 19:32:11.334 DEBUG: Calling TensorProductUniform4x1d: u,u,,u sizes=1024,256,16,4096 num_segments=4,1,16,16 num_paths=16 u=256, input shapes: torch.Size([1586, 1024]), torch.Size([1586, 256]), torch.Size([1586, 16])
2025-09-17 19:32:11.340 DEBUG: Calling SymmetricTensorContraction: [u,u,u sizes=4096,12544,2304 num_segments=16,49,9 num_paths=9 u=256, u,u,u,u sizes=4096,4096,12544,2304 num_segments=16,16,49,9 num_paths=125 u=256, u,u,u,u,u sizes=4096,4096,4096,12544,2304 num_segments=16,16,16,49,9 num_paths=1093 u=256], input shapes: torch.Size([7, 49, 256]), torch.Size([130]), torch.Size([130, 16, 256])
2025-09-17 19:32:11.344 DEBUG: Calling TensorProductUniform4x1d: u,u,,u sizes=4352,2304,16,18176 num_segments=17,9,16,71 num_paths=215 u=256, input shapes: torch.Size([1586, 4352]), torch.Size([1586, 2304]), torch.Size([1586, 16])
2025-09-17 19:32:11.348 DEBUG: Calling SymmetricTensorContraction: [u,u,u sizes=4096,3328,256 num_segments=16,13,1 num_paths=1 u=256, u,u,u,u sizes=4096,4096,3328,256 num_segments=16,16,13,1 num_paths=16 u=256, u,u,u,u,u sizes=4096,4096,4096,3328,256 num_segments=16,16,16,13,1 num_paths=77 u=256], input shapes: torch.Size([7, 13, 256]), torch.Size([130]), torch.Size([130, 16, 256])
2025-09-17 19:32:11.396 DEBUG: Calling TensorProductUniform4x1d: u,u,,u sizes=1024,256,16,4096 num_segments=4,1,16,16 num_paths=16 u=256, input shapes: torch.Size([1354, 1024]), torch.Size([1354, 256]), torch.Size([1354, 16])
2025-09-17 19:32:11.403 DEBUG: Calling SymmetricTensorContraction: [u,u,u sizes=4096,12544,2304 num_segments=16,49,9 num_paths=9 u=256, u,u,u,u sizes=4096,4096,12544,2304 num_segments=16,16,49,9 num_paths=125 u=256, u,u,u,u,u sizes=4096,4096,4096,12544,2304 num_segments=16,16,16,49,9 num_paths=1093 u=256], input shapes: torch.Size([7, 49, 256]), torch.Size([119]), torch.Size([119, 16, 256])
2025-09-17 19:32:11.406 DEBUG: Calling TensorProductUniform4x1d: u,u,,u sizes=4352,2304,16,18176 num_segments=17,9,16,71 num_paths=215 u=256, input shapes: torch.Size([1354, 4352]), torch.Size([1354, 2304]), torch.Size([1354, 16])
2025-09-17 19:32:11.410 DEBUG: Calling SymmetricTensorContraction: [u,u,u sizes=4096,3328,256 num_segments=16,13,1 num_paths=1 u=256, u,u,u,u sizes=4096,4096,3328,256 num_segments=16,16,13,1 num_paths=16 u=256, u,u,u,u,u sizes=4096,4096,4096,3328,256 num_segments=16,16,16,13,1 num_paths=77 u=256], input shapes: torch.Size([7, 13, 256]), torch.Size([119]), torch.Size([119, 16, 256])
2025-09-17 19:32:11.459 DEBUG: Calling TensorProductUniform4x1d: u,u,,u sizes=1024,256,16,4096 num_segments=4,1,16,16 num_paths=16 u=256, input shapes: torch.Size([1304, 1024]), torch.Size([1304, 256]), torch.Size([1304, 16])
2025-09-17 19:32:11.465 DEBUG: Calling SymmetricTensorContraction: [u,u,u sizes=4096,12544,2304 num_segments=16,49,9 num_paths=9 u=256, u,u,u,u sizes=4096,4096,12544,2304 num_segments=16,16,49,9 num_paths=125 u=256, u,u,u,u,u sizes=4096,4096,4096,12544,2304 num_segments=16,16,16,49,9 num_paths=1093 u=256], input shapes: torch.Size([7, 49, 256]), torch.Size([118]), torch.Size([118, 16, 256])
2025-09-17 19:32:11.469 DEBUG: Calling TensorProductUniform4x1d: u,u,,u sizes=4352,2304,16,18176 num_segments=17,9,16,71 num_paths=215 u=256, input shapes: torch.Size([1304, 4352]), torch.Size([1304, 2304]), torch.Size([1304, 16])
2025-09-17 19:32:11.473 DEBUG: Calling SymmetricTensorContraction: [u,u,u sizes=4096,3328,256 num_segments=16,13,1 num_paths=1 u=256, u,u,u,u sizes=4096,4096,3328,256 num_segments=16,16,13,1 num_paths=16 u=256, u,u,u,u,u sizes=4096,4096,4096,3328,256 num_segments=16,16,16,13,1 num_paths=77 u=256], input shapes: torch.Size([7, 13, 256]), torch.Size([118]), torch.Size([118, 16, 256])
2025-09-17 19:32:11.522 DEBUG: Calling TensorProductUniform4x1d: u,u,,u sizes=1024,256,16,4096 num_segments=4,1,16,16 num_paths=16 u=256, input shapes: torch.Size([1692, 1024]), torch.Size([1692, 256]), torch.Size([1692, 16])
2025-09-17 19:32:11.528 DEBUG: Calling SymmetricTensorContraction: [u,u,u sizes=4096,12544,2304 num_segments=16,49,9 num_paths=9 u=256, u,u,u,u sizes=4096,4096,12544,2304 num_segments=16,16,49,9 num_paths=125 u=256, u,u,u,u,u sizes=4096,4096,4096,12544,2304 num_segments=16,16,16,49,9 num_paths=1093 u=256], input shapes: torch.Size([7, 49, 256]), torch.Size([134]), torch.Size([134, 16, 256])
2025-09-17 19:32:11.532 DEBUG: Calling TensorProductUniform4x1d: u,u,,u sizes=4352,2304,16,18176 num_segments=17,9,16,71 num_paths=215 u=256, input shapes: torch.Size([1692, 4352]), torch.Size([1692, 2304]), torch.Size([1692, 16])
2025-09-17 19:32:11.536 DEBUG: Calling SymmetricTensorContraction: [u,u,u sizes=4096,3328,256 num_segments=16,13,1 num_paths=1 u=256, u,u,u,u sizes=4096,4096,3328,256 num_segments=16,16,13,1 num_paths=16 u=256, u,u,u,u,u sizes=4096,4096,4096,3328,256 num_segments=16,16,16,13,1 num_paths=77 u=256], input shapes: torch.Size([7, 13, 256]), torch.Size([134]), torch.Size([134, 16, 256])
2025-09-17 19:32:11.589 DEBUG: Calling TensorProductUniform4x1d: u,u,,u sizes=1024,256,16,4096 num_segments=4,1,16,16 num_paths=16 u=256, input shapes: torch.Size([1696, 1024]), torch.Size([1696, 256]), torch.Size([1696, 16])
2025-09-17 19:32:11.596 DEBUG: Calling SymmetricTensorContraction: [u,u,u sizes=4096,12544,2304 num_segments=16,49,9 num_paths=9 u=256, u,u,u,u sizes=4096,4096,12544,2304 num_segments=16,16,49,9 num_paths=125 u=256, u,u,u,u,u sizes=4096,4096,4096,12544,2304 num_segments=16,16,16,49,9 num_paths=1093 u=256], input shapes: torch.Size([7, 49, 256]), torch.Size([134]), torch.Size([134, 16, 256])
2025-09-17 19:32:11.600 DEBUG: Calling TensorProductUniform4x1d: u,u,,u sizes=4352,2304,16,18176 num_segments=17,9,16,71 num_paths=215 u=256, input shapes: torch.Size([1696, 4352]), torch.Size([1696, 2304]), torch.Size([1696, 16])
2025-09-17 19:32:11.605 DEBUG: Calling SymmetricTensorContraction: [u,u,u sizes=4096,3328,256 num_segments=16,13,1 num_paths=1 u=256, u,u,u,u sizes=4096,4096,3328,256 num_segments=16,16,13,1 num_paths=16 u=256, u,u,u,u,u sizes=4096,4096,4096,3328,256 num_segments=16,16,16,13,1 num_paths=77 u=256], input shapes: torch.Size([7, 13, 256]), torch.Size([134]), torch.Size([134, 16, 256])
2025-09-17 19:32:11.655 DEBUG: Calling TensorProductUniform4x1d: u,u,,u sizes=1024,256,16,4096 num_segments=4,1,16,16 num_paths=16 u=256, input shapes: torch.Size([1846, 1024]), torch.Size([1846, 256]), torch.Size([1846, 16])
2025-09-17 19:32:11.661 DEBUG: Calling SymmetricTensorContraction: [u,u,u sizes=4096,12544,2304 num_segments=16,49,9 num_paths=9 u=256, u,u,u,u sizes=4096,4096,12544,2304 num_segments=16,16,49,9 num_paths=125 u=256, u,u,u,u,u sizes=4096,4096,4096,12544,2304 num_segments=16,16,16,49,9 num_paths=1093 u=256], input shapes: torch.Size([7, 49, 256]), torch.Size([141]), torch.Size([141, 16, 256])
2025-09-17 19:32:11.665 DEBUG: Calling TensorProductUniform4x1d: u,u,,u sizes=4352,2304,16,18176 num_segments=17,9,16,71 num_paths=215 u=256, input shapes: torch.Size([1846, 4352]), torch.Size([1846, 2304]), torch.Size([1846, 16])
2025-09-17 19:32:11.670 DEBUG: Calling SymmetricTensorContraction: [u,u,u sizes=4096,3328,256 num_segments=16,13,1 num_paths=1 u=256, u,u,u,u sizes=4096,4096,3328,256 num_segments=16,16,13,1 num_paths=16 u=256, u,u,u,u,u sizes=4096,4096,4096,3328,256 num_segments=16,16,16,13,1 num_paths=77 u=256], input shapes: torch.Size([7, 13, 256]), torch.Size([141]), torch.Size([141, 16, 256])
2025-09-17 19:32:11.727 DEBUG: Calling TensorProductUniform4x1d: u,u,,u sizes=1024,256,16,4096 num_segments=4,1,16,16 num_paths=16 u=256, input shapes: torch.Size([1376, 1024]), torch.Size([1376, 256]), torch.Size([1376, 16])
2025-09-17 19:32:11.733 DEBUG: Calling SymmetricTensorContraction: [u,u,u sizes=4096,12544,2304 num_segments=16,49,9 num_paths=9 u=256, u,u,u,u sizes=4096,4096,12544,2304 num_segments=16,16,49,9 num_paths=125 u=256, u,u,u,u,u sizes=4096,4096,4096,12544,2304 num_segments=16,16,16,49,9 num_paths=1093 u=256], input shapes: torch.Size([7, 49, 256]), torch.Size([121]), torch.Size([121, 16, 256])
2025-09-17 19:32:11.736 DEBUG: Calling TensorProductUniform4x1d: u,u,,u sizes=4352,2304,16,18176 num_segments=17,9,16,71 num_paths=215 u=256, input shapes: torch.Size([1376, 4352]), torch.Size([1376, 2304]), torch.Size([1376, 16])
2025-09-17 19:32:11.740 DEBUG: Calling SymmetricTensorContraction: [u,u,u sizes=4096,3328,256 num_segments=16,13,1 num_paths=1 u=256, u,u,u,u sizes=4096,4096,3328,256 num_segments=16,16,13,1 num_paths=16 u=256, u,u,u,u,u sizes=4096,4096,4096,3328,256 num_segments=16,16,16,13,1 num_paths=77 u=256], input shapes: torch.Size([7, 13, 256]), torch.Size([121]), torch.Size([121, 16, 256])
2025-09-17 19:32:11.792 DEBUG: Calling TensorProductUniform4x1d: u,u,,u sizes=1024,256,16,4096 num_segments=4,1,16,16 num_paths=16 u=256, input shapes: torch.Size([1558, 1024]), torch.Size([1558, 256]), torch.Size([1558, 16])
2025-09-17 19:32:11.798 DEBUG: Calling SymmetricTensorContraction: [u,u,u sizes=4096,12544,2304 num_segments=16,49,9 num_paths=9 u=256, u,u,u,u sizes=4096,4096,12544,2304 num_segments=16,16,49,9 num_paths=125 u=256, u,u,u,u,u sizes=4096,4096,4096,12544,2304 num_segments=16,16,16,49,9 num_paths=1093 u=256], input shapes: torch.Size([7, 49, 256]), torch.Size([128]), torch.Size([128, 16, 256])
2025-09-17 19:32:11.802 DEBUG: Calling TensorProductUniform4x1d: u,u,,u sizes=4352,2304,16,18176 num_segments=17,9,16,71 num_paths=215 u=256, input shapes: torch.Size([1558, 4352]), torch.Size([1558, 2304]), torch.Size([1558, 16])
2025-09-17 19:32:11.806 DEBUG: Calling SymmetricTensorContraction: [u,u,u sizes=4096,3328,256 num_segments=16,13,1 num_paths=1 u=256, u,u,u,u sizes=4096,4096,3328,256 num_segments=16,16,13,1 num_paths=16 u=256, u,u,u,u,u sizes=4096,4096,4096,3328,256 num_segments=16,16,16,13,1 num_paths=77 u=256], input shapes: torch.Size([7, 13, 256]), torch.Size([128]), torch.Size([128, 16, 256])
2025-09-17 19:32:11.854 DEBUG: Calling TensorProductUniform4x1d: u,u,,u sizes=1024,256,16,4096 num_segments=4,1,16,16 num_paths=16 u=256, input shapes: torch.Size([1388, 1024]), torch.Size([1388, 256]), torch.Size([1388, 16])
2025-09-17 19:32:11.860 DEBUG: Calling SymmetricTensorContraction: [u,u,u sizes=4096,12544,2304 num_segments=16,49,9 num_paths=9 u=256, u,u,u,u sizes=4096,4096,12544,2304 num_segments=16,16,49,9 num_paths=125 u=256, u,u,u,u,u sizes=4096,4096,4096,12544,2304 num_segments=16,16,16,49,9 num_paths=1093 u=256], input shapes: torch.Size([7, 49, 256]), torch.Size([122]), torch.Size([122, 16, 256])
2025-09-17 19:32:11.865 DEBUG: Calling TensorProductUniform4x1d: u,u,,u sizes=4352,2304,16,18176 num_segments=17,9,16,71 num_paths=215 u=256, input shapes: torch.Size([1388, 4352]), torch.Size([1388, 2304]), torch.Size([1388, 16])
2025-09-17 19:32:11.869 DEBUG: Calling SymmetricTensorContraction: [u,u,u sizes=4096,3328,256 num_segments=16,13,1 num_paths=1 u=256, u,u,u,u sizes=4096,4096,3328,256 num_segments=16,16,13,1 num_paths=16 u=256, u,u,u,u,u sizes=4096,4096,4096,3328,256 num_segments=16,16,16,13,1 num_paths=77 u=256], input shapes: torch.Size([7, 13, 256]), torch.Size([122]), torch.Size([122, 16, 256])
2025-09-17 19:32:11.919 DEBUG: Calling TensorProductUniform4x1d: u,u,,u sizes=1024,256,16,4096 num_segments=4,1,16,16 num_paths=16 u=256, input shapes: torch.Size([1444, 1024]), torch.Size([1444, 256]), torch.Size([1444, 16])
2025-09-17 19:32:11.926 DEBUG: Calling SymmetricTensorContraction: [u,u,u sizes=4096,12544,2304 num_segments=16,49,9 num_paths=9 u=256, u,u,u,u sizes=4096,4096,12544,2304 num_segments=16,16,49,9 num_paths=125 u=256, u,u,u,u,u sizes=4096,4096,4096,12544,2304 num_segments=16,16,16,49,9 num_paths=1093 u=256], input shapes: torch.Size([7, 49, 256]), torch.Size([125]), torch.Size([125, 16, 256])
2025-09-17 19:32:11.930 DEBUG: Calling TensorProductUniform4x1d: u,u,,u sizes=4352,2304,16,18176 num_segments=17,9,16,71 num_paths=215 u=256, input shapes: torch.Size([1444, 4352]), torch.Size([1444, 2304]), torch.Size([1444, 16])
2025-09-17 19:32:11.934 DEBUG: Calling SymmetricTensorContraction: [u,u,u sizes=4096,3328,256 num_segments=16,13,1 num_paths=1 u=256, u,u,u,u sizes=4096,4096,3328,256 num_segments=16,16,13,1 num_paths=16 u=256, u,u,u,u,u sizes=4096,4096,4096,3328,256 num_segments=16,16,16,13,1 num_paths=77 u=256], input shapes: torch.Size([7, 13, 256]), torch.Size([125]), torch.Size([125, 16, 256])
2025-09-17 19:32:11.985 DEBUG: Calling TensorProductUniform4x1d: u,u,,u sizes=1024,256,16,4096 num_segments=4,1,16,16 num_paths=16 u=256, input shapes: torch.Size([1486, 1024]), torch.Size([1486, 256]), torch.Size([1486, 16])
2025-09-17 19:32:11.991 DEBUG: Calling SymmetricTensorContraction: [u,u,u sizes=4096,12544,2304 num_segments=16,49,9 num_paths=9 u=256, u,u,u,u sizes=4096,4096,12544,2304 num_segments=16,16,49,9 num_paths=125 u=256, u,u,u,u,u sizes=4096,4096,4096,12544,2304 num_segments=16,16,16,49,9 num_paths=1093 u=256], input shapes: torch.Size([7, 49, 256]), torch.Size([126]), torch.Size([126, 16, 256])
2025-09-17 19:32:11.995 DEBUG: Calling TensorProductUniform4x1d: u,u,,u sizes=4352,2304,16,18176 num_segments=17,9,16,71 num_paths=215 u=256, input shapes: torch.Size([1486, 4352]), torch.Size([1486, 2304]), torch.Size([1486, 16])
2025-09-17 19:32:11.999 DEBUG: Calling SymmetricTensorContraction: [u,u,u sizes=4096,3328,256 num_segments=16,13,1 num_paths=1 u=256, u,u,u,u sizes=4096,4096,3328,256 num_segments=16,16,13,1 num_paths=16 u=256, u,u,u,u,u sizes=4096,4096,4096,3328,256 num_segments=16,16,16,13,1 num_paths=77 u=256], input shapes: torch.Size([7, 13, 256]), torch.Size([126]), torch.Size([126, 16, 256])
2025-09-17 19:32:12.047 DEBUG: Calling TensorProductUniform4x1d: u,u,,u sizes=1024,256,16,4096 num_segments=4,1,16,16 num_paths=16 u=256, input shapes: torch.Size([1714, 1024]), torch.Size([1714, 256]), torch.Size([1714, 16])
2025-09-17 19:32:12.053 DEBUG: Calling SymmetricTensorContraction: [u,u,u sizes=4096,12544,2304 num_segments=16,49,9 num_paths=9 u=256, u,u,u,u sizes=4096,4096,12544,2304 num_segments=16,16,49,9 num_paths=125 u=256, u,u,u,u,u sizes=4096,4096,4096,12544,2304 num_segments=16,16,16,49,9 num_paths=1093 u=256], input shapes: torch.Size([7, 49, 256]), torch.Size([134]), torch.Size([134, 16, 256])
2025-09-17 19:32:12.057 DEBUG: Calling TensorProductUniform4x1d: u,u,,u sizes=4352,2304,16,18176 num_segments=17,9,16,71 num_paths=215 u=256, input shapes: torch.Size([1714, 4352]), torch.Size([1714, 2304]), torch.Size([1714, 16])
2025-09-17 19:32:12.061 DEBUG: Calling SymmetricTensorContraction: [u,u,u sizes=4096,3328,256 num_segments=16,13,1 num_paths=1 u=256, u,u,u,u sizes=4096,4096,3328,256 num_segments=16,16,13,1 num_paths=16 u=256, u,u,u,u,u sizes=4096,4096,4096,3328,256 num_segments=16,16,16,13,1 num_paths=77 u=256], input shapes: torch.Size([7, 13, 256]), torch.Size([134]), torch.Size([134, 16, 256])
2025-09-17 19:32:12.114 DEBUG: Calling TensorProductUniform4x1d: u,u,,u sizes=1024,256,16,4096 num_segments=4,1,16,16 num_paths=16 u=256, input shapes: torch.Size([1364, 1024]), torch.Size([1364, 256]), torch.Size([1364, 16])
2025-09-17 19:32:12.120 DEBUG: Calling SymmetricTensorContraction: [u,u,u sizes=4096,12544,2304 num_segments=16,49,9 num_paths=9 u=256, u,u,u,u sizes=4096,4096,12544,2304 num_segments=16,16,49,9 num_paths=125 u=256, u,u,u,u,u sizes=4096,4096,4096,12544,2304 num_segments=16,16,16,49,9 num_paths=1093 u=256], input shapes: torch.Size([7, 49, 256]), torch.Size([120]), torch.Size([120, 16, 256])
2025-09-17 19:32:12.124 DEBUG: Calling TensorProductUniform4x1d: u,u,,u sizes=4352,2304,16,18176 num_segments=17,9,16,71 num_paths=215 u=256, input shapes: torch.Size([1364, 4352]), torch.Size([1364, 2304]), torch.Size([1364, 16])
2025-09-17 19:32:12.128 DEBUG: Calling SymmetricTensorContraction: [u,u,u sizes=4096,3328,256 num_segments=16,13,1 num_paths=1 u=256, u,u,u,u sizes=4096,4096,3328,256 num_segments=16,16,13,1 num_paths=16 u=256, u,u,u,u,u sizes=4096,4096,4096,3328,256 num_segments=16,16,16,13,1 num_paths=77 u=256], input shapes: torch.Size([7, 13, 256]), torch.Size([120]), torch.Size([120, 16, 256])
2025-09-17 19:32:12.177 DEBUG: Calling TensorProductUniform4x1d: u,u,,u sizes=1024,256,16,4096 num_segments=4,1,16,16 num_paths=16 u=256, input shapes: torch.Size([1704, 1024]), torch.Size([1704, 256]), torch.Size([1704, 16])
2025-09-17 19:32:12.184 DEBUG: Calling SymmetricTensorContraction: [u,u,u sizes=4096,12544,2304 num_segments=16,49,9 num_paths=9 u=256, u,u,u,u sizes=4096,4096,12544,2304 num_segments=16,16,49,9 num_paths=125 u=256, u,u,u,u,u sizes=4096,4096,4096,12544,2304 num_segments=16,16,16,49,9 num_paths=1093 u=256], input shapes: torch.Size([7, 49, 256]), torch.Size([134]), torch.Size([134, 16, 256])
2025-09-17 19:32:12.188 DEBUG: Calling TensorProductUniform4x1d: u,u,,u sizes=4352,2304,16,18176 num_segments=17,9,16,71 num_paths=215 u=256, input shapes: torch.Size([1704, 4352]), torch.Size([1704, 2304]), torch.Size([1704, 16])
2025-09-17 19:32:12.193 DEBUG: Calling SymmetricTensorContraction: [u,u,u sizes=4096,3328,256 num_segments=16,13,1 num_paths=1 u=256, u,u,u,u sizes=4096,4096,3328,256 num_segments=16,16,13,1 num_paths=16 u=256, u,u,u,u,u sizes=4096,4096,4096,3328,256 num_segments=16,16,16,13,1 num_paths=77 u=256], input shapes: torch.Size([7, 13, 256]), torch.Size([134]), torch.Size([134, 16, 256])
2025-09-17 19:32:12.245 DEBUG: Calling TensorProductUniform4x1d: u,u,,u sizes=1024,256,16,4096 num_segments=4,1,16,16 num_paths=16 u=256, input shapes: torch.Size([1400, 1024]), torch.Size([1400, 256]), torch.Size([1400, 16])
2025-09-17 19:32:12.251 DEBUG: Calling SymmetricTensorContraction: [u,u,u sizes=4096,12544,2304 num_segments=16,49,9 num_paths=9 u=256, u,u,u,u sizes=4096,4096,12544,2304 num_segments=16,16,49,9 num_paths=125 u=256, u,u,u,u,u sizes=4096,4096,4096,12544,2304 num_segments=16,16,16,49,9 num_paths=1093 u=256], input shapes: torch.Size([7, 49, 256]), torch.Size([121]), torch.Size([121, 16, 256])
2025-09-17 19:32:12.255 DEBUG: Calling TensorProductUniform4x1d: u,u,,u sizes=4352,2304,16,18176 num_segments=17,9,16,71 num_paths=215 u=256, input shapes: torch.Size([1400, 4352]), torch.Size([1400, 2304]), torch.Size([1400, 16])
2025-09-17 19:32:12.259 DEBUG: Calling SymmetricTensorContraction: [u,u,u sizes=4096,3328,256 num_segments=16,13,1 num_paths=1 u=256, u,u,u,u sizes=4096,4096,3328,256 num_segments=16,16,13,1 num_paths=16 u=256, u,u,u,u,u sizes=4096,4096,4096,3328,256 num_segments=16,16,16,13,1 num_paths=77 u=256], input shapes: torch.Size([7, 13, 256]), torch.Size([121]), torch.Size([121, 16, 256])
2025-09-17 19:32:12.306 DEBUG: Calling TensorProductUniform4x1d: u,u,,u sizes=1024,256,16,4096 num_segments=4,1,16,16 num_paths=16 u=256, input shapes: torch.Size([1794, 1024]), torch.Size([1794, 256]), torch.Size([1794, 16])
2025-09-17 19:32:12.313 DEBUG: Calling SymmetricTensorContraction: [u,u,u sizes=4096,12544,2304 num_segments=16,49,9 num_paths=9 u=256, u,u,u,u sizes=4096,4096,12544,2304 num_segments=16,16,49,9 num_paths=125 u=256, u,u,u,u,u sizes=4096,4096,4096,12544,2304 num_segments=16,16,16,49,9 num_paths=1093 u=256], input shapes: torch.Size([7, 49, 256]), torch.Size([137]), torch.Size([137, 16, 256])
2025-09-17 19:32:12.318 DEBUG: Calling TensorProductUniform4x1d: u,u,,u sizes=4352,2304,16,18176 num_segments=17,9,16,71 num_paths=215 u=256, input shapes: torch.Size([1794, 4352]), torch.Size([1794, 2304]), torch.Size([1794, 16])
2025-09-17 19:32:12.323 DEBUG: Calling SymmetricTensorContraction: [u,u,u sizes=4096,3328,256 num_segments=16,13,1 num_paths=1 u=256, u,u,u,u sizes=4096,4096,3328,256 num_segments=16,16,13,1 num_paths=16 u=256, u,u,u,u,u sizes=4096,4096,4096,3328,256 num_segments=16,16,16,13,1 num_paths=77 u=256], input shapes: torch.Size([7, 13, 256]), torch.Size([137]), torch.Size([137, 16, 256])
2025-09-17 19:32:12.374 DEBUG: Calling TensorProductUniform4x1d: u,u,,u sizes=1024,256,16,4096 num_segments=4,1,16,16 num_paths=16 u=256, input shapes: torch.Size([1310, 1024]), torch.Size([1310, 256]), torch.Size([1310, 16])
2025-09-17 19:32:12.380 DEBUG: Calling SymmetricTensorContraction: [u,u,u sizes=4096,12544,2304 num_segments=16,49,9 num_paths=9 u=256, u,u,u,u sizes=4096,4096,12544,2304 num_segments=16,16,49,9 num_paths=125 u=256, u,u,u,u,u sizes=4096,4096,4096,12544,2304 num_segments=16,16,16,49,9 num_paths=1093 u=256], input shapes: torch.Size([7, 49, 256]), torch.Size([117]), torch.Size([117, 16, 256])
2025-09-17 19:32:12.383 DEBUG: Calling TensorProductUniform4x1d: u,u,,u sizes=4352,2304,16,18176 num_segments=17,9,16,71 num_paths=215 u=256, input shapes: torch.Size([1310, 4352]), torch.Size([1310, 2304]), torch.Size([1310, 16])
2025-09-17 19:32:12.387 DEBUG: Calling SymmetricTensorContraction: [u,u,u sizes=4096,3328,256 num_segments=16,13,1 num_paths=1 u=256, u,u,u,u sizes=4096,4096,3328,256 num_segments=16,16,13,1 num_paths=16 u=256, u,u,u,u,u sizes=4096,4096,4096,3328,256 num_segments=16,16,16,13,1 num_paths=77 u=256], input shapes: torch.Size([7, 13, 256]), torch.Size([117]), torch.Size([117, 16, 256])
2025-09-17 19:32:12.434 DEBUG: Calling TensorProductUniform4x1d: u,u,,u sizes=1024,256,16,4096 num_segments=4,1,16,16 num_paths=16 u=256, input shapes: torch.Size([1502, 1024]), torch.Size([1502, 256]), torch.Size([1502, 16])
2025-09-17 19:32:12.440 DEBUG: Calling SymmetricTensorContraction: [u,u,u sizes=4096,12544,2304 num_segments=16,49,9 num_paths=9 u=256, u,u,u,u sizes=4096,4096,12544,2304 num_segments=16,16,49,9 num_paths=125 u=256, u,u,u,u,u sizes=4096,4096,4096,12544,2304 num_segments=16,16,16,49,9 num_paths=1093 u=256], input shapes: torch.Size([7, 49, 256]), torch.Size([128]), torch.Size([128, 16, 256])
2025-09-17 19:32:12.444 DEBUG: Calling TensorProductUniform4x1d: u,u,,u sizes=4352,2304,16,18176 num_segments=17,9,16,71 num_paths=215 u=256, input shapes: torch.Size([1502, 4352]), torch.Size([1502, 2304]), torch.Size([1502, 16])
2025-09-17 19:32:12.448 DEBUG: Calling SymmetricTensorContraction: [u,u,u sizes=4096,3328,256 num_segments=16,13,1 num_paths=1 u=256, u,u,u,u sizes=4096,4096,3328,256 num_segments=16,16,13,1 num_paths=16 u=256, u,u,u,u,u sizes=4096,4096,4096,3328,256 num_segments=16,16,16,13,1 num_paths=77 u=256], input shapes: torch.Size([7, 13, 256]), torch.Size([128]), torch.Size([128, 16, 256])
2025-09-17 19:32:12.496 DEBUG: Calling TensorProductUniform4x1d: u,u,,u sizes=1024,256,16,4096 num_segments=4,1,16,16 num_paths=16 u=256, input shapes: torch.Size([1632, 1024]), torch.Size([1632, 256]), torch.Size([1632, 16])
2025-09-17 19:32:12.502 DEBUG: Calling SymmetricTensorContraction: [u,u,u sizes=4096,12544,2304 num_segments=16,49,9 num_paths=9 u=256, u,u,u,u sizes=4096,4096,12544,2304 num_segments=16,16,49,9 num_paths=125 u=256, u,u,u,u,u sizes=4096,4096,4096,12544,2304 num_segments=16,16,16,49,9 num_paths=1093 u=256], input shapes: torch.Size([7, 49, 256]), torch.Size([133]), torch.Size([133, 16, 256])
2025-09-17 19:32:12.506 DEBUG: Calling TensorProductUniform4x1d: u,u,,u sizes=4352,2304,16,18176 num_segments=17,9,16,71 num_paths=215 u=256, input shapes: torch.Size([1632, 4352]), torch.Size([1632, 2304]), torch.Size([1632, 16])
2025-09-17 19:32:12.510 DEBUG: Calling SymmetricTensorContraction: [u,u,u sizes=4096,3328,256 num_segments=16,13,1 num_paths=1 u=256, u,u,u,u sizes=4096,4096,3328,256 num_segments=16,16,13,1 num_paths=16 u=256, u,u,u,u,u sizes=4096,4096,4096,3328,256 num_segments=16,16,16,13,1 num_paths=77 u=256], input shapes: torch.Size([7, 13, 256]), torch.Size([133]), torch.Size([133, 16, 256])
2025-09-17 19:32:12.557 DEBUG: Calling TensorProductUniform4x1d: u,u,,u sizes=1024,256,16,4096 num_segments=4,1,16,16 num_paths=16 u=256, input shapes: torch.Size([1784, 1024]), torch.Size([1784, 256]), torch.Size([1784, 16])
2025-09-17 19:32:12.563 DEBUG: Calling SymmetricTensorContraction: [u,u,u sizes=4096,12544,2304 num_segments=16,49,9 num_paths=9 u=256, u,u,u,u sizes=4096,4096,12544,2304 num_segments=16,16,49,9 num_paths=125 u=256, u,u,u,u,u sizes=4096,4096,4096,12544,2304 num_segments=16,16,16,49,9 num_paths=1093 u=256], input shapes: torch.Size([7, 49, 256]), torch.Size([137]), torch.Size([137, 16, 256])
2025-09-17 19:32:12.568 DEBUG: Calling TensorProductUniform4x1d: u,u,,u sizes=4352,2304,16,18176 num_segments=17,9,16,71 num_paths=215 u=256, input shapes: torch.Size([1784, 4352]), torch.Size([1784, 2304]), torch.Size([1784, 16])
2025-09-17 19:32:12.572 DEBUG: Calling SymmetricTensorContraction: [u,u,u sizes=4096,3328,256 num_segments=16,13,1 num_paths=1 u=256, u,u,u,u sizes=4096,4096,3328,256 num_segments=16,16,13,1 num_paths=16 u=256, u,u,u,u,u sizes=4096,4096,4096,3328,256 num_segments=16,16,16,13,1 num_paths=77 u=256], input shapes: torch.Size([7, 13, 256]), torch.Size([137]), torch.Size([137, 16, 256])
2025-09-17 19:32:12.626 DEBUG: Calling TensorProductUniform4x1d: u,u,,u sizes=1024,256,16,4096 num_segments=4,1,16,16 num_paths=16 u=256, input shapes: torch.Size([1270, 1024]), torch.Size([1270, 256]), torch.Size([1270, 16])
2025-09-17 19:32:12.632 DEBUG: Calling SymmetricTensorContraction: [u,u,u sizes=4096,12544,2304 num_segments=16,49,9 num_paths=9 u=256, u,u,u,u sizes=4096,4096,12544,2304 num_segments=16,16,49,9 num_paths=125 u=256, u,u,u,u,u sizes=4096,4096,4096,12544,2304 num_segments=16,16,16,49,9 num_paths=1093 u=256], input shapes: torch.Size([7, 49, 256]), torch.Size([116]), torch.Size([116, 16, 256])
2025-09-17 19:32:12.635 DEBUG: Calling TensorProductUniform4x1d: u,u,,u sizes=4352,2304,16,18176 num_segments=17,9,16,71 num_paths=215 u=256, input shapes: torch.Size([1270, 4352]), torch.Size([1270, 2304]), torch.Size([1270, 16])
2025-09-17 19:32:12.639 DEBUG: Calling SymmetricTensorContraction: [u,u,u sizes=4096,3328,256 num_segments=16,13,1 num_paths=1 u=256, u,u,u,u sizes=4096,4096,3328,256 num_segments=16,16,13,1 num_paths=16 u=256, u,u,u,u,u sizes=4096,4096,4096,3328,256 num_segments=16,16,16,13,1 num_paths=77 u=256], input shapes: torch.Size([7, 13, 256]), torch.Size([116]), torch.Size([116, 16, 256])
2025-09-17 19:32:12.687 DEBUG: Calling TensorProductUniform4x1d: u,u,,u sizes=1024,256,16,4096 num_segments=4,1,16,16 num_paths=16 u=256, input shapes: torch.Size([1418, 1024]), torch.Size([1418, 256]), torch.Size([1418, 16])
2025-09-17 19:32:12.693 DEBUG: Calling SymmetricTensorContraction: [u,u,u sizes=4096,12544,2304 num_segments=16,49,9 num_paths=9 u=256, u,u,u,u sizes=4096,4096,12544,2304 num_segments=16,16,49,9 num_paths=125 u=256, u,u,u,u,u sizes=4096,4096,4096,12544,2304 num_segments=16,16,16,49,9 num_paths=1093 u=256], input shapes: torch.Size([7, 49, 256]), torch.Size([121]), torch.Size([121, 16, 256])
2025-09-17 19:32:12.697 DEBUG: Calling TensorProductUniform4x1d: u,u,,u sizes=4352,2304,16,18176 num_segments=17,9,16,71 num_paths=215 u=256, input shapes: torch.Size([1418, 4352]), torch.Size([1418, 2304]), torch.Size([1418, 16])
2025-09-17 19:32:12.701 DEBUG: Calling SymmetricTensorContraction: [u,u,u sizes=4096,3328,256 num_segments=16,13,1 num_paths=1 u=256, u,u,u,u sizes=4096,4096,3328,256 num_segments=16,16,13,1 num_paths=16 u=256, u,u,u,u,u sizes=4096,4096,4096,3328,256 num_segments=16,16,16,13,1 num_paths=77 u=256], input shapes: torch.Size([7, 13, 256]), torch.Size([121]), torch.Size([121, 16, 256])
2025-09-17 19:32:12.751 DEBUG: Calling TensorProductUniform4x1d: u,u,,u sizes=1024,256,16,4096 num_segments=4,1,16,16 num_paths=16 u=256, input shapes: torch.Size([1870, 1024]), torch.Size([1870, 256]), torch.Size([1870, 16])
2025-09-17 19:32:12.757 DEBUG: Calling SymmetricTensorContraction: [u,u,u sizes=4096,12544,2304 num_segments=16,49,9 num_paths=9 u=256, u,u,u,u sizes=4096,4096,12544,2304 num_segments=16,16,49,9 num_paths=125 u=256, u,u,u,u,u sizes=4096,4096,4096,12544,2304 num_segments=16,16,16,49,9 num_paths=1093 u=256], input shapes: torch.Size([7, 49, 256]), torch.Size([142]), torch.Size([142, 16, 256])
2025-09-17 19:32:12.761 DEBUG: Calling TensorProductUniform4x1d: u,u,,u sizes=4352,2304,16,18176 num_segments=17,9,16,71 num_paths=215 u=256, input shapes: torch.Size([1870, 4352]), torch.Size([1870, 2304]), torch.Size([1870, 16])
2025-09-17 19:32:12.766 DEBUG: Calling SymmetricTensorContraction: [u,u,u sizes=4096,3328,256 num_segments=16,13,1 num_paths=1 u=256, u,u,u,u sizes=4096,4096,3328,256 num_segments=16,16,13,1 num_paths=16 u=256, u,u,u,u,u sizes=4096,4096,4096,3328,256 num_segments=16,16,16,13,1 num_paths=77 u=256], input shapes: torch.Size([7, 13, 256]), torch.Size([142]), torch.Size([142, 16, 256])
2025-09-17 19:32:12.827 DEBUG: Calling TensorProductUniform4x1d: u,u,,u sizes=1024,256,16,4096 num_segments=4,1,16,16 num_paths=16 u=256, input shapes: torch.Size([1488, 1024]), torch.Size([1488, 256]), torch.Size([1488, 16])
2025-09-17 19:32:12.834 DEBUG: Calling SymmetricTensorContraction: [u,u,u sizes=4096,12544,2304 num_segments=16,49,9 num_paths=9 u=256, u,u,u,u sizes=4096,4096,12544,2304 num_segments=16,16,49,9 num_paths=125 u=256, u,u,u,u,u sizes=4096,4096,4096,12544,2304 num_segments=16,16,16,49,9 num_paths=1093 u=256], input shapes: torch.Size([7, 49, 256]), torch.Size([126]), torch.Size([126, 16, 256])
2025-09-17 19:32:12.846 DEBUG: Calling TensorProductUniform4x1d: u,u,,u sizes=4352,2304,16,18176 num_segments=17,9,16,71 num_paths=215 u=256, input shapes: torch.Size([1488, 4352]), torch.Size([1488, 2304]), torch.Size([1488, 16])
2025-09-17 19:32:12.850 DEBUG: Calling SymmetricTensorContraction: [u,u,u sizes=4096,3328,256 num_segments=16,13,1 num_paths=1 u=256, u,u,u,u sizes=4096,4096,3328,256 num_segments=16,16,13,1 num_paths=16 u=256, u,u,u,u,u sizes=4096,4096,4096,3328,256 num_segments=16,16,16,13,1 num_paths=77 u=256], input shapes: torch.Size([7, 13, 256]), torch.Size([126]), torch.Size([126, 16, 256])
2025-09-17 19:32:12.899 DEBUG: Calling TensorProductUniform4x1d: u,u,,u sizes=1024,256,16,4096 num_segments=4,1,16,16 num_paths=16 u=256, input shapes: torch.Size([1700, 1024]), torch.Size([1700, 256]), torch.Size([1700, 16])
2025-09-17 19:32:12.905 DEBUG: Calling SymmetricTensorContraction: [u,u,u sizes=4096,12544,2304 num_segments=16,49,9 num_paths=9 u=256, u,u,u,u sizes=4096,4096,12544,2304 num_segments=16,16,49,9 num_paths=125 u=256, u,u,u,u,u sizes=4096,4096,4096,12544,2304 num_segments=16,16,16,49,9 num_paths=1093 u=256], input shapes: torch.Size([7, 49, 256]), torch.Size([134]), torch.Size([134, 16, 256])
2025-09-17 19:32:12.909 DEBUG: Calling TensorProductUniform4x1d: u,u,,u sizes=4352,2304,16,18176 num_segments=17,9,16,71 num_paths=215 u=256, input shapes: torch.Size([1700, 4352]), torch.Size([1700, 2304]), torch.Size([1700, 16])
2025-09-17 19:32:12.913 DEBUG: Calling SymmetricTensorContraction: [u,u,u sizes=4096,3328,256 num_segments=16,13,1 num_paths=1 u=256, u,u,u,u sizes=4096,4096,3328,256 num_segments=16,16,13,1 num_paths=16 u=256, u,u,u,u,u sizes=4096,4096,4096,3328,256 num_segments=16,16,16,13,1 num_paths=77 u=256], input shapes: torch.Size([7, 13, 256]), torch.Size([134]), torch.Size([134, 16, 256])
2025-09-17 19:32:12.968 DEBUG: Calling TensorProductUniform4x1d: u,u,,u sizes=1024,256,16,4096 num_segments=4,1,16,16 num_paths=16 u=256, input shapes: torch.Size([1648, 1024]), torch.Size([1648, 256]), torch.Size([1648, 16])
2025-09-17 19:32:12.974 DEBUG: Calling SymmetricTensorContraction: [u,u,u sizes=4096,12544,2304 num_segments=16,49,9 num_paths=9 u=256, u,u,u,u sizes=4096,4096,12544,2304 num_segments=16,16,49,9 num_paths=125 u=256, u,u,u,u,u sizes=4096,4096,4096,12544,2304 num_segments=16,16,16,49,9 num_paths=1093 u=256], input shapes: torch.Size([7, 49, 256]), torch.Size([132]), torch.Size([132, 16, 256])
2025-09-17 19:32:12.978 DEBUG: Calling TensorProductUniform4x1d: u,u,,u sizes=4352,2304,16,18176 num_segments=17,9,16,71 num_paths=215 u=256, input shapes: torch.Size([1648, 4352]), torch.Size([1648, 2304]), torch.Size([1648, 16])
2025-09-17 19:32:12.982 DEBUG: Calling SymmetricTensorContraction: [u,u,u sizes=4096,3328,256 num_segments=16,13,1 num_paths=1 u=256, u,u,u,u sizes=4096,4096,3328,256 num_segments=16,16,13,1 num_paths=16 u=256, u,u,u,u,u sizes=4096,4096,4096,3328,256 num_segments=16,16,16,13,1 num_paths=77 u=256], input shapes: torch.Size([7, 13, 256]), torch.Size([132]), torch.Size([132, 16, 256])
2025-09-17 19:32:13.033 DEBUG: Calling TensorProductUniform4x1d: u,u,,u sizes=1024,256,16,4096 num_segments=4,1,16,16 num_paths=16 u=256, input shapes: torch.Size([1432, 1024]), torch.Size([1432, 256]), torch.Size([1432, 16])
2025-09-17 19:32:13.040 DEBUG: Calling SymmetricTensorContraction: [u,u,u sizes=4096,12544,2304 num_segments=16,49,9 num_paths=9 u=256, u,u,u,u sizes=4096,4096,12544,2304 num_segments=16,16,49,9 num_paths=125 u=256, u,u,u,u,u sizes=4096,4096,4096,12544,2304 num_segments=16,16,16,49,9 num_paths=1093 u=256], input shapes: torch.Size([7, 49, 256]), torch.Size([124]), torch.Size([124, 16, 256])
2025-09-17 19:32:13.043 DEBUG: Calling TensorProductUniform4x1d: u,u,,u sizes=4352,2304,16,18176 num_segments=17,9,16,71 num_paths=215 u=256, input shapes: torch.Size([1432, 4352]), torch.Size([1432, 2304]), torch.Size([1432, 16])
2025-09-17 19:32:13.048 DEBUG: Calling SymmetricTensorContraction: [u,u,u sizes=4096,3328,256 num_segments=16,13,1 num_paths=1 u=256, u,u,u,u sizes=4096,4096,3328,256 num_segments=16,16,13,1 num_paths=16 u=256, u,u,u,u,u sizes=4096,4096,4096,3328,256 num_segments=16,16,16,13,1 num_paths=77 u=256], input shapes: torch.Size([7, 13, 256]), torch.Size([124]), torch.Size([124, 16, 256])
2025-09-17 19:32:13.099 DEBUG: Calling TensorProductUniform4x1d: u,u,,u sizes=1024,256,16,4096 num_segments=4,1,16,16 num_paths=16 u=256, input shapes: torch.Size([1764, 1024]), torch.Size([1764, 256]), torch.Size([1764, 16])
2025-09-17 19:32:13.105 DEBUG: Calling SymmetricTensorContraction: [u,u,u sizes=4096,12544,2304 num_segments=16,49,9 num_paths=9 u=256, u,u,u,u sizes=4096,4096,12544,2304 num_segments=16,16,49,9 num_paths=125 u=256, u,u,u,u,u sizes=4096,4096,4096,12544,2304 num_segments=16,16,16,49,9 num_paths=1093 u=256], input shapes: torch.Size([7, 49, 256]), torch.Size([137]), torch.Size([137, 16, 256])
2025-09-17 19:32:13.109 DEBUG: Calling TensorProductUniform4x1d: u,u,,u sizes=4352,2304,16,18176 num_segments=17,9,16,71 num_paths=215 u=256, input shapes: torch.Size([1764, 4352]), torch.Size([1764, 2304]), torch.Size([1764, 16])
2025-09-17 19:32:13.114 DEBUG: Calling SymmetricTensorContraction: [u,u,u sizes=4096,3328,256 num_segments=16,13,1 num_paths=1 u=256, u,u,u,u sizes=4096,4096,3328,256 num_segments=16,16,13,1 num_paths=16 u=256, u,u,u,u,u sizes=4096,4096,4096,3328,256 num_segments=16,16,16,13,1 num_paths=77 u=256], input shapes: torch.Size([7, 13, 256]), torch.Size([137]), torch.Size([137, 16, 256])
2025-09-17 19:32:13.166 DEBUG: Calling TensorProductUniform4x1d: u,u,,u sizes=1024,256,16,4096 num_segments=4,1,16,16 num_paths=16 u=256, input shapes: torch.Size([1702, 1024]), torch.Size([1702, 256]), torch.Size([1702, 16])
2025-09-17 19:32:13.172 DEBUG: Calling SymmetricTensorContraction: [u,u,u sizes=4096,12544,2304 num_segments=16,49,9 num_paths=9 u=256, u,u,u,u sizes=4096,4096,12544,2304 num_segments=16,16,49,9 num_paths=125 u=256, u,u,u,u,u sizes=4096,4096,4096,12544,2304 num_segments=16,16,16,49,9 num_paths=1093 u=256], input shapes: torch.Size([7, 49, 256]), torch.Size([136]), torch.Size([136, 16, 256])
2025-09-17 19:32:13.176 DEBUG: Calling TensorProductUniform4x1d: u,u,,u sizes=4352,2304,16,18176 num_segments=17,9,16,71 num_paths=215 u=256, input shapes: torch.Size([1702, 4352]), torch.Size([1702, 2304]), torch.Size([1702, 16])
2025-09-17 19:32:13.180 DEBUG: Calling SymmetricTensorContraction: [u,u,u sizes=4096,3328,256 num_segments=16,13,1 num_paths=1 u=256, u,u,u,u sizes=4096,4096,3328,256 num_segments=16,16,13,1 num_paths=16 u=256, u,u,u,u,u sizes=4096,4096,4096,3328,256 num_segments=16,16,16,13,1 num_paths=77 u=256], input shapes: torch.Size([7, 13, 256]), torch.Size([136]), torch.Size([136, 16, 256])
2025-09-17 19:32:13.233 DEBUG: Calling TensorProductUniform4x1d: u,u,,u sizes=1024,256,16,4096 num_segments=4,1,16,16 num_paths=16 u=256, input shapes: torch.Size([1554, 1024]), torch.Size([1554, 256]), torch.Size([1554, 16])
2025-09-17 19:32:13.239 DEBUG: Calling SymmetricTensorContraction: [u,u,u sizes=4096,12544,2304 num_segments=16,49,9 num_paths=9 u=256, u,u,u,u sizes=4096,4096,12544,2304 num_segments=16,16,49,9 num_paths=125 u=256, u,u,u,u,u sizes=4096,4096,4096,12544,2304 num_segments=16,16,16,49,9 num_paths=1093 u=256], input shapes: torch.Size([7, 49, 256]), torch.Size([129]), torch.Size([129, 16, 256])
2025-09-17 19:32:13.243 DEBUG: Calling TensorProductUniform4x1d: u,u,,u sizes=4352,2304,16,18176 num_segments=17,9,16,71 num_paths=215 u=256, input shapes: torch.Size([1554, 4352]), torch.Size([1554, 2304]), torch.Size([1554, 16])
2025-09-17 19:32:13.247 DEBUG: Calling SymmetricTensorContraction: [u,u,u sizes=4096,3328,256 num_segments=16,13,1 num_paths=1 u=256, u,u,u,u sizes=4096,4096,3328,256 num_segments=16,16,13,1 num_paths=16 u=256, u,u,u,u,u sizes=4096,4096,4096,3328,256 num_segments=16,16,16,13,1 num_paths=77 u=256], input shapes: torch.Size([7, 13, 256]), torch.Size([129]), torch.Size([129, 16, 256])
2025-09-17 19:32:13.296 DEBUG: Calling TensorProductUniform4x1d: u,u,,u sizes=1024,256,16,4096 num_segments=4,1,16,16 num_paths=16 u=256, input shapes: torch.Size([1478, 1024]), torch.Size([1478, 256]), torch.Size([1478, 16])
2025-09-17 19:32:13.302 DEBUG: Calling SymmetricTensorContraction: [u,u,u sizes=4096,12544,2304 num_segments=16,49,9 num_paths=9 u=256, u,u,u,u sizes=4096,4096,12544,2304 num_segments=16,16,49,9 num_paths=125 u=256, u,u,u,u,u sizes=4096,4096,4096,12544,2304 num_segments=16,16,16,49,9 num_paths=1093 u=256], input shapes: torch.Size([7, 49, 256]), torch.Size([124]), torch.Size([124, 16, 256])
2025-09-17 19:32:13.306 DEBUG: Calling TensorProductUniform4x1d: u,u,,u sizes=4352,2304,16,18176 num_segments=17,9,16,71 num_paths=215 u=256, input shapes: torch.Size([1478, 4352]), torch.Size([1478, 2304]), torch.Size([1478, 16])
2025-09-17 19:32:13.310 DEBUG: Calling SymmetricTensorContraction: [u,u,u sizes=4096,3328,256 num_segments=16,13,1 num_paths=1 u=256, u,u,u,u sizes=4096,4096,3328,256 num_segments=16,16,13,1 num_paths=16 u=256, u,u,u,u,u sizes=4096,4096,4096,3328,256 num_segments=16,16,16,13,1 num_paths=77 u=256], input shapes: torch.Size([7, 13, 256]), torch.Size([124]), torch.Size([124, 16, 256])
2025-09-17 19:32:13.360 DEBUG: Calling TensorProductUniform4x1d: u,u,,u sizes=1024,256,16,4096 num_segments=4,1,16,16 num_paths=16 u=256, input shapes: torch.Size([1766, 1024]), torch.Size([1766, 256]), torch.Size([1766, 16])
2025-09-17 19:32:13.367 DEBUG: Calling SymmetricTensorContraction: [u,u,u sizes=4096,12544,2304 num_segments=16,49,9 num_paths=9 u=256, u,u,u,u sizes=4096,4096,12544,2304 num_segments=16,16,49,9 num_paths=125 u=256, u,u,u,u,u sizes=4096,4096,4096,12544,2304 num_segments=16,16,16,49,9 num_paths=1093 u=256], input shapes: torch.Size([7, 49, 256]), torch.Size([137]), torch.Size([137, 16, 256])
2025-09-17 19:32:13.371 DEBUG: Calling TensorProductUniform4x1d: u,u,,u sizes=4352,2304,16,18176 num_segments=17,9,16,71 num_paths=215 u=256, input shapes: torch.Size([1766, 4352]), torch.Size([1766, 2304]), torch.Size([1766, 16])
2025-09-17 19:32:13.375 DEBUG: Calling SymmetricTensorContraction: [u,u,u sizes=4096,3328,256 num_segments=16,13,1 num_paths=1 u=256, u,u,u,u sizes=4096,4096,3328,256 num_segments=16,16,13,1 num_paths=16 u=256, u,u,u,u,u sizes=4096,4096,4096,3328,256 num_segments=16,16,16,13,1 num_paths=77 u=256], input shapes: torch.Size([7, 13, 256]), torch.Size([137]), torch.Size([137, 16, 256])
2025-09-17 19:32:13.427 DEBUG: Calling TensorProductUniform4x1d: u,u,,u sizes=1024,256,16,4096 num_segments=4,1,16,16 num_paths=16 u=256, input shapes: torch.Size([1846, 1024]), torch.Size([1846, 256]), torch.Size([1846, 16])
2025-09-17 19:32:13.433 DEBUG: Calling SymmetricTensorContraction: [u,u,u sizes=4096,12544,2304 num_segments=16,49,9 num_paths=9 u=256, u,u,u,u sizes=4096,4096,12544,2304 num_segments=16,16,49,9 num_paths=125 u=256, u,u,u,u,u sizes=4096,4096,4096,12544,2304 num_segments=16,16,16,49,9 num_paths=1093 u=256], input shapes: torch.Size([7, 49, 256]), torch.Size([141]), torch.Size([141, 16, 256])
2025-09-17 19:32:13.438 DEBUG: Calling TensorProductUniform4x1d: u,u,,u sizes=4352,2304,16,18176 num_segments=17,9,16,71 num_paths=215 u=256, input shapes: torch.Size([1846, 4352]), torch.Size([1846, 2304]), torch.Size([1846, 16])
2025-09-17 19:32:13.443 DEBUG: Calling SymmetricTensorContraction: [u,u,u sizes=4096,3328,256 num_segments=16,13,1 num_paths=1 u=256, u,u,u,u sizes=4096,4096,3328,256 num_segments=16,16,13,1 num_paths=16 u=256, u,u,u,u,u sizes=4096,4096,4096,3328,256 num_segments=16,16,16,13,1 num_paths=77 u=256], input shapes: torch.Size([7, 13, 256]), torch.Size([141]), torch.Size([141, 16, 256])
2025-09-17 19:32:13.497 DEBUG: Calling TensorProductUniform4x1d: u,u,,u sizes=1024,256,16,4096 num_segments=4,1,16,16 num_paths=16 u=256, input shapes: torch.Size([1468, 1024]), torch.Size([1468, 256]), torch.Size([1468, 16])
2025-09-17 19:32:13.503 DEBUG: Calling SymmetricTensorContraction: [u,u,u sizes=4096,12544,2304 num_segments=16,49,9 num_paths=9 u=256, u,u,u,u sizes=4096,4096,12544,2304 num_segments=16,16,49,9 num_paths=125 u=256, u,u,u,u,u sizes=4096,4096,4096,12544,2304 num_segments=16,16,16,49,9 num_paths=1093 u=256], input shapes: torch.Size([7, 49, 256]), torch.Size([125]), torch.Size([125, 16, 256])
2025-09-17 19:32:13.507 DEBUG: Calling TensorProductUniform4x1d: u,u,,u sizes=4352,2304,16,18176 num_segments=17,9,16,71 num_paths=215 u=256, input shapes: torch.Size([1468, 4352]), torch.Size([1468, 2304]), torch.Size([1468, 16])
2025-09-17 19:32:13.511 DEBUG: Calling SymmetricTensorContraction: [u,u,u sizes=4096,3328,256 num_segments=16,13,1 num_paths=1 u=256, u,u,u,u sizes=4096,4096,3328,256 num_segments=16,16,13,1 num_paths=16 u=256, u,u,u,u,u sizes=4096,4096,4096,3328,256 num_segments=16,16,16,13,1 num_paths=77 u=256], input shapes: torch.Size([7, 13, 256]), torch.Size([125]), torch.Size([125, 16, 256])
2025-09-17 19:32:13.559 DEBUG: Calling TensorProductUniform4x1d: u,u,,u sizes=1024,256,16,4096 num_segments=4,1,16,16 num_paths=16 u=256, input shapes: torch.Size([2104, 1024]), torch.Size([2104, 256]), torch.Size([2104, 16])
2025-09-17 19:32:13.565 DEBUG: Calling SymmetricTensorContraction: [u,u,u sizes=4096,12544,2304 num_segments=16,49,9 num_paths=9 u=256, u,u,u,u sizes=4096,4096,12544,2304 num_segments=16,16,49,9 num_paths=125 u=256, u,u,u,u,u sizes=4096,4096,4096,12544,2304 num_segments=16,16,16,49,9 num_paths=1093 u=256], input shapes: torch.Size([7, 49, 256]), torch.Size([152]), torch.Size([152, 16, 256])
2025-09-17 19:32:13.569 DEBUG: Calling TensorProductUniform4x1d: u,u,,u sizes=4352,2304,16,18176 num_segments=17,9,16,71 num_paths=215 u=256, input shapes: torch.Size([2104, 4352]), torch.Size([2104, 2304]), torch.Size([2104, 16])
2025-09-17 19:32:13.578 DEBUG: Calling SymmetricTensorContraction: [u,u,u sizes=4096,3328,256 num_segments=16,13,1 num_paths=1 u=256, u,u,u,u sizes=4096,4096,3328,256 num_segments=16,16,13,1 num_paths=16 u=256, u,u,u,u,u sizes=4096,4096,4096,3328,256 num_segments=16,16,16,13,1 num_paths=77 u=256], input shapes: torch.Size([7, 13, 256]), torch.Size([152]), torch.Size([152, 16, 256])
2025-09-17 19:32:13.647 DEBUG: Calling TensorProductUniform4x1d: u,u,,u sizes=1024,256,16,4096 num_segments=4,1,16,16 num_paths=16 u=256, input shapes: torch.Size([1464, 1024]), torch.Size([1464, 256]), torch.Size([1464, 16])
2025-09-17 19:32:13.653 DEBUG: Calling SymmetricTensorContraction: [u,u,u sizes=4096,12544,2304 num_segments=16,49,9 num_paths=9 u=256, u,u,u,u sizes=4096,4096,12544,2304 num_segments=16,16,49,9 num_paths=125 u=256, u,u,u,u,u sizes=4096,4096,4096,12544,2304 num_segments=16,16,16,49,9 num_paths=1093 u=256], input shapes: torch.Size([7, 49, 256]), torch.Size([126]), torch.Size([126, 16, 256])
2025-09-17 19:32:13.656 DEBUG: Calling TensorProductUniform4x1d: u,u,,u sizes=4352,2304,16,18176 num_segments=17,9,16,71 num_paths=215 u=256, input shapes: torch.Size([1464, 4352]), torch.Size([1464, 2304]), torch.Size([1464, 16])
2025-09-17 19:32:13.661 DEBUG: Calling SymmetricTensorContraction: [u,u,u sizes=4096,3328,256 num_segments=16,13,1 num_paths=1 u=256, u,u,u,u sizes=4096,4096,3328,256 num_segments=16,16,13,1 num_paths=16 u=256, u,u,u,u,u sizes=4096,4096,4096,3328,256 num_segments=16,16,16,13,1 num_paths=77 u=256], input shapes: torch.Size([7, 13, 256]), torch.Size([126]), torch.Size([126, 16, 256])
2025-09-17 19:32:13.712 DEBUG: Calling TensorProductUniform4x1d: u,u,,u sizes=1024,256,16,4096 num_segments=4,1,16,16 num_paths=16 u=256, input shapes: torch.Size([1442, 1024]), torch.Size([1442, 256]), torch.Size([1442, 16])
2025-09-17 19:32:13.719 DEBUG: Calling SymmetricTensorContraction: [u,u,u sizes=4096,12544,2304 num_segments=16,49,9 num_paths=9 u=256, u,u,u,u sizes=4096,4096,12544,2304 num_segments=16,16,49,9 num_paths=125 u=256, u,u,u,u,u sizes=4096,4096,4096,12544,2304 num_segments=16,16,16,49,9 num_paths=1093 u=256], input shapes: torch.Size([7, 49, 256]), torch.Size([124]), torch.Size([124, 16, 256])
2025-09-17 19:32:13.723 DEBUG: Calling TensorProductUniform4x1d: u,u,,u sizes=4352,2304,16,18176 num_segments=17,9,16,71 num_paths=215 u=256, input shapes: torch.Size([1442, 4352]), torch.Size([1442, 2304]), torch.Size([1442, 16])
2025-09-17 19:32:13.727 DEBUG: Calling SymmetricTensorContraction: [u,u,u sizes=4096,3328,256 num_segments=16,13,1 num_paths=1 u=256, u,u,u,u sizes=4096,4096,3328,256 num_segments=16,16,13,1 num_paths=16 u=256, u,u,u,u,u sizes=4096,4096,4096,3328,256 num_segments=16,16,16,13,1 num_paths=77 u=256], input shapes: torch.Size([7, 13, 256]), torch.Size([124]), torch.Size([124, 16, 256])
2025-09-17 19:32:13.796 DEBUG: Calling TensorProductUniform4x1d: u,u,,u sizes=1024,256,16,4096 num_segments=4,1,16,16 num_paths=16 u=256, input shapes: torch.Size([1860, 1024]), torch.Size([1860, 256]), torch.Size([1860, 16])
2025-09-17 19:32:13.806 DEBUG: Calling SymmetricTensorContraction: [u,u,u sizes=4096,12544,2304 num_segments=16,49,9 num_paths=9 u=256, u,u,u,u sizes=4096,4096,12544,2304 num_segments=16,16,49,9 num_paths=125 u=256, u,u,u,u,u sizes=4096,4096,4096,12544,2304 num_segments=16,16,16,49,9 num_paths=1093 u=256], input shapes: torch.Size([7, 49, 256]), torch.Size([141]), torch.Size([141, 16, 256])
2025-09-17 19:32:13.812 DEBUG: Calling TensorProductUniform4x1d: u,u,,u sizes=4352,2304,16,18176 num_segments=17,9,16,71 num_paths=215 u=256, input shapes: torch.Size([1860, 4352]), torch.Size([1860, 2304]), torch.Size([1860, 16])
2025-09-17 19:32:13.817 DEBUG: Calling SymmetricTensorContraction: [u,u,u sizes=4096,3328,256 num_segments=16,13,1 num_paths=1 u=256, u,u,u,u sizes=4096,4096,3328,256 num_segments=16,16,13,1 num_paths=16 u=256, u,u,u,u,u sizes=4096,4096,4096,3328,256 num_segments=16,16,16,13,1 num_paths=77 u=256], input shapes: torch.Size([7, 13, 256]), torch.Size([141]), torch.Size([141, 16, 256])
2025-09-17 19:32:13.868 DEBUG: Calling TensorProductUniform4x1d: u,u,,u sizes=1024,256,16,4096 num_segments=4,1,16,16 num_paths=16 u=256, input shapes: torch.Size([1964, 1024]), torch.Size([1964, 256]), torch.Size([1964, 16])
2025-09-17 19:32:13.875 DEBUG: Calling SymmetricTensorContraction: [u,u,u sizes=4096,12544,2304 num_segments=16,49,9 num_paths=9 u=256, u,u,u,u sizes=4096,4096,12544,2304 num_segments=16,16,49,9 num_paths=125 u=256, u,u,u,u,u sizes=4096,4096,4096,12544,2304 num_segments=16,16,16,49,9 num_paths=1093 u=256], input shapes: torch.Size([7, 49, 256]), torch.Size([146]), torch.Size([146, 16, 256])
2025-09-17 19:32:13.879 DEBUG: Calling TensorProductUniform4x1d: u,u,,u sizes=4352,2304,16,18176 num_segments=17,9,16,71 num_paths=215 u=256, input shapes: torch.Size([1964, 4352]), torch.Size([1964, 2304]), torch.Size([1964, 16])
2025-09-17 19:32:13.883 DEBUG: Calling SymmetricTensorContraction: [u,u,u sizes=4096,3328,256 num_segments=16,13,1 num_paths=1 u=256, u,u,u,u sizes=4096,4096,3328,256 num_segments=16,16,13,1 num_paths=16 u=256, u,u,u,u,u sizes=4096,4096,4096,3328,256 num_segments=16,16,16,13,1 num_paths=77 u=256], input shapes: torch.Size([7, 13, 256]), torch.Size([146]), torch.Size([146, 16, 256])
2025-09-17 19:32:13.936 DEBUG: Calling TensorProductUniform4x1d: u,u,,u sizes=1024,256,16,4096 num_segments=4,1,16,16 num_paths=16 u=256, input shapes: torch.Size([1476, 1024]), torch.Size([1476, 256]), torch.Size([1476, 16])
2025-09-17 19:32:13.942 DEBUG: Calling SymmetricTensorContraction: [u,u,u sizes=4096,12544,2304 num_segments=16,49,9 num_paths=9 u=256, u,u,u,u sizes=4096,4096,12544,2304 num_segments=16,16,49,9 num_paths=125 u=256, u,u,u,u,u sizes=4096,4096,4096,12544,2304 num_segments=16,16,16,49,9 num_paths=1093 u=256], input shapes: torch.Size([7, 49, 256]), torch.Size([126]), torch.Size([126, 16, 256])
2025-09-17 19:32:13.946 DEBUG: Calling TensorProductUniform4x1d: u,u,,u sizes=4352,2304,16,18176 num_segments=17,9,16,71 num_paths=215 u=256, input shapes: torch.Size([1476, 4352]), torch.Size([1476, 2304]), torch.Size([1476, 16])
2025-09-17 19:32:13.951 DEBUG: Calling SymmetricTensorContraction: [u,u,u sizes=4096,3328,256 num_segments=16,13,1 num_paths=1 u=256, u,u,u,u sizes=4096,4096,3328,256 num_segments=16,16,13,1 num_paths=16 u=256, u,u,u,u,u sizes=4096,4096,4096,3328,256 num_segments=16,16,16,13,1 num_paths=77 u=256], input shapes: torch.Size([7, 13, 256]), torch.Size([126]), torch.Size([126, 16, 256])
2025-09-17 19:32:14.008 DEBUG: Calling TensorProductUniform4x1d: u,u,,u sizes=1024,256,16,4096 num_segments=4,1,16,16 num_paths=16 u=256, input shapes: torch.Size([1658, 1024]), torch.Size([1658, 256]), torch.Size([1658, 16])
2025-09-17 19:32:14.015 DEBUG: Calling SymmetricTensorContraction: [u,u,u sizes=4096,12544,2304 num_segments=16,49,9 num_paths=9 u=256, u,u,u,u sizes=4096,4096,12544,2304 num_segments=16,16,49,9 num_paths=125 u=256, u,u,u,u,u sizes=4096,4096,4096,12544,2304 num_segments=16,16,16,49,9 num_paths=1093 u=256], input shapes: torch.Size([7, 49, 256]), torch.Size([132]), torch.Size([132, 16, 256])
2025-09-17 19:32:14.019 DEBUG: Calling TensorProductUniform4x1d: u,u,,u sizes=4352,2304,16,18176 num_segments=17,9,16,71 num_paths=215 u=256, input shapes: torch.Size([1658, 4352]), torch.Size([1658, 2304]), torch.Size([1658, 16])
2025-09-17 19:32:14.023 DEBUG: Calling SymmetricTensorContraction: [u,u,u sizes=4096,3328,256 num_segments=16,13,1 num_paths=1 u=256, u,u,u,u sizes=4096,4096,3328,256 num_segments=16,16,13,1 num_paths=16 u=256, u,u,u,u,u sizes=4096,4096,4096,3328,256 num_segments=16,16,16,13,1 num_paths=77 u=256], input shapes: torch.Size([7, 13, 256]), torch.Size([132]), torch.Size([132, 16, 256])
2025-09-17 19:32:14.072 DEBUG: Calling TensorProductUniform4x1d: u,u,,u sizes=1024,256,16,4096 num_segments=4,1,16,16 num_paths=16 u=256, input shapes: torch.Size([1374, 1024]), torch.Size([1374, 256]), torch.Size([1374, 16])
2025-09-17 19:32:14.078 DEBUG: Calling SymmetricTensorContraction: [u,u,u sizes=4096,12544,2304 num_segments=16,49,9 num_paths=9 u=256, u,u,u,u sizes=4096,4096,12544,2304 num_segments=16,16,49,9 num_paths=125 u=256, u,u,u,u,u sizes=4096,4096,4096,12544,2304 num_segments=16,16,16,49,9 num_paths=1093 u=256], input shapes: torch.Size([7, 49, 256]), torch.Size([117]), torch.Size([117, 16, 256])
2025-09-17 19:32:14.083 DEBUG: Calling TensorProductUniform4x1d: u,u,,u sizes=4352,2304,16,18176 num_segments=17,9,16,71 num_paths=215 u=256, input shapes: torch.Size([1374, 4352]), torch.Size([1374, 2304]), torch.Size([1374, 16])
2025-09-17 19:32:14.087 DEBUG: Calling SymmetricTensorContraction: [u,u,u sizes=4096,3328,256 num_segments=16,13,1 num_paths=1 u=256, u,u,u,u sizes=4096,4096,3328,256 num_segments=16,16,13,1 num_paths=16 u=256, u,u,u,u,u sizes=4096,4096,4096,3328,256 num_segments=16,16,16,13,1 num_paths=77 u=256], input shapes: torch.Size([7, 13, 256]), torch.Size([117]), torch.Size([117, 16, 256])
2025-09-17 19:32:14.141 DEBUG: Calling TensorProductUniform4x1d: u,u,,u sizes=1024,256,16,4096 num_segments=4,1,16,16 num_paths=16 u=256, input shapes: torch.Size([1494, 1024]), torch.Size([1494, 256]), torch.Size([1494, 16])
2025-09-17 19:32:14.147 DEBUG: Calling SymmetricTensorContraction: [u,u,u sizes=4096,12544,2304 num_segments=16,49,9 num_paths=9 u=256, u,u,u,u sizes=4096,4096,12544,2304 num_segments=16,16,49,9 num_paths=125 u=256, u,u,u,u,u sizes=4096,4096,4096,12544,2304 num_segments=16,16,16,49,9 num_paths=1093 u=256], input shapes: torch.Size([7, 49, 256]), torch.Size([124]), torch.Size([124, 16, 256])
2025-09-17 19:32:14.152 DEBUG: Calling TensorProductUniform4x1d: u,u,,u sizes=4352,2304,16,18176 num_segments=17,9,16,71 num_paths=215 u=256, input shapes: torch.Size([1494, 4352]), torch.Size([1494, 2304]), torch.Size([1494, 16])
2025-09-17 19:32:14.156 DEBUG: Calling SymmetricTensorContraction: [u,u,u sizes=4096,3328,256 num_segments=16,13,1 num_paths=1 u=256, u,u,u,u sizes=4096,4096,3328,256 num_segments=16,16,13,1 num_paths=16 u=256, u,u,u,u,u sizes=4096,4096,4096,3328,256 num_segments=16,16,16,13,1 num_paths=77 u=256], input shapes: torch.Size([7, 13, 256]), torch.Size([124]), torch.Size([124, 16, 256])
2025-09-17 19:32:14.210 DEBUG: Calling TensorProductUniform4x1d: u,u,,u sizes=1024,256,16,4096 num_segments=4,1,16,16 num_paths=16 u=256, input shapes: torch.Size([1698, 1024]), torch.Size([1698, 256]), torch.Size([1698, 16])
2025-09-17 19:32:14.216 DEBUG: Calling SymmetricTensorContraction: [u,u,u sizes=4096,12544,2304 num_segments=16,49,9 num_paths=9 u=256, u,u,u,u sizes=4096,4096,12544,2304 num_segments=16,16,49,9 num_paths=125 u=256, u,u,u,u,u sizes=4096,4096,4096,12544,2304 num_segments=16,16,16,49,9 num_paths=1093 u=256], input shapes: torch.Size([7, 49, 256]), torch.Size([136]), torch.Size([136, 16, 256])
2025-09-17 19:32:14.221 DEBUG: Calling TensorProductUniform4x1d: u,u,,u sizes=4352,2304,16,18176 num_segments=17,9,16,71 num_paths=215 u=256, input shapes: torch.Size([1698, 4352]), torch.Size([1698, 2304]), torch.Size([1698, 16])
2025-09-17 19:32:14.225 DEBUG: Calling SymmetricTensorContraction: [u,u,u sizes=4096,3328,256 num_segments=16,13,1 num_paths=1 u=256, u,u,u,u sizes=4096,4096,3328,256 num_segments=16,16,13,1 num_paths=16 u=256, u,u,u,u,u sizes=4096,4096,4096,3328,256 num_segments=16,16,16,13,1 num_paths=77 u=256], input shapes: torch.Size([7, 13, 256]), torch.Size([136]), torch.Size([136, 16, 256])
2025-09-17 19:32:14.275 DEBUG: Calling TensorProductUniform4x1d: u,u,,u sizes=1024,256,16,4096 num_segments=4,1,16,16 num_paths=16 u=256, input shapes: torch.Size([1474, 1024]), torch.Size([1474, 256]), torch.Size([1474, 16])
2025-09-17 19:32:14.283 DEBUG: Calling SymmetricTensorContraction: [u,u,u sizes=4096,12544,2304 num_segments=16,49,9 num_paths=9 u=256, u,u,u,u sizes=4096,4096,12544,2304 num_segments=16,16,49,9 num_paths=125 u=256, u,u,u,u,u sizes=4096,4096,4096,12544,2304 num_segments=16,16,16,49,9 num_paths=1093 u=256], input shapes: torch.Size([7, 49, 256]), torch.Size([125]), torch.Size([125, 16, 256])
2025-09-17 19:32:14.287 DEBUG: Calling TensorProductUniform4x1d: u,u,,u sizes=4352,2304,16,18176 num_segments=17,9,16,71 num_paths=215 u=256, input shapes: torch.Size([1474, 4352]), torch.Size([1474, 2304]), torch.Size([1474, 16])
2025-09-17 19:32:14.292 DEBUG: Calling SymmetricTensorContraction: [u,u,u sizes=4096,3328,256 num_segments=16,13,1 num_paths=1 u=256, u,u,u,u sizes=4096,4096,3328,256 num_segments=16,16,13,1 num_paths=16 u=256, u,u,u,u,u sizes=4096,4096,4096,3328,256 num_segments=16,16,16,13,1 num_paths=77 u=256], input shapes: torch.Size([7, 13, 256]), torch.Size([125]), torch.Size([125, 16, 256])
2025-09-17 19:32:14.373 DEBUG: Calling TensorProductUniform4x1d: u,u,,u sizes=1024,256,16,4096 num_segments=4,1,16,16 num_paths=16 u=256, input shapes: torch.Size([1728, 1024]), torch.Size([1728, 256]), torch.Size([1728, 16])
2025-09-17 19:32:14.380 DEBUG: Calling SymmetricTensorContraction: [u,u,u sizes=4096,12544,2304 num_segments=16,49,9 num_paths=9 u=256, u,u,u,u sizes=4096,4096,12544,2304 num_segments=16,16,49,9 num_paths=125 u=256, u,u,u,u,u sizes=4096,4096,4096,12544,2304 num_segments=16,16,16,49,9 num_paths=1093 u=256], input shapes: torch.Size([7, 49, 256]), torch.Size([137]), torch.Size([137, 16, 256])
2025-09-17 19:32:14.385 DEBUG: Calling TensorProductUniform4x1d: u,u,,u sizes=4352,2304,16,18176 num_segments=17,9,16,71 num_paths=215 u=256, input shapes: torch.Size([1728, 4352]), torch.Size([1728, 2304]), torch.Size([1728, 16])
2025-09-17 19:32:14.390 DEBUG: Calling SymmetricTensorContraction: [u,u,u sizes=4096,3328,256 num_segments=16,13,1 num_paths=1 u=256, u,u,u,u sizes=4096,4096,3328,256 num_segments=16,16,13,1 num_paths=16 u=256, u,u,u,u,u sizes=4096,4096,4096,3328,256 num_segments=16,16,16,13,1 num_paths=77 u=256], input shapes: torch.Size([7, 13, 256]), torch.Size([137]), torch.Size([137, 16, 256])
2025-09-17 19:32:14.448 DEBUG: Calling TensorProductUniform4x1d: u,u,,u sizes=1024,256,16,4096 num_segments=4,1,16,16 num_paths=16 u=256, input shapes: torch.Size([1558, 1024]), torch.Size([1558, 256]), torch.Size([1558, 16])
2025-09-17 19:32:14.455 DEBUG: Calling SymmetricTensorContraction: [u,u,u sizes=4096,12544,2304 num_segments=16,49,9 num_paths=9 u=256, u,u,u,u sizes=4096,4096,12544,2304 num_segments=16,16,49,9 num_paths=125 u=256, u,u,u,u,u sizes=4096,4096,4096,12544,2304 num_segments=16,16,16,49,9 num_paths=1093 u=256], input shapes: torch.Size([7, 49, 256]), torch.Size([128]), torch.Size([128, 16, 256])
2025-09-17 19:32:14.459 DEBUG: Calling TensorProductUniform4x1d: u,u,,u sizes=4352,2304,16,18176 num_segments=17,9,16,71 num_paths=215 u=256, input shapes: torch.Size([1558, 4352]), torch.Size([1558, 2304]), torch.Size([1558, 16])
2025-09-17 19:32:14.463 DEBUG: Calling SymmetricTensorContraction: [u,u,u sizes=4096,3328,256 num_segments=16,13,1 num_paths=1 u=256, u,u,u,u sizes=4096,4096,3328,256 num_segments=16,16,13,1 num_paths=16 u=256, u,u,u,u,u sizes=4096,4096,4096,3328,256 num_segments=16,16,16,13,1 num_paths=77 u=256], input shapes: torch.Size([7, 13, 256]), torch.Size([128]), torch.Size([128, 16, 256])
2025-09-17 19:32:14.515 DEBUG: Calling TensorProductUniform4x1d: u,u,,u sizes=1024,256,16,4096 num_segments=4,1,16,16 num_paths=16 u=256, input shapes: torch.Size([1578, 1024]), torch.Size([1578, 256]), torch.Size([1578, 16])
2025-09-17 19:32:14.521 DEBUG: Calling SymmetricTensorContraction: [u,u,u sizes=4096,12544,2304 num_segments=16,49,9 num_paths=9 u=256, u,u,u,u sizes=4096,4096,12544,2304 num_segments=16,16,49,9 num_paths=125 u=256, u,u,u,u,u sizes=4096,4096,4096,12544,2304 num_segments=16,16,16,49,9 num_paths=1093 u=256], input shapes: torch.Size([7, 49, 256]), torch.Size([129]), torch.Size([129, 16, 256])
2025-09-17 19:32:14.526 DEBUG: Calling TensorProductUniform4x1d: u,u,,u sizes=4352,2304,16,18176 num_segments=17,9,16,71 num_paths=215 u=256, input shapes: torch.Size([1578, 4352]), torch.Size([1578, 2304]), torch.Size([1578, 16])
2025-09-17 19:32:14.530 DEBUG: Calling SymmetricTensorContraction: [u,u,u sizes=4096,3328,256 num_segments=16,13,1 num_paths=1 u=256, u,u,u,u sizes=4096,4096,3328,256 num_segments=16,16,13,1 num_paths=16 u=256, u,u,u,u,u sizes=4096,4096,4096,3328,256 num_segments=16,16,16,13,1 num_paths=77 u=256], input shapes: torch.Size([7, 13, 256]), torch.Size([129]), torch.Size([129, 16, 256])
2025-09-17 19:32:14.584 DEBUG: Calling TensorProductUniform4x1d: u,u,,u sizes=1024,256,16,4096 num_segments=4,1,16,16 num_paths=16 u=256, input shapes: torch.Size([1478, 1024]), torch.Size([1478, 256]), torch.Size([1478, 16])
2025-09-17 19:32:14.591 DEBUG: Calling SymmetricTensorContraction: [u,u,u sizes=4096,12544,2304 num_segments=16,49,9 num_paths=9 u=256, u,u,u,u sizes=4096,4096,12544,2304 num_segments=16,16,49,9 num_paths=125 u=256, u,u,u,u,u sizes=4096,4096,4096,12544,2304 num_segments=16,16,16,49,9 num_paths=1093 u=256], input shapes: torch.Size([7, 49, 256]), torch.Size([125]), torch.Size([125, 16, 256])
2025-09-17 19:32:14.595 DEBUG: Calling TensorProductUniform4x1d: u,u,,u sizes=4352,2304,16,18176 num_segments=17,9,16,71 num_paths=215 u=256, input shapes: torch.Size([1478, 4352]), torch.Size([1478, 2304]), torch.Size([1478, 16])
2025-09-17 19:32:14.599 DEBUG: Calling SymmetricTensorContraction: [u,u,u sizes=4096,3328,256 num_segments=16,13,1 num_paths=1 u=256, u,u,u,u sizes=4096,4096,3328,256 num_segments=16,16,13,1 num_paths=16 u=256, u,u,u,u,u sizes=4096,4096,4096,3328,256 num_segments=16,16,16,13,1 num_paths=77 u=256], input shapes: torch.Size([7, 13, 256]), torch.Size([125]), torch.Size([125, 16, 256])
2025-09-17 19:32:14.652 DEBUG: Calling TensorProductUniform4x1d: u,u,,u sizes=1024,256,16,4096 num_segments=4,1,16,16 num_paths=16 u=256, input shapes: torch.Size([1798, 1024]), torch.Size([1798, 256]), torch.Size([1798, 16])
2025-09-17 19:32:14.658 DEBUG: Calling SymmetricTensorContraction: [u,u,u sizes=4096,12544,2304 num_segments=16,49,9 num_paths=9 u=256, u,u,u,u sizes=4096,4096,12544,2304 num_segments=16,16,49,9 num_paths=125 u=256, u,u,u,u,u sizes=4096,4096,4096,12544,2304 num_segments=16,16,16,49,9 num_paths=1093 u=256], input shapes: torch.Size([7, 49, 256]), torch.Size([140]), torch.Size([140, 16, 256])
2025-09-17 19:32:14.662 DEBUG: Calling TensorProductUniform4x1d: u,u,,u sizes=4352,2304,16,18176 num_segments=17,9,16,71 num_paths=215 u=256, input shapes: torch.Size([1798, 4352]), torch.Size([1798, 2304]), torch.Size([1798, 16])
2025-09-17 19:32:14.667 DEBUG: Calling SymmetricTensorContraction: [u,u,u sizes=4096,3328,256 num_segments=16,13,1 num_paths=1 u=256, u,u,u,u sizes=4096,4096,3328,256 num_segments=16,16,13,1 num_paths=16 u=256, u,u,u,u,u sizes=4096,4096,4096,3328,256 num_segments=16,16,16,13,1 num_paths=77 u=256], input shapes: torch.Size([7, 13, 256]), torch.Size([140]), torch.Size([140, 16, 256])
2025-09-17 19:32:14.724 DEBUG: Calling TensorProductUniform4x1d: u,u,,u sizes=1024,256,16,4096 num_segments=4,1,16,16 num_paths=16 u=256, input shapes: torch.Size([1774, 1024]), torch.Size([1774, 256]), torch.Size([1774, 16])
2025-09-17 19:32:14.730 DEBUG: Calling SymmetricTensorContraction: [u,u,u sizes=4096,12544,2304 num_segments=16,49,9 num_paths=9 u=256, u,u,u,u sizes=4096,4096,12544,2304 num_segments=16,16,49,9 num_paths=125 u=256, u,u,u,u,u sizes=4096,4096,4096,12544,2304 num_segments=16,16,16,49,9 num_paths=1093 u=256], input shapes: torch.Size([7, 49, 256]), torch.Size([137]), torch.Size([137, 16, 256])
2025-09-17 19:32:14.734 DEBUG: Calling TensorProductUniform4x1d: u,u,,u sizes=4352,2304,16,18176 num_segments=17,9,16,71 num_paths=215 u=256, input shapes: torch.Size([1774, 4352]), torch.Size([1774, 2304]), torch.Size([1774, 16])
2025-09-17 19:32:14.738 DEBUG: Calling SymmetricTensorContraction: [u,u,u sizes=4096,3328,256 num_segments=16,13,1 num_paths=1 u=256, u,u,u,u sizes=4096,4096,3328,256 num_segments=16,16,13,1 num_paths=16 u=256, u,u,u,u,u sizes=4096,4096,4096,3328,256 num_segments=16,16,16,13,1 num_paths=77 u=256], input shapes: torch.Size([7, 13, 256]), torch.Size([137]), torch.Size([137, 16, 256])
2025-09-17 19:32:14.790 DEBUG: Calling TensorProductUniform4x1d: u,u,,u sizes=1024,256,16,4096 num_segments=4,1,16,16 num_paths=16 u=256, input shapes: torch.Size([1448, 1024]), torch.Size([1448, 256]), torch.Size([1448, 16])
2025-09-17 19:32:14.797 DEBUG: Calling SymmetricTensorContraction: [u,u,u sizes=4096,12544,2304 num_segments=16,49,9 num_paths=9 u=256, u,u,u,u sizes=4096,4096,12544,2304 num_segments=16,16,49,9 num_paths=125 u=256, u,u,u,u,u sizes=4096,4096,4096,12544,2304 num_segments=16,16,16,49,9 num_paths=1093 u=256], input shapes: torch.Size([7, 49, 256]), torch.Size([125]), torch.Size([125, 16, 256])
2025-09-17 19:32:14.800 DEBUG: Calling TensorProductUniform4x1d: u,u,,u sizes=4352,2304,16,18176 num_segments=17,9,16,71 num_paths=215 u=256, input shapes: torch.Size([1448, 4352]), torch.Size([1448, 2304]), torch.Size([1448, 16])
2025-09-17 19:32:14.805 DEBUG: Calling SymmetricTensorContraction: [u,u,u sizes=4096,3328,256 num_segments=16,13,1 num_paths=1 u=256, u,u,u,u sizes=4096,4096,3328,256 num_segments=16,16,13,1 num_paths=16 u=256, u,u,u,u,u sizes=4096,4096,4096,3328,256 num_segments=16,16,16,13,1 num_paths=77 u=256], input shapes: torch.Size([7, 13, 256]), torch.Size([125]), torch.Size([125, 16, 256])
2025-09-17 19:32:14.860 DEBUG: Calling TensorProductUniform4x1d: u,u,,u sizes=1024,256,16,4096 num_segments=4,1,16,16 num_paths=16 u=256, input shapes: torch.Size([1530, 1024]), torch.Size([1530, 256]), torch.Size([1530, 16])
2025-09-17 19:32:14.866 DEBUG: Calling SymmetricTensorContraction: [u,u,u sizes=4096,12544,2304 num_segments=16,49,9 num_paths=9 u=256, u,u,u,u sizes=4096,4096,12544,2304 num_segments=16,16,49,9 num_paths=125 u=256, u,u,u,u,u sizes=4096,4096,4096,12544,2304 num_segments=16,16,16,49,9 num_paths=1093 u=256], input shapes: torch.Size([7, 49, 256]), torch.Size([126]), torch.Size([126, 16, 256])
2025-09-17 19:32:14.871 DEBUG: Calling TensorProductUniform4x1d: u,u,,u sizes=4352,2304,16,18176 num_segments=17,9,16,71 num_paths=215 u=256, input shapes: torch.Size([1530, 4352]), torch.Size([1530, 2304]), torch.Size([1530, 16])
2025-09-17 19:32:14.875 DEBUG: Calling SymmetricTensorContraction: [u,u,u sizes=4096,3328,256 num_segments=16,13,1 num_paths=1 u=256, u,u,u,u sizes=4096,4096,3328,256 num_segments=16,16,13,1 num_paths=16 u=256, u,u,u,u,u sizes=4096,4096,4096,3328,256 num_segments=16,16,16,13,1 num_paths=77 u=256], input shapes: torch.Size([7, 13, 256]), torch.Size([126]), torch.Size([126, 16, 256])
2025-09-17 19:32:14.925 DEBUG: Calling TensorProductUniform4x1d: u,u,,u sizes=1024,256,16,4096 num_segments=4,1,16,16 num_paths=16 u=256, input shapes: torch.Size([1472, 1024]), torch.Size([1472, 256]), torch.Size([1472, 16])
2025-09-17 19:32:14.931 DEBUG: Calling SymmetricTensorContraction: [u,u,u sizes=4096,12544,2304 num_segments=16,49,9 num_paths=9 u=256, u,u,u,u sizes=4096,4096,12544,2304 num_segments=16,16,49,9 num_paths=125 u=256, u,u,u,u,u sizes=4096,4096,4096,12544,2304 num_segments=16,16,16,49,9 num_paths=1093 u=256], input shapes: torch.Size([7, 49, 256]), torch.Size([125]), torch.Size([125, 16, 256])
2025-09-17 19:32:14.935 DEBUG: Calling TensorProductUniform4x1d: u,u,,u sizes=4352,2304,16,18176 num_segments=17,9,16,71 num_paths=215 u=256, input shapes: torch.Size([1472, 4352]), torch.Size([1472, 2304]), torch.Size([1472, 16])
2025-09-17 19:32:14.940 DEBUG: Calling SymmetricTensorContraction: [u,u,u sizes=4096,3328,256 num_segments=16,13,1 num_paths=1 u=256, u,u,u,u sizes=4096,4096,3328,256 num_segments=16,16,13,1 num_paths=16 u=256, u,u,u,u,u sizes=4096,4096,4096,3328,256 num_segments=16,16,16,13,1 num_paths=77 u=256], input shapes: torch.Size([7, 13, 256]), torch.Size([125]), torch.Size([125, 16, 256])
2025-09-17 19:32:14.989 DEBUG: Calling TensorProductUniform4x1d: u,u,,u sizes=1024,256,16,4096 num_segments=4,1,16,16 num_paths=16 u=256, input shapes: torch.Size([1844, 1024]), torch.Size([1844, 256]), torch.Size([1844, 16])
2025-09-17 19:32:14.995 DEBUG: Calling SymmetricTensorContraction: [u,u,u sizes=4096,12544,2304 num_segments=16,49,9 num_paths=9 u=256, u,u,u,u sizes=4096,4096,12544,2304 num_segments=16,16,49,9 num_paths=125 u=256, u,u,u,u,u sizes=4096,4096,4096,12544,2304 num_segments=16,16,16,49,9 num_paths=1093 u=256], input shapes: torch.Size([7, 49, 256]), torch.Size([139]), torch.Size([139, 16, 256])
2025-09-17 19:32:14.999 DEBUG: Calling TensorProductUniform4x1d: u,u,,u sizes=4352,2304,16,18176 num_segments=17,9,16,71 num_paths=215 u=256, input shapes: torch.Size([1844, 4352]), torch.Size([1844, 2304]), torch.Size([1844, 16])
2025-09-17 19:32:15.003 DEBUG: Calling SymmetricTensorContraction: [u,u,u sizes=4096,3328,256 num_segments=16,13,1 num_paths=1 u=256, u,u,u,u sizes=4096,4096,3328,256 num_segments=16,16,13,1 num_paths=16 u=256, u,u,u,u,u sizes=4096,4096,4096,3328,256 num_segments=16,16,16,13,1 num_paths=77 u=256], input shapes: torch.Size([7, 13, 256]), torch.Size([139]), torch.Size([139, 16, 256])
2025-09-17 19:32:15.055 DEBUG: Calling TensorProductUniform4x1d: u,u,,u sizes=1024,256,16,4096 num_segments=4,1,16,16 num_paths=16 u=256, input shapes: torch.Size([1416, 1024]), torch.Size([1416, 256]), torch.Size([1416, 16])
2025-09-17 19:32:15.062 DEBUG: Calling SymmetricTensorContraction: [u,u,u sizes=4096,12544,2304 num_segments=16,49,9 num_paths=9 u=256, u,u,u,u sizes=4096,4096,12544,2304 num_segments=16,16,49,9 num_paths=125 u=256, u,u,u,u,u sizes=4096,4096,4096,12544,2304 num_segments=16,16,16,49,9 num_paths=1093 u=256], input shapes: torch.Size([7, 49, 256]), torch.Size([122]), torch.Size([122, 16, 256])
2025-09-17 19:32:15.066 DEBUG: Calling TensorProductUniform4x1d: u,u,,u sizes=4352,2304,16,18176 num_segments=17,9,16,71 num_paths=215 u=256, input shapes: torch.Size([1416, 4352]), torch.Size([1416, 2304]), torch.Size([1416, 16])
2025-09-17 19:32:15.070 DEBUG: Calling SymmetricTensorContraction: [u,u,u sizes=4096,3328,256 num_segments=16,13,1 num_paths=1 u=256, u,u,u,u sizes=4096,4096,3328,256 num_segments=16,16,13,1 num_paths=16 u=256, u,u,u,u,u sizes=4096,4096,4096,3328,256 num_segments=16,16,16,13,1 num_paths=77 u=256], input shapes: torch.Size([7, 13, 256]), torch.Size([122]), torch.Size([122, 16, 256])
2025-09-17 19:32:15.130 DEBUG: Calling TensorProductUniform4x1d: u,u,,u sizes=1024,256,16,4096 num_segments=4,1,16,16 num_paths=16 u=256, input shapes: torch.Size([1808, 1024]), torch.Size([1808, 256]), torch.Size([1808, 16])
2025-09-17 19:32:15.136 DEBUG: Calling SymmetricTensorContraction: [u,u,u sizes=4096,12544,2304 num_segments=16,49,9 num_paths=9 u=256, u,u,u,u sizes=4096,4096,12544,2304 num_segments=16,16,49,9 num_paths=125 u=256, u,u,u,u,u sizes=4096,4096,4096,12544,2304 num_segments=16,16,16,49,9 num_paths=1093 u=256], input shapes: torch.Size([7, 49, 256]), torch.Size([136]), torch.Size([136, 16, 256])
2025-09-17 19:32:15.141 DEBUG: Calling TensorProductUniform4x1d: u,u,,u sizes=4352,2304,16,18176 num_segments=17,9,16,71 num_paths=215 u=256, input shapes: torch.Size([1808, 4352]), torch.Size([1808, 2304]), torch.Size([1808, 16])
2025-09-17 19:32:15.147 DEBUG: Calling SymmetricTensorContraction: [u,u,u sizes=4096,3328,256 num_segments=16,13,1 num_paths=1 u=256, u,u,u,u sizes=4096,4096,3328,256 num_segments=16,16,13,1 num_paths=16 u=256, u,u,u,u,u sizes=4096,4096,4096,3328,256 num_segments=16,16,16,13,1 num_paths=77 u=256], input shapes: torch.Size([7, 13, 256]), torch.Size([136]), torch.Size([136, 16, 256])
2025-09-17 19:32:15.198 DEBUG: Calling TensorProductUniform4x1d: u,u,,u sizes=1024,256,16,4096 num_segments=4,1,16,16 num_paths=16 u=256, input shapes: torch.Size([1680, 1024]), torch.Size([1680, 256]), torch.Size([1680, 16])
2025-09-17 19:32:15.204 DEBUG: Calling SymmetricTensorContraction: [u,u,u sizes=4096,12544,2304 num_segments=16,49,9 num_paths=9 u=256, u,u,u,u sizes=4096,4096,12544,2304 num_segments=16,16,49,9 num_paths=125 u=256, u,u,u,u,u sizes=4096,4096,4096,12544,2304 num_segments=16,16,16,49,9 num_paths=1093 u=256], input shapes: torch.Size([7, 49, 256]), torch.Size([136]), torch.Size([136, 16, 256])
2025-09-17 19:32:15.208 DEBUG: Calling TensorProductUniform4x1d: u,u,,u sizes=4352,2304,16,18176 num_segments=17,9,16,71 num_paths=215 u=256, input shapes: torch.Size([1680, 4352]), torch.Size([1680, 2304]), torch.Size([1680, 16])
2025-09-17 19:32:15.212 DEBUG: Calling SymmetricTensorContraction: [u,u,u sizes=4096,3328,256 num_segments=16,13,1 num_paths=1 u=256, u,u,u,u sizes=4096,4096,3328,256 num_segments=16,16,13,1 num_paths=16 u=256, u,u,u,u,u sizes=4096,4096,4096,3328,256 num_segments=16,16,16,13,1 num_paths=77 u=256], input shapes: torch.Size([7, 13, 256]), torch.Size([136]), torch.Size([136, 16, 256])
2025-09-17 19:32:15.266 DEBUG: Calling TensorProductUniform4x1d: u,u,,u sizes=1024,256,16,4096 num_segments=4,1,16,16 num_paths=16 u=256, input shapes: torch.Size([1416, 1024]), torch.Size([1416, 256]), torch.Size([1416, 16])
2025-09-17 19:32:15.272 DEBUG: Calling SymmetricTensorContraction: [u,u,u sizes=4096,12544,2304 num_segments=16,49,9 num_paths=9 u=256, u,u,u,u sizes=4096,4096,12544,2304 num_segments=16,16,49,9 num_paths=125 u=256, u,u,u,u,u sizes=4096,4096,4096,12544,2304 num_segments=16,16,16,49,9 num_paths=1093 u=256], input shapes: torch.Size([7, 49, 256]), torch.Size([123]), torch.Size([123, 16, 256])
2025-09-17 19:32:15.277 DEBUG: Calling TensorProductUniform4x1d: u,u,,u sizes=4352,2304,16,18176 num_segments=17,9,16,71 num_paths=215 u=256, input shapes: torch.Size([1416, 4352]), torch.Size([1416, 2304]), torch.Size([1416, 16])
2025-09-17 19:32:15.281 DEBUG: Calling SymmetricTensorContraction: [u,u,u sizes=4096,3328,256 num_segments=16,13,1 num_paths=1 u=256, u,u,u,u sizes=4096,4096,3328,256 num_segments=16,16,13,1 num_paths=16 u=256, u,u,u,u,u sizes=4096,4096,4096,3328,256 num_segments=16,16,16,13,1 num_paths=77 u=256], input shapes: torch.Size([7, 13, 256]), torch.Size([123]), torch.Size([123, 16, 256])
2025-09-17 19:32:15.336 DEBUG: Calling TensorProductUniform4x1d: u,u,,u sizes=1024,256,16,4096 num_segments=4,1,16,16 num_paths=16 u=256, input shapes: torch.Size([1618, 1024]), torch.Size([1618, 256]), torch.Size([1618, 16])
2025-09-17 19:32:15.342 DEBUG: Calling SymmetricTensorContraction: [u,u,u sizes=4096,12544,2304 num_segments=16,49,9 num_paths=9 u=256, u,u,u,u sizes=4096,4096,12544,2304 num_segments=16,16,49,9 num_paths=125 u=256, u,u,u,u,u sizes=4096,4096,4096,12544,2304 num_segments=16,16,16,49,9 num_paths=1093 u=256], input shapes: torch.Size([7, 49, 256]), torch.Size([131]), torch.Size([131, 16, 256])
2025-09-17 19:32:15.347 DEBUG: Calling TensorProductUniform4x1d: u,u,,u sizes=4352,2304,16,18176 num_segments=17,9,16,71 num_paths=215 u=256, input shapes: torch.Size([1618, 4352]), torch.Size([1618, 2304]), torch.Size([1618, 16])
2025-09-17 19:32:15.351 DEBUG: Calling SymmetricTensorContraction: [u,u,u sizes=4096,3328,256 num_segments=16,13,1 num_paths=1 u=256, u,u,u,u sizes=4096,4096,3328,256 num_segments=16,16,13,1 num_paths=16 u=256, u,u,u,u,u sizes=4096,4096,4096,3328,256 num_segments=16,16,16,13,1 num_paths=77 u=256], input shapes: torch.Size([7, 13, 256]), torch.Size([131]), torch.Size([131, 16, 256])
2025-09-17 19:32:15.400 DEBUG: Calling TensorProductUniform4x1d: u,u,,u sizes=1024,256,16,4096 num_segments=4,1,16,16 num_paths=16 u=256, input shapes: torch.Size([1462, 1024]), torch.Size([1462, 256]), torch.Size([1462, 16])
2025-09-17 19:32:15.407 DEBUG: Calling SymmetricTensorContraction: [u,u,u sizes=4096,12544,2304 num_segments=16,49,9 num_paths=9 u=256, u,u,u,u sizes=4096,4096,12544,2304 num_segments=16,16,49,9 num_paths=125 u=256, u,u,u,u,u sizes=4096,4096,4096,12544,2304 num_segments=16,16,16,49,9 num_paths=1093 u=256], input shapes: torch.Size([7, 49, 256]), torch.Size([125]), torch.Size([125, 16, 256])
2025-09-17 19:32:15.411 DEBUG: Calling TensorProductUniform4x1d: u,u,,u sizes=4352,2304,16,18176 num_segments=17,9,16,71 num_paths=215 u=256, input shapes: torch.Size([1462, 4352]), torch.Size([1462, 2304]), torch.Size([1462, 16])
2025-09-17 19:32:15.415 DEBUG: Calling SymmetricTensorContraction: [u,u,u sizes=4096,3328,256 num_segments=16,13,1 num_paths=1 u=256, u,u,u,u sizes=4096,4096,3328,256 num_segments=16,16,13,1 num_paths=16 u=256, u,u,u,u,u sizes=4096,4096,4096,3328,256 num_segments=16,16,16,13,1 num_paths=77 u=256], input shapes: torch.Size([7, 13, 256]), torch.Size([125]), torch.Size([125, 16, 256])
2025-09-17 19:32:15.489 DEBUG: Calling TensorProductUniform4x1d: u,u,,u sizes=1024,256,16,4096 num_segments=4,1,16,16 num_paths=16 u=256, input shapes: torch.Size([1436, 1024]), torch.Size([1436, 256]), torch.Size([1436, 16])
2025-09-17 19:32:15.495 DEBUG: Calling SymmetricTensorContraction: [u,u,u sizes=4096,12544,2304 num_segments=16,49,9 num_paths=9 u=256, u,u,u,u sizes=4096,4096,12544,2304 num_segments=16,16,49,9 num_paths=125 u=256, u,u,u,u,u sizes=4096,4096,4096,12544,2304 num_segments=16,16,16,49,9 num_paths=1093 u=256], input shapes: torch.Size([7, 49, 256]), torch.Size([124]), torch.Size([124, 16, 256])
2025-09-17 19:32:15.499 DEBUG: Calling TensorProductUniform4x1d: u,u,,u sizes=4352,2304,16,18176 num_segments=17,9,16,71 num_paths=215 u=256, input shapes: torch.Size([1436, 4352]), torch.Size([1436, 2304]), torch.Size([1436, 16])
2025-09-17 19:32:15.503 DEBUG: Calling SymmetricTensorContraction: [u,u,u sizes=4096,3328,256 num_segments=16,13,1 num_paths=1 u=256, u,u,u,u sizes=4096,4096,3328,256 num_segments=16,16,13,1 num_paths=16 u=256, u,u,u,u,u sizes=4096,4096,4096,3328,256 num_segments=16,16,16,13,1 num_paths=77 u=256], input shapes: torch.Size([7, 13, 256]), torch.Size([124]), torch.Size([124, 16, 256])
2025-09-17 19:32:15.552 DEBUG: Calling TensorProductUniform4x1d: u,u,,u sizes=1024,256,16,4096 num_segments=4,1,16,16 num_paths=16 u=256, input shapes: torch.Size([1366, 1024]), torch.Size([1366, 256]), torch.Size([1366, 16])
2025-09-17 19:32:15.558 DEBUG: Calling SymmetricTensorContraction: [u,u,u sizes=4096,12544,2304 num_segments=16,49,9 num_paths=9 u=256, u,u,u,u sizes=4096,4096,12544,2304 num_segments=16,16,49,9 num_paths=125 u=256, u,u,u,u,u sizes=4096,4096,4096,12544,2304 num_segments=16,16,16,49,9 num_paths=1093 u=256], input shapes: torch.Size([7, 49, 256]), torch.Size([120]), torch.Size([120, 16, 256])
2025-09-17 19:32:15.562 DEBUG: Calling TensorProductUniform4x1d: u,u,,u sizes=4352,2304,16,18176 num_segments=17,9,16,71 num_paths=215 u=256, input shapes: torch.Size([1366, 4352]), torch.Size([1366, 2304]), torch.Size([1366, 16])
2025-09-17 19:32:15.566 DEBUG: Calling SymmetricTensorContraction: [u,u,u sizes=4096,3328,256 num_segments=16,13,1 num_paths=1 u=256, u,u,u,u sizes=4096,4096,3328,256 num_segments=16,16,13,1 num_paths=16 u=256, u,u,u,u,u sizes=4096,4096,4096,3328,256 num_segments=16,16,16,13,1 num_paths=77 u=256], input shapes: torch.Size([7, 13, 256]), torch.Size([120]), torch.Size([120, 16, 256])
2025-09-17 19:32:15.625 DEBUG: Calling TensorProductUniform4x1d: u,u,,u sizes=1024,256,16,4096 num_segments=4,1,16,16 num_paths=16 u=256, input shapes: torch.Size([1598, 1024]), torch.Size([1598, 256]), torch.Size([1598, 16])
2025-09-17 19:32:15.631 DEBUG: Calling SymmetricTensorContraction: [u,u,u sizes=4096,12544,2304 num_segments=16,49,9 num_paths=9 u=256, u,u,u,u sizes=4096,4096,12544,2304 num_segments=16,16,49,9 num_paths=125 u=256, u,u,u,u,u sizes=4096,4096,4096,12544,2304 num_segments=16,16,16,49,9 num_paths=1093 u=256], input shapes: torch.Size([7, 49, 256]), torch.Size([130]), torch.Size([130, 16, 256])
2025-09-17 19:32:15.635 DEBUG: Calling TensorProductUniform4x1d: u,u,,u sizes=4352,2304,16,18176 num_segments=17,9,16,71 num_paths=215 u=256, input shapes: torch.Size([1598, 4352]), torch.Size([1598, 2304]), torch.Size([1598, 16])
2025-09-17 19:32:15.640 DEBUG: Calling SymmetricTensorContraction: [u,u,u sizes=4096,3328,256 num_segments=16,13,1 num_paths=1 u=256, u,u,u,u sizes=4096,4096,3328,256 num_segments=16,16,13,1 num_paths=16 u=256, u,u,u,u,u sizes=4096,4096,4096,3328,256 num_segments=16,16,16,13,1 num_paths=77 u=256], input shapes: torch.Size([7, 13, 256]), torch.Size([130]), torch.Size([130, 16, 256])
2025-09-17 19:32:15.691 DEBUG: Calling TensorProductUniform4x1d: u,u,,u sizes=1024,256,16,4096 num_segments=4,1,16,16 num_paths=16 u=256, input shapes: torch.Size([1556, 1024]), torch.Size([1556, 256]), torch.Size([1556, 16])
2025-09-17 19:32:15.697 DEBUG: Calling SymmetricTensorContraction: [u,u,u sizes=4096,12544,2304 num_segments=16,49,9 num_paths=9 u=256, u,u,u,u sizes=4096,4096,12544,2304 num_segments=16,16,49,9 num_paths=125 u=256, u,u,u,u,u sizes=4096,4096,4096,12544,2304 num_segments=16,16,16,49,9 num_paths=1093 u=256], input shapes: torch.Size([7, 49, 256]), torch.Size([129]), torch.Size([129, 16, 256])
2025-09-17 19:32:15.701 DEBUG: Calling TensorProductUniform4x1d: u,u,,u sizes=4352,2304,16,18176 num_segments=17,9,16,71 num_paths=215 u=256, input shapes: torch.Size([1556, 4352]), torch.Size([1556, 2304]), torch.Size([1556, 16])
2025-09-17 19:32:15.705 DEBUG: Calling SymmetricTensorContraction: [u,u,u sizes=4096,3328,256 num_segments=16,13,1 num_paths=1 u=256, u,u,u,u sizes=4096,4096,3328,256 num_segments=16,16,13,1 num_paths=16 u=256, u,u,u,u,u sizes=4096,4096,4096,3328,256 num_segments=16,16,16,13,1 num_paths=77 u=256], input shapes: torch.Size([7, 13, 256]), torch.Size([129]), torch.Size([129, 16, 256])
2025-09-17 19:32:15.760 DEBUG: Calling TensorProductUniform4x1d: u,u,,u sizes=1024,256,16,4096 num_segments=4,1,16,16 num_paths=16 u=256, input shapes: torch.Size([1422, 1024]), torch.Size([1422, 256]), torch.Size([1422, 16])
2025-09-17 19:32:15.767 DEBUG: Calling SymmetricTensorContraction: [u,u,u sizes=4096,12544,2304 num_segments=16,49,9 num_paths=9 u=256, u,u,u,u sizes=4096,4096,12544,2304 num_segments=16,16,49,9 num_paths=125 u=256, u,u,u,u,u sizes=4096,4096,4096,12544,2304 num_segments=16,16,16,49,9 num_paths=1093 u=256], input shapes: torch.Size([7, 49, 256]), torch.Size([124]), torch.Size([124, 16, 256])
2025-09-17 19:32:15.771 DEBUG: Calling TensorProductUniform4x1d: u,u,,u sizes=4352,2304,16,18176 num_segments=17,9,16,71 num_paths=215 u=256, input shapes: torch.Size([1422, 4352]), torch.Size([1422, 2304]), torch.Size([1422, 16])
2025-09-17 19:32:15.776 DEBUG: Calling SymmetricTensorContraction: [u,u,u sizes=4096,3328,256 num_segments=16,13,1 num_paths=1 u=256, u,u,u,u sizes=4096,4096,3328,256 num_segments=16,16,13,1 num_paths=16 u=256, u,u,u,u,u sizes=4096,4096,4096,3328,256 num_segments=16,16,16,13,1 num_paths=77 u=256], input shapes: torch.Size([7, 13, 256]), torch.Size([124]), torch.Size([124, 16, 256])
2025-09-17 19:32:15.826 DEBUG: Calling TensorProductUniform4x1d: u,u,,u sizes=1024,256,16,4096 num_segments=4,1,16,16 num_paths=16 u=256, input shapes: torch.Size([1466, 1024]), torch.Size([1466, 256]), torch.Size([1466, 16])
2025-09-17 19:32:15.833 DEBUG: Calling SymmetricTensorContraction: [u,u,u sizes=4096,12544,2304 num_segments=16,49,9 num_paths=9 u=256, u,u,u,u sizes=4096,4096,12544,2304 num_segments=16,16,49,9 num_paths=125 u=256, u,u,u,u,u sizes=4096,4096,4096,12544,2304 num_segments=16,16,16,49,9 num_paths=1093 u=256], input shapes: torch.Size([7, 49, 256]), torch.Size([125]), torch.Size([125, 16, 256])
2025-09-17 19:32:15.837 DEBUG: Calling TensorProductUniform4x1d: u,u,,u sizes=4352,2304,16,18176 num_segments=17,9,16,71 num_paths=215 u=256, input shapes: torch.Size([1466, 4352]), torch.Size([1466, 2304]), torch.Size([1466, 16])
2025-09-17 19:32:15.842 DEBUG: Calling SymmetricTensorContraction: [u,u,u sizes=4096,3328,256 num_segments=16,13,1 num_paths=1 u=256, u,u,u,u sizes=4096,4096,3328,256 num_segments=16,16,13,1 num_paths=16 u=256, u,u,u,u,u sizes=4096,4096,4096,3328,256 num_segments=16,16,16,13,1 num_paths=77 u=256], input shapes: torch.Size([7, 13, 256]), torch.Size([125]), torch.Size([125, 16, 256])
2025-09-17 19:32:15.905 DEBUG: Calling TensorProductUniform4x1d: u,u,,u sizes=1024,256,16,4096 num_segments=4,1,16,16 num_paths=16 u=256, input shapes: torch.Size([1910, 1024]), torch.Size([1910, 256]), torch.Size([1910, 16])
2025-09-17 19:32:15.912 DEBUG: Calling SymmetricTensorContraction: [u,u,u sizes=4096,12544,2304 num_segments=16,49,9 num_paths=9 u=256, u,u,u,u sizes=4096,4096,12544,2304 num_segments=16,16,49,9 num_paths=125 u=256, u,u,u,u,u sizes=4096,4096,4096,12544,2304 num_segments=16,16,16,49,9 num_paths=1093 u=256], input shapes: torch.Size([7, 49, 256]), torch.Size([141]), torch.Size([141, 16, 256])
2025-09-17 19:32:15.932 DEBUG: Calling TensorProductUniform4x1d: u,u,,u sizes=4352,2304,16,18176 num_segments=17,9,16,71 num_paths=215 u=256, input shapes: torch.Size([1910, 4352]), torch.Size([1910, 2304]), torch.Size([1910, 16])
2025-09-17 19:32:15.939 DEBUG: Calling SymmetricTensorContraction: [u,u,u sizes=4096,3328,256 num_segments=16,13,1 num_paths=1 u=256, u,u,u,u sizes=4096,4096,3328,256 num_segments=16,16,13,1 num_paths=16 u=256, u,u,u,u,u sizes=4096,4096,4096,3328,256 num_segments=16,16,16,13,1 num_paths=77 u=256], input shapes: torch.Size([7, 13, 256]), torch.Size([141]), torch.Size([141, 16, 256])
2025-09-17 19:32:16.002 DEBUG: Calling TensorProductUniform4x1d: u,u,,u sizes=1024,256,16,4096 num_segments=4,1,16,16 num_paths=16 u=256, input shapes: torch.Size([1504, 1024]), torch.Size([1504, 256]), torch.Size([1504, 16])
2025-09-17 19:32:16.008 DEBUG: Calling SymmetricTensorContraction: [u,u,u sizes=4096,12544,2304 num_segments=16,49,9 num_paths=9 u=256, u,u,u,u sizes=4096,4096,12544,2304 num_segments=16,16,49,9 num_paths=125 u=256, u,u,u,u,u sizes=4096,4096,4096,12544,2304 num_segments=16,16,16,49,9 num_paths=1093 u=256], input shapes: torch.Size([7, 49, 256]), torch.Size([124]), torch.Size([124, 16, 256])
2025-09-17 19:32:16.012 DEBUG: Calling TensorProductUniform4x1d: u,u,,u sizes=4352,2304,16,18176 num_segments=17,9,16,71 num_paths=215 u=256, input shapes: torch.Size([1504, 4352]), torch.Size([1504, 2304]), torch.Size([1504, 16])
2025-09-17 19:32:16.016 DEBUG: Calling SymmetricTensorContraction: [u,u,u sizes=4096,3328,256 num_segments=16,13,1 num_paths=1 u=256, u,u,u,u sizes=4096,4096,3328,256 num_segments=16,16,13,1 num_paths=16 u=256, u,u,u,u,u sizes=4096,4096,4096,3328,256 num_segments=16,16,16,13,1 num_paths=77 u=256], input shapes: torch.Size([7, 13, 256]), torch.Size([124]), torch.Size([124, 16, 256])
2025-09-17 19:32:16.068 DEBUG: Calling TensorProductUniform4x1d: u,u,,u sizes=1024,256,16,4096 num_segments=4,1,16,16 num_paths=16 u=256, input shapes: torch.Size([1536, 1024]), torch.Size([1536, 256]), torch.Size([1536, 16])
2025-09-17 19:32:16.075 DEBUG: Calling SymmetricTensorContraction: [u,u,u sizes=4096,12544,2304 num_segments=16,49,9 num_paths=9 u=256, u,u,u,u sizes=4096,4096,12544,2304 num_segments=16,16,49,9 num_paths=125 u=256, u,u,u,u,u sizes=4096,4096,4096,12544,2304 num_segments=16,16,16,49,9 num_paths=1093 u=256], input shapes: torch.Size([7, 49, 256]), torch.Size([124]), torch.Size([124, 16, 256])
2025-09-17 19:32:16.079 DEBUG: Calling TensorProductUniform4x1d: u,u,,u sizes=4352,2304,16,18176 num_segments=17,9,16,71 num_paths=215 u=256, input shapes: torch.Size([1536, 4352]), torch.Size([1536, 2304]), torch.Size([1536, 16])
2025-09-17 19:32:16.083 DEBUG: Calling SymmetricTensorContraction: [u,u,u sizes=4096,3328,256 num_segments=16,13,1 num_paths=1 u=256, u,u,u,u sizes=4096,4096,3328,256 num_segments=16,16,13,1 num_paths=16 u=256, u,u,u,u,u sizes=4096,4096,4096,3328,256 num_segments=16,16,16,13,1 num_paths=77 u=256], input shapes: torch.Size([7, 13, 256]), torch.Size([124]), torch.Size([124, 16, 256])
2025-09-17 19:32:16.137 DEBUG: Calling TensorProductUniform4x1d: u,u,,u sizes=1024,256,16,4096 num_segments=4,1,16,16 num_paths=16 u=256, input shapes: torch.Size([1364, 1024]), torch.Size([1364, 256]), torch.Size([1364, 16])
2025-09-17 19:32:16.143 DEBUG: Calling SymmetricTensorContraction: [u,u,u sizes=4096,12544,2304 num_segments=16,49,9 num_paths=9 u=256, u,u,u,u sizes=4096,4096,12544,2304 num_segments=16,16,49,9 num_paths=125 u=256, u,u,u,u,u sizes=4096,4096,4096,12544,2304 num_segments=16,16,16,49,9 num_paths=1093 u=256], input shapes: torch.Size([7, 49, 256]), torch.Size([121]), torch.Size([121, 16, 256])
2025-09-17 19:32:16.147 DEBUG: Calling TensorProductUniform4x1d: u,u,,u sizes=4352,2304,16,18176 num_segments=17,9,16,71 num_paths=215 u=256, input shapes: torch.Size([1364, 4352]), torch.Size([1364, 2304]), torch.Size([1364, 16])
2025-09-17 19:32:16.152 DEBUG: Calling SymmetricTensorContraction: [u,u,u sizes=4096,3328,256 num_segments=16,13,1 num_paths=1 u=256, u,u,u,u sizes=4096,4096,3328,256 num_segments=16,16,13,1 num_paths=16 u=256, u,u,u,u,u sizes=4096,4096,4096,3328,256 num_segments=16,16,16,13,1 num_paths=77 u=256], input shapes: torch.Size([7, 13, 256]), torch.Size([121]), torch.Size([121, 16, 256])
2025-09-17 19:32:16.207 DEBUG: Calling TensorProductUniform4x1d: u,u,,u sizes=1024,256,16,4096 num_segments=4,1,16,16 num_paths=16 u=256, input shapes: torch.Size([1608, 1024]), torch.Size([1608, 256]), torch.Size([1608, 16])
2025-09-17 19:32:16.213 DEBUG: Calling SymmetricTensorContraction: [u,u,u sizes=4096,12544,2304 num_segments=16,49,9 num_paths=9 u=256, u,u,u,u sizes=4096,4096,12544,2304 num_segments=16,16,49,9 num_paths=125 u=256, u,u,u,u,u sizes=4096,4096,4096,12544,2304 num_segments=16,16,16,49,9 num_paths=1093 u=256], input shapes: torch.Size([7, 49, 256]), torch.Size([130]), torch.Size([130, 16, 256])
2025-09-17 19:32:16.217 DEBUG: Calling TensorProductUniform4x1d: u,u,,u sizes=4352,2304,16,18176 num_segments=17,9,16,71 num_paths=215 u=256, input shapes: torch.Size([1608, 4352]), torch.Size([1608, 2304]), torch.Size([1608, 16])
2025-09-17 19:32:16.222 DEBUG: Calling SymmetricTensorContraction: [u,u,u sizes=4096,3328,256 num_segments=16,13,1 num_paths=1 u=256, u,u,u,u sizes=4096,4096,3328,256 num_segments=16,16,13,1 num_paths=16 u=256, u,u,u,u,u sizes=4096,4096,4096,3328,256 num_segments=16,16,16,13,1 num_paths=77 u=256], input shapes: torch.Size([7, 13, 256]), torch.Size([130]), torch.Size([130, 16, 256])
2025-09-17 19:32:16.278 DEBUG: Calling TensorProductUniform4x1d: u,u,,u sizes=1024,256,16,4096 num_segments=4,1,16,16 num_paths=16 u=256, input shapes: torch.Size([1488, 1024]), torch.Size([1488, 256]), torch.Size([1488, 16])
2025-09-17 19:32:16.285 DEBUG: Calling SymmetricTensorContraction: [u,u,u sizes=4096,12544,2304 num_segments=16,49,9 num_paths=9 u=256, u,u,u,u sizes=4096,4096,12544,2304 num_segments=16,16,49,9 num_paths=125 u=256, u,u,u,u,u sizes=4096,4096,4096,12544,2304 num_segments=16,16,16,49,9 num_paths=1093 u=256], input shapes: torch.Size([7, 49, 256]), torch.Size([125]), torch.Size([125, 16, 256])
2025-09-17 19:32:16.289 DEBUG: Calling TensorProductUniform4x1d: u,u,,u sizes=4352,2304,16,18176 num_segments=17,9,16,71 num_paths=215 u=256, input shapes: torch.Size([1488, 4352]), torch.Size([1488, 2304]), torch.Size([1488, 16])
2025-09-17 19:32:16.294 DEBUG: Calling SymmetricTensorContraction: [u,u,u sizes=4096,3328,256 num_segments=16,13,1 num_paths=1 u=256, u,u,u,u sizes=4096,4096,3328,256 num_segments=16,16,13,1 num_paths=16 u=256, u,u,u,u,u sizes=4096,4096,4096,3328,256 num_segments=16,16,16,13,1 num_paths=77 u=256], input shapes: torch.Size([7, 13, 256]), torch.Size([125]), torch.Size([125, 16, 256])
2025-09-17 19:32:16.341 DEBUG: Calling TensorProductUniform4x1d: u,u,,u sizes=1024,256,16,4096 num_segments=4,1,16,16 num_paths=16 u=256, input shapes: torch.Size([1742, 1024]), torch.Size([1742, 256]), torch.Size([1742, 16])
2025-09-17 19:32:16.355 DEBUG: Calling SymmetricTensorContraction: [u,u,u sizes=4096,12544,2304 num_segments=16,49,9 num_paths=9 u=256, u,u,u,u sizes=4096,4096,12544,2304 num_segments=16,16,49,9 num_paths=125 u=256, u,u,u,u,u sizes=4096,4096,4096,12544,2304 num_segments=16,16,16,49,9 num_paths=1093 u=256], input shapes: torch.Size([7, 49, 256]), torch.Size([136]), torch.Size([136, 16, 256])
2025-09-17 19:32:16.360 DEBUG: Calling TensorProductUniform4x1d: u,u,,u sizes=4352,2304,16,18176 num_segments=17,9,16,71 num_paths=215 u=256, input shapes: torch.Size([1742, 4352]), torch.Size([1742, 2304]), torch.Size([1742, 16])
2025-09-17 19:32:16.377 DEBUG: Calling SymmetricTensorContraction: [u,u,u sizes=4096,3328,256 num_segments=16,13,1 num_paths=1 u=256, u,u,u,u sizes=4096,4096,3328,256 num_segments=16,16,13,1 num_paths=16 u=256, u,u,u,u,u sizes=4096,4096,4096,3328,256 num_segments=16,16,16,13,1 num_paths=77 u=256], input shapes: torch.Size([7, 13, 256]), torch.Size([136]), torch.Size([136, 16, 256])
2025-09-17 19:32:16.440 DEBUG: Calling TensorProductUniform4x1d: u,u,,u sizes=1024,256,16,4096 num_segments=4,1,16,16 num_paths=16 u=256, input shapes: torch.Size([1614, 1024]), torch.Size([1614, 256]), torch.Size([1614, 16])
2025-09-17 19:32:16.454 DEBUG: Calling SymmetricTensorContraction: [u,u,u sizes=4096,12544,2304 num_segments=16,49,9 num_paths=9 u=256, u,u,u,u sizes=4096,4096,12544,2304 num_segments=16,16,49,9 num_paths=125 u=256, u,u,u,u,u sizes=4096,4096,4096,12544,2304 num_segments=16,16,16,49,9 num_paths=1093 u=256], input shapes: torch.Size([7, 49, 256]), torch.Size([131]), torch.Size([131, 16, 256])
2025-09-17 19:32:16.460 DEBUG: Calling TensorProductUniform4x1d: u,u,,u sizes=4352,2304,16,18176 num_segments=17,9,16,71 num_paths=215 u=256, input shapes: torch.Size([1614, 4352]), torch.Size([1614, 2304]), torch.Size([1614, 16])
2025-09-17 19:32:16.466 DEBUG: Calling SymmetricTensorContraction: [u,u,u sizes=4096,3328,256 num_segments=16,13,1 num_paths=1 u=256, u,u,u,u sizes=4096,4096,3328,256 num_segments=16,16,13,1 num_paths=16 u=256, u,u,u,u,u sizes=4096,4096,4096,3328,256 num_segments=16,16,16,13,1 num_paths=77 u=256], input shapes: torch.Size([7, 13, 256]), torch.Size([131]), torch.Size([131, 16, 256])
2025-09-17 19:32:16.519 DEBUG: Calling TensorProductUniform4x1d: u,u,,u sizes=1024,256,16,4096 num_segments=4,1,16,16 num_paths=16 u=256, input shapes: torch.Size([1450, 1024]), torch.Size([1450, 256]), torch.Size([1450, 16])
2025-09-17 19:32:16.526 DEBUG: Calling SymmetricTensorContraction: [u,u,u sizes=4096,12544,2304 num_segments=16,49,9 num_paths=9 u=256, u,u,u,u sizes=4096,4096,12544,2304 num_segments=16,16,49,9 num_paths=125 u=256, u,u,u,u,u sizes=4096,4096,4096,12544,2304 num_segments=16,16,16,49,9 num_paths=1093 u=256], input shapes: torch.Size([7, 49, 256]), torch.Size([122]), torch.Size([122, 16, 256])
2025-09-17 19:32:16.531 DEBUG: Calling TensorProductUniform4x1d: u,u,,u sizes=4352,2304,16,18176 num_segments=17,9,16,71 num_paths=215 u=256, input shapes: torch.Size([1450, 4352]), torch.Size([1450, 2304]), torch.Size([1450, 16])
2025-09-17 19:32:16.535 DEBUG: Calling SymmetricTensorContraction: [u,u,u sizes=4096,3328,256 num_segments=16,13,1 num_paths=1 u=256, u,u,u,u sizes=4096,4096,3328,256 num_segments=16,16,13,1 num_paths=16 u=256, u,u,u,u,u sizes=4096,4096,4096,3328,256 num_segments=16,16,16,13,1 num_paths=77 u=256], input shapes: torch.Size([7, 13, 256]), torch.Size([122]), torch.Size([122, 16, 256])
2025-09-17 19:32:16.589 DEBUG: Calling TensorProductUniform4x1d: u,u,,u sizes=1024,256,16,4096 num_segments=4,1,16,16 num_paths=16 u=256, input shapes: torch.Size([1438, 1024]), torch.Size([1438, 256]), torch.Size([1438, 16])
2025-09-17 19:32:16.596 DEBUG: Calling SymmetricTensorContraction: [u,u,u sizes=4096,12544,2304 num_segments=16,49,9 num_paths=9 u=256, u,u,u,u sizes=4096,4096,12544,2304 num_segments=16,16,49,9 num_paths=125 u=256, u,u,u,u,u sizes=4096,4096,4096,12544,2304 num_segments=16,16,16,49,9 num_paths=1093 u=256], input shapes: torch.Size([7, 49, 256]), torch.Size([123]), torch.Size([123, 16, 256])
2025-09-17 19:32:16.600 DEBUG: Calling TensorProductUniform4x1d: u,u,,u sizes=4352,2304,16,18176 num_segments=17,9,16,71 num_paths=215 u=256, input shapes: torch.Size([1438, 4352]), torch.Size([1438, 2304]), torch.Size([1438, 16])
2025-09-17 19:32:16.604 DEBUG: Calling SymmetricTensorContraction: [u,u,u sizes=4096,3328,256 num_segments=16,13,1 num_paths=1 u=256, u,u,u,u sizes=4096,4096,3328,256 num_segments=16,16,13,1 num_paths=16 u=256, u,u,u,u,u sizes=4096,4096,4096,3328,256 num_segments=16,16,16,13,1 num_paths=77 u=256], input shapes: torch.Size([7, 13, 256]), torch.Size([123]), torch.Size([123, 16, 256])
2025-09-17 19:32:16.659 DEBUG: Calling TensorProductUniform4x1d: u,u,,u sizes=1024,256,16,4096 num_segments=4,1,16,16 num_paths=16 u=256, input shapes: torch.Size([1596, 1024]), torch.Size([1596, 256]), torch.Size([1596, 16])
2025-09-17 19:32:16.665 DEBUG: Calling SymmetricTensorContraction: [u,u,u sizes=4096,12544,2304 num_segments=16,49,9 num_paths=9 u=256, u,u,u,u sizes=4096,4096,12544,2304 num_segments=16,16,49,9 num_paths=125 u=256, u,u,u,u,u sizes=4096,4096,4096,12544,2304 num_segments=16,16,16,49,9 num_paths=1093 u=256], input shapes: torch.Size([7, 49, 256]), torch.Size([130]), torch.Size([130, 16, 256])
2025-09-17 19:32:16.669 DEBUG: Calling TensorProductUniform4x1d: u,u,,u sizes=4352,2304,16,18176 num_segments=17,9,16,71 num_paths=215 u=256, input shapes: torch.Size([1596, 4352]), torch.Size([1596, 2304]), torch.Size([1596, 16])
2025-09-17 19:32:16.673 DEBUG: Calling SymmetricTensorContraction: [u,u,u sizes=4096,3328,256 num_segments=16,13,1 num_paths=1 u=256, u,u,u,u sizes=4096,4096,3328,256 num_segments=16,16,13,1 num_paths=16 u=256, u,u,u,u,u sizes=4096,4096,4096,3328,256 num_segments=16,16,16,13,1 num_paths=77 u=256], input shapes: torch.Size([7, 13, 256]), torch.Size([130]), torch.Size([130, 16, 256])
2025-09-17 19:32:16.722 DEBUG: Calling TensorProductUniform4x1d: u,u,,u sizes=1024,256,16,4096 num_segments=4,1,16,16 num_paths=16 u=256, input shapes: torch.Size([1528, 1024]), torch.Size([1528, 256]), torch.Size([1528, 16])
2025-09-17 19:32:16.728 DEBUG: Calling SymmetricTensorContraction: [u,u,u sizes=4096,12544,2304 num_segments=16,49,9 num_paths=9 u=256, u,u,u,u sizes=4096,4096,12544,2304 num_segments=16,16,49,9 num_paths=125 u=256, u,u,u,u,u sizes=4096,4096,4096,12544,2304 num_segments=16,16,16,49,9 num_paths=1093 u=256], input shapes: torch.Size([7, 49, 256]), torch.Size([126]), torch.Size([126, 16, 256])
2025-09-17 19:32:16.732 DEBUG: Calling TensorProductUniform4x1d: u,u,,u sizes=4352,2304,16,18176 num_segments=17,9,16,71 num_paths=215 u=256, input shapes: torch.Size([1528, 4352]), torch.Size([1528, 2304]), torch.Size([1528, 16])
2025-09-17 19:32:16.736 DEBUG: Calling SymmetricTensorContraction: [u,u,u sizes=4096,3328,256 num_segments=16,13,1 num_paths=1 u=256, u,u,u,u sizes=4096,4096,3328,256 num_segments=16,16,13,1 num_paths=16 u=256, u,u,u,u,u sizes=4096,4096,4096,3328,256 num_segments=16,16,16,13,1 num_paths=77 u=256], input shapes: torch.Size([7, 13, 256]), torch.Size([126]), torch.Size([126, 16, 256])
2025-09-17 19:32:16.789 DEBUG: Calling TensorProductUniform4x1d: u,u,,u sizes=1024,256,16,4096 num_segments=4,1,16,16 num_paths=16 u=256, input shapes: torch.Size([1872, 1024]), torch.Size([1872, 256]), torch.Size([1872, 16])
2025-09-17 19:32:16.796 DEBUG: Calling SymmetricTensorContraction: [u,u,u sizes=4096,12544,2304 num_segments=16,49,9 num_paths=9 u=256, u,u,u,u sizes=4096,4096,12544,2304 num_segments=16,16,49,9 num_paths=125 u=256, u,u,u,u,u sizes=4096,4096,4096,12544,2304 num_segments=16,16,16,49,9 num_paths=1093 u=256], input shapes: torch.Size([7, 49, 256]), torch.Size([142]), torch.Size([142, 16, 256])
2025-09-17 19:32:16.800 DEBUG: Calling TensorProductUniform4x1d: u,u,,u sizes=4352,2304,16,18176 num_segments=17,9,16,71 num_paths=215 u=256, input shapes: torch.Size([1872, 4352]), torch.Size([1872, 2304]), torch.Size([1872, 16])
2025-09-17 19:32:16.804 DEBUG: Calling SymmetricTensorContraction: [u,u,u sizes=4096,3328,256 num_segments=16,13,1 num_paths=1 u=256, u,u,u,u sizes=4096,4096,3328,256 num_segments=16,16,13,1 num_paths=16 u=256, u,u,u,u,u sizes=4096,4096,4096,3328,256 num_segments=16,16,16,13,1 num_paths=77 u=256], input shapes: torch.Size([7, 13, 256]), torch.Size([142]), torch.Size([142, 16, 256])
2025-09-17 19:32:16.859 DEBUG: Calling TensorProductUniform4x1d: u,u,,u sizes=1024,256,16,4096 num_segments=4,1,16,16 num_paths=16 u=256, input shapes: torch.Size([1538, 1024]), torch.Size([1538, 256]), torch.Size([1538, 16])
2025-09-17 19:32:16.865 DEBUG: Calling SymmetricTensorContraction: [u,u,u sizes=4096,12544,2304 num_segments=16,49,9 num_paths=9 u=256, u,u,u,u sizes=4096,4096,12544,2304 num_segments=16,16,49,9 num_paths=125 u=256, u,u,u,u,u sizes=4096,4096,4096,12544,2304 num_segments=16,16,16,49,9 num_paths=1093 u=256], input shapes: torch.Size([7, 49, 256]), torch.Size([128]), torch.Size([128, 16, 256])
2025-09-17 19:32:16.869 DEBUG: Calling TensorProductUniform4x1d: u,u,,u sizes=4352,2304,16,18176 num_segments=17,9,16,71 num_paths=215 u=256, input shapes: torch.Size([1538, 4352]), torch.Size([1538, 2304]), torch.Size([1538, 16])
2025-09-17 19:32:16.873 DEBUG: Calling SymmetricTensorContraction: [u,u,u sizes=4096,3328,256 num_segments=16,13,1 num_paths=1 u=256, u,u,u,u sizes=4096,4096,3328,256 num_segments=16,16,13,1 num_paths=16 u=256, u,u,u,u,u sizes=4096,4096,4096,3328,256 num_segments=16,16,16,13,1 num_paths=77 u=256], input shapes: torch.Size([7, 13, 256]), torch.Size([128]), torch.Size([128, 16, 256])
2025-09-17 19:32:16.929 DEBUG: Calling TensorProductUniform4x1d: u,u,,u sizes=1024,256,16,4096 num_segments=4,1,16,16 num_paths=16 u=256, input shapes: torch.Size([1058, 1024]), torch.Size([1058, 256]), torch.Size([1058, 16])
2025-09-17 19:32:16.935 DEBUG: Calling SymmetricTensorContraction: [u,u,u sizes=4096,12544,2304 num_segments=16,49,9 num_paths=9 u=256, u,u,u,u sizes=4096,4096,12544,2304 num_segments=16,16,49,9 num_paths=125 u=256, u,u,u,u,u sizes=4096,4096,4096,12544,2304 num_segments=16,16,16,49,9 num_paths=1093 u=256], input shapes: torch.Size([7, 49, 256]), torch.Size([106]), torch.Size([106, 16, 256])
2025-09-17 19:32:16.939 DEBUG: Calling TensorProductUniform4x1d: u,u,,u sizes=4352,2304,16,18176 num_segments=17,9,16,71 num_paths=215 u=256, input shapes: torch.Size([1058, 4352]), torch.Size([1058, 2304]), torch.Size([1058, 16])
2025-09-17 19:32:16.943 DEBUG: Calling SymmetricTensorContraction: [u,u,u sizes=4096,3328,256 num_segments=16,13,1 num_paths=1 u=256, u,u,u,u sizes=4096,4096,3328,256 num_segments=16,16,13,1 num_paths=16 u=256, u,u,u,u,u sizes=4096,4096,4096,3328,256 num_segments=16,16,16,13,1 num_paths=77 u=256], input shapes: torch.Size([7, 13, 256]), torch.Size([106]), torch.Size([106, 16, 256])
2025-09-17 19:32:16.996 DEBUG: Calling TensorProductUniform4x1d: u,u,,u sizes=1024,256,16,4096 num_segments=4,1,16,16 num_paths=16 u=256, input shapes: torch.Size([1304, 1024]), torch.Size([1304, 256]), torch.Size([1304, 16])
2025-09-17 19:32:17.002 DEBUG: Calling SymmetricTensorContraction: [u,u,u sizes=4096,12544,2304 num_segments=16,49,9 num_paths=9 u=256, u,u,u,u sizes=4096,4096,12544,2304 num_segments=16,16,49,9 num_paths=125 u=256, u,u,u,u,u sizes=4096,4096,4096,12544,2304 num_segments=16,16,16,49,9 num_paths=1093 u=256], input shapes: torch.Size([7, 49, 256]), torch.Size([118]), torch.Size([118, 16, 256])
2025-09-17 19:32:17.006 DEBUG: Calling TensorProductUniform4x1d: u,u,,u sizes=4352,2304,16,18176 num_segments=17,9,16,71 num_paths=215 u=256, input shapes: torch.Size([1304, 4352]), torch.Size([1304, 2304]), torch.Size([1304, 16])
2025-09-17 19:32:17.011 DEBUG: Calling SymmetricTensorContraction: [u,u,u sizes=4096,3328,256 num_segments=16,13,1 num_paths=1 u=256, u,u,u,u sizes=4096,4096,3328,256 num_segments=16,16,13,1 num_paths=16 u=256, u,u,u,u,u sizes=4096,4096,4096,3328,256 num_segments=16,16,16,13,1 num_paths=77 u=256], input shapes: torch.Size([7, 13, 256]), torch.Size([118]), torch.Size([118, 16, 256])
2025-09-17 19:32:17.064 DEBUG: Calling TensorProductUniform4x1d: u,u,,u sizes=1024,256,16,4096 num_segments=4,1,16,16 num_paths=16 u=256, input shapes: torch.Size([1942, 1024]), torch.Size([1942, 256]), torch.Size([1942, 16])
2025-09-17 19:32:17.070 DEBUG: Calling SymmetricTensorContraction: [u,u,u sizes=4096,12544,2304 num_segments=16,49,9 num_paths=9 u=256, u,u,u,u sizes=4096,4096,12544,2304 num_segments=16,16,49,9 num_paths=125 u=256, u,u,u,u,u sizes=4096,4096,4096,12544,2304 num_segments=16,16,16,49,9 num_paths=1093 u=256], input shapes: torch.Size([7, 49, 256]), torch.Size([142]), torch.Size([142, 16, 256])
2025-09-17 19:32:17.075 DEBUG: Calling TensorProductUniform4x1d: u,u,,u sizes=4352,2304,16,18176 num_segments=17,9,16,71 num_paths=215 u=256, input shapes: torch.Size([1942, 4352]), torch.Size([1942, 2304]), torch.Size([1942, 16])
2025-09-17 19:32:17.080 DEBUG: Calling SymmetricTensorContraction: [u,u,u sizes=4096,3328,256 num_segments=16,13,1 num_paths=1 u=256, u,u,u,u sizes=4096,4096,3328,256 num_segments=16,16,13,1 num_paths=16 u=256, u,u,u,u,u sizes=4096,4096,4096,3328,256 num_segments=16,16,16,13,1 num_paths=77 u=256], input shapes: torch.Size([7, 13, 256]), torch.Size([142]), torch.Size([142, 16, 256])
2025-09-17 19:32:17.132 DEBUG: Calling TensorProductUniform4x1d: u,u,,u sizes=1024,256,16,4096 num_segments=4,1,16,16 num_paths=16 u=256, input shapes: torch.Size([1642, 1024]), torch.Size([1642, 256]), torch.Size([1642, 16])
2025-09-17 19:32:17.138 DEBUG: Calling SymmetricTensorContraction: [u,u,u sizes=4096,12544,2304 num_segments=16,49,9 num_paths=9 u=256, u,u,u,u sizes=4096,4096,12544,2304 num_segments=16,16,49,9 num_paths=125 u=256, u,u,u,u,u sizes=4096,4096,4096,12544,2304 num_segments=16,16,16,49,9 num_paths=1093 u=256], input shapes: torch.Size([7, 49, 256]), torch.Size([132]), torch.Size([132, 16, 256])
2025-09-17 19:32:17.142 DEBUG: Calling TensorProductUniform4x1d: u,u,,u sizes=4352,2304,16,18176 num_segments=17,9,16,71 num_paths=215 u=256, input shapes: torch.Size([1642, 4352]), torch.Size([1642, 2304]), torch.Size([1642, 16])
2025-09-17 19:32:17.146 DEBUG: Calling SymmetricTensorContraction: [u,u,u sizes=4096,3328,256 num_segments=16,13,1 num_paths=1 u=256, u,u,u,u sizes=4096,4096,3328,256 num_segments=16,16,13,1 num_paths=16 u=256, u,u,u,u,u sizes=4096,4096,4096,3328,256 num_segments=16,16,16,13,1 num_paths=77 u=256], input shapes: torch.Size([7, 13, 256]), torch.Size([132]), torch.Size([132, 16, 256])
2025-09-17 19:32:17.200 DEBUG: Calling TensorProductUniform4x1d: u,u,,u sizes=1024,256,16,4096 num_segments=4,1,16,16 num_paths=16 u=256, input shapes: torch.Size([1718, 1024]), torch.Size([1718, 256]), torch.Size([1718, 16])
2025-09-17 19:32:17.207 DEBUG: Calling SymmetricTensorContraction: [u,u,u sizes=4096,12544,2304 num_segments=16,49,9 num_paths=9 u=256, u,u,u,u sizes=4096,4096,12544,2304 num_segments=16,16,49,9 num_paths=125 u=256, u,u,u,u,u sizes=4096,4096,4096,12544,2304 num_segments=16,16,16,49,9 num_paths=1093 u=256], input shapes: torch.Size([7, 49, 256]), torch.Size([136]), torch.Size([136, 16, 256])
2025-09-17 19:32:17.211 DEBUG: Calling TensorProductUniform4x1d: u,u,,u sizes=4352,2304,16,18176 num_segments=17,9,16,71 num_paths=215 u=256, input shapes: torch.Size([1718, 4352]), torch.Size([1718, 2304]), torch.Size([1718, 16])
2025-09-17 19:32:17.215 DEBUG: Calling SymmetricTensorContraction: [u,u,u sizes=4096,3328,256 num_segments=16,13,1 num_paths=1 u=256, u,u,u,u sizes=4096,4096,3328,256 num_segments=16,16,13,1 num_paths=16 u=256, u,u,u,u,u sizes=4096,4096,4096,3328,256 num_segments=16,16,16,13,1 num_paths=77 u=256], input shapes: torch.Size([7, 13, 256]), torch.Size([136]), torch.Size([136, 16, 256])
2025-09-17 19:32:17.273 DEBUG: Calling TensorProductUniform4x1d: u,u,,u sizes=1024,256,16,4096 num_segments=4,1,16,16 num_paths=16 u=256, input shapes: torch.Size([1502, 1024]), torch.Size([1502, 256]), torch.Size([1502, 16])
2025-09-17 19:32:17.279 DEBUG: Calling SymmetricTensorContraction: [u,u,u sizes=4096,12544,2304 num_segments=16,49,9 num_paths=9 u=256, u,u,u,u sizes=4096,4096,12544,2304 num_segments=16,16,49,9 num_paths=125 u=256, u,u,u,u,u sizes=4096,4096,4096,12544,2304 num_segments=16,16,16,49,9 num_paths=1093 u=256], input shapes: torch.Size([7, 49, 256]), torch.Size([126]), torch.Size([126, 16, 256])
2025-09-17 19:32:17.283 DEBUG: Calling TensorProductUniform4x1d: u,u,,u sizes=4352,2304,16,18176 num_segments=17,9,16,71 num_paths=215 u=256, input shapes: torch.Size([1502, 4352]), torch.Size([1502, 2304]), torch.Size([1502, 16])
2025-09-17 19:32:17.287 DEBUG: Calling SymmetricTensorContraction: [u,u,u sizes=4096,3328,256 num_segments=16,13,1 num_paths=1 u=256, u,u,u,u sizes=4096,4096,3328,256 num_segments=16,16,13,1 num_paths=16 u=256, u,u,u,u,u sizes=4096,4096,4096,3328,256 num_segments=16,16,16,13,1 num_paths=77 u=256], input shapes: torch.Size([7, 13, 256]), torch.Size([126]), torch.Size([126, 16, 256])
2025-09-17 19:32:17.341 DEBUG: Calling TensorProductUniform4x1d: u,u,,u sizes=1024,256,16,4096 num_segments=4,1,16,16 num_paths=16 u=256, input shapes: torch.Size([1654, 1024]), torch.Size([1654, 256]), torch.Size([1654, 16])
2025-09-17 19:32:17.347 DEBUG: Calling SymmetricTensorContraction: [u,u,u sizes=4096,12544,2304 num_segments=16,49,9 num_paths=9 u=256, u,u,u,u sizes=4096,4096,12544,2304 num_segments=16,16,49,9 num_paths=125 u=256, u,u,u,u,u sizes=4096,4096,4096,12544,2304 num_segments=16,16,16,49,9 num_paths=1093 u=256], input shapes: torch.Size([7, 49, 256]), torch.Size([131]), torch.Size([131, 16, 256])
2025-09-17 19:32:17.351 DEBUG: Calling TensorProductUniform4x1d: u,u,,u sizes=4352,2304,16,18176 num_segments=17,9,16,71 num_paths=215 u=256, input shapes: torch.Size([1654, 4352]), torch.Size([1654, 2304]), torch.Size([1654, 16])
2025-09-17 19:32:17.355 DEBUG: Calling SymmetricTensorContraction: [u,u,u sizes=4096,3328,256 num_segments=16,13,1 num_paths=1 u=256, u,u,u,u sizes=4096,4096,3328,256 num_segments=16,16,13,1 num_paths=16 u=256, u,u,u,u,u sizes=4096,4096,4096,3328,256 num_segments=16,16,16,13,1 num_paths=77 u=256], input shapes: torch.Size([7, 13, 256]), torch.Size([131]), torch.Size([131, 16, 256])
2025-09-17 19:32:17.417 DEBUG: Calling TensorProductUniform4x1d: u,u,,u sizes=1024,256,16,4096 num_segments=4,1,16,16 num_paths=16 u=256, input shapes: torch.Size([1332, 1024]), torch.Size([1332, 256]), torch.Size([1332, 16])
2025-09-17 19:32:17.423 DEBUG: Calling SymmetricTensorContraction: [u,u,u sizes=4096,12544,2304 num_segments=16,49,9 num_paths=9 u=256, u,u,u,u sizes=4096,4096,12544,2304 num_segments=16,16,49,9 num_paths=125 u=256, u,u,u,u,u sizes=4096,4096,4096,12544,2304 num_segments=16,16,16,49,9 num_paths=1093 u=256], input shapes: torch.Size([7, 49, 256]), torch.Size([120]), torch.Size([120, 16, 256])
2025-09-17 19:32:17.427 DEBUG: Calling TensorProductUniform4x1d: u,u,,u sizes=4352,2304,16,18176 num_segments=17,9,16,71 num_paths=215 u=256, input shapes: torch.Size([1332, 4352]), torch.Size([1332, 2304]), torch.Size([1332, 16])
2025-09-17 19:32:17.432 DEBUG: Calling SymmetricTensorContraction: [u,u,u sizes=4096,3328,256 num_segments=16,13,1 num_paths=1 u=256, u,u,u,u sizes=4096,4096,3328,256 num_segments=16,16,13,1 num_paths=16 u=256, u,u,u,u,u sizes=4096,4096,4096,3328,256 num_segments=16,16,16,13,1 num_paths=77 u=256], input shapes: torch.Size([7, 13, 256]), torch.Size([120]), torch.Size([120, 16, 256])
2025-09-17 19:32:17.523 DEBUG: Calling TensorProductUniform4x1d: u,u,,u sizes=1024,256,16,4096 num_segments=4,1,16,16 num_paths=16 u=256, input shapes: torch.Size([1792, 1024]), torch.Size([1792, 256]), torch.Size([1792, 16])
2025-09-17 19:32:17.531 DEBUG: Calling SymmetricTensorContraction: [u,u,u sizes=4096,12544,2304 num_segments=16,49,9 num_paths=9 u=256, u,u,u,u sizes=4096,4096,12544,2304 num_segments=16,16,49,9 num_paths=125 u=256, u,u,u,u,u sizes=4096,4096,4096,12544,2304 num_segments=16,16,16,49,9 num_paths=1093 u=256], input shapes: torch.Size([7, 49, 256]), torch.Size([139]), torch.Size([139, 16, 256])
2025-09-17 19:32:17.536 DEBUG: Calling TensorProductUniform4x1d: u,u,,u sizes=4352,2304,16,18176 num_segments=17,9,16,71 num_paths=215 u=256, input shapes: torch.Size([1792, 4352]), torch.Size([1792, 2304]), torch.Size([1792, 16])
2025-09-17 19:32:17.542 DEBUG: Calling SymmetricTensorContraction: [u,u,u sizes=4096,3328,256 num_segments=16,13,1 num_paths=1 u=256, u,u,u,u sizes=4096,4096,3328,256 num_segments=16,16,13,1 num_paths=16 u=256, u,u,u,u,u sizes=4096,4096,4096,3328,256 num_segments=16,16,16,13,1 num_paths=77 u=256], input shapes: torch.Size([7, 13, 256]), torch.Size([139]), torch.Size([139, 16, 256])
2025-09-17 19:32:17.600 DEBUG: Calling TensorProductUniform4x1d: u,u,,u sizes=1024,256,16,4096 num_segments=4,1,16,16 num_paths=16 u=256, input shapes: torch.Size([1112, 1024]), torch.Size([1112, 256]), torch.Size([1112, 16])
2025-09-17 19:32:17.606 DEBUG: Calling SymmetricTensorContraction: [u,u,u sizes=4096,12544,2304 num_segments=16,49,9 num_paths=9 u=256, u,u,u,u sizes=4096,4096,12544,2304 num_segments=16,16,49,9 num_paths=125 u=256, u,u,u,u,u sizes=4096,4096,4096,12544,2304 num_segments=16,16,16,49,9 num_paths=1093 u=256], input shapes: torch.Size([7, 49, 256]), torch.Size([110]), torch.Size([110, 16, 256])
2025-09-17 19:32:17.610 DEBUG: Calling TensorProductUniform4x1d: u,u,,u sizes=4352,2304,16,18176 num_segments=17,9,16,71 num_paths=215 u=256, input shapes: torch.Size([1112, 4352]), torch.Size([1112, 2304]), torch.Size([1112, 16])
2025-09-17 19:32:17.614 DEBUG: Calling SymmetricTensorContraction: [u,u,u sizes=4096,3328,256 num_segments=16,13,1 num_paths=1 u=256, u,u,u,u sizes=4096,4096,3328,256 num_segments=16,16,13,1 num_paths=16 u=256, u,u,u,u,u sizes=4096,4096,4096,3328,256 num_segments=16,16,16,13,1 num_paths=77 u=256], input shapes: torch.Size([7, 13, 256]), torch.Size([110]), torch.Size([110, 16, 256])
2025-09-17 19:32:17.665 DEBUG: Calling TensorProductUniform4x1d: u,u,,u sizes=1024,256,16,4096 num_segments=4,1,16,16 num_paths=16 u=256, input shapes: torch.Size([1592, 1024]), torch.Size([1592, 256]), torch.Size([1592, 16])
2025-09-17 19:32:17.670 DEBUG: Calling SymmetricTensorContraction: [u,u,u sizes=4096,12544,2304 num_segments=16,49,9 num_paths=9 u=256, u,u,u,u sizes=4096,4096,12544,2304 num_segments=16,16,49,9 num_paths=125 u=256, u,u,u,u,u sizes=4096,4096,4096,12544,2304 num_segments=16,16,16,49,9 num_paths=1093 u=256], input shapes: torch.Size([7, 49, 256]), torch.Size([129]), torch.Size([129, 16, 256])
2025-09-17 19:32:17.674 DEBUG: Calling TensorProductUniform4x1d: u,u,,u sizes=4352,2304,16,18176 num_segments=17,9,16,71 num_paths=215 u=256, input shapes: torch.Size([1592, 4352]), torch.Size([1592, 2304]), torch.Size([1592, 16])
2025-09-17 19:32:17.678 DEBUG: Calling SymmetricTensorContraction: [u,u,u sizes=4096,3328,256 num_segments=16,13,1 num_paths=1 u=256, u,u,u,u sizes=4096,4096,3328,256 num_segments=16,16,13,1 num_paths=16 u=256, u,u,u,u,u sizes=4096,4096,4096,3328,256 num_segments=16,16,16,13,1 num_paths=77 u=256], input shapes: torch.Size([7, 13, 256]), torch.Size([129]), torch.Size([129, 16, 256])
2025-09-17 19:32:17.730 DEBUG: Calling TensorProductUniform4x1d: u,u,,u sizes=1024,256,16,4096 num_segments=4,1,16,16 num_paths=16 u=256, input shapes: torch.Size([1464, 1024]), torch.Size([1464, 256]), torch.Size([1464, 16])
2025-09-17 19:32:17.736 DEBUG: Calling SymmetricTensorContraction: [u,u,u sizes=4096,12544,2304 num_segments=16,49,9 num_paths=9 u=256, u,u,u,u sizes=4096,4096,12544,2304 num_segments=16,16,49,9 num_paths=125 u=256, u,u,u,u,u sizes=4096,4096,4096,12544,2304 num_segments=16,16,16,49,9 num_paths=1093 u=256], input shapes: torch.Size([7, 49, 256]), torch.Size([125]), torch.Size([125, 16, 256])
2025-09-17 19:32:17.740 DEBUG: Calling TensorProductUniform4x1d: u,u,,u sizes=4352,2304,16,18176 num_segments=17,9,16,71 num_paths=215 u=256, input shapes: torch.Size([1464, 4352]), torch.Size([1464, 2304]), torch.Size([1464, 16])
2025-09-17 19:32:17.744 DEBUG: Calling SymmetricTensorContraction: [u,u,u sizes=4096,3328,256 num_segments=16,13,1 num_paths=1 u=256, u,u,u,u sizes=4096,4096,3328,256 num_segments=16,16,13,1 num_paths=16 u=256, u,u,u,u,u sizes=4096,4096,4096,3328,256 num_segments=16,16,16,13,1 num_paths=77 u=256], input shapes: torch.Size([7, 13, 256]), torch.Size([125]), torch.Size([125, 16, 256])
2025-09-17 19:32:17.803 DEBUG: Calling TensorProductUniform4x1d: u,u,,u sizes=1024,256,16,4096 num_segments=4,1,16,16 num_paths=16 u=256, input shapes: torch.Size([1802, 1024]), torch.Size([1802, 256]), torch.Size([1802, 16])
2025-09-17 19:32:17.810 DEBUG: Calling SymmetricTensorContraction: [u,u,u sizes=4096,12544,2304 num_segments=16,49,9 num_paths=9 u=256, u,u,u,u sizes=4096,4096,12544,2304 num_segments=16,16,49,9 num_paths=125 u=256, u,u,u,u,u sizes=4096,4096,4096,12544,2304 num_segments=16,16,16,49,9 num_paths=1093 u=256], input shapes: torch.Size([7, 49, 256]), torch.Size([140]), torch.Size([140, 16, 256])
2025-09-17 19:32:17.813 DEBUG: Calling TensorProductUniform4x1d: u,u,,u sizes=4352,2304,16,18176 num_segments=17,9,16,71 num_paths=215 u=256, input shapes: torch.Size([1802, 4352]), torch.Size([1802, 2304]), torch.Size([1802, 16])
2025-09-17 19:32:17.818 DEBUG: Calling SymmetricTensorContraction: [u,u,u sizes=4096,3328,256 num_segments=16,13,1 num_paths=1 u=256, u,u,u,u sizes=4096,4096,3328,256 num_segments=16,16,13,1 num_paths=16 u=256, u,u,u,u,u sizes=4096,4096,4096,3328,256 num_segments=16,16,16,13,1 num_paths=77 u=256], input shapes: torch.Size([7, 13, 256]), torch.Size([140]), torch.Size([140, 16, 256])
2025-09-17 19:32:17.869 DEBUG: Calling TensorProductUniform4x1d: u,u,,u sizes=1024,256,16,4096 num_segments=4,1,16,16 num_paths=16 u=256, input shapes: torch.Size([1428, 1024]), torch.Size([1428, 256]), torch.Size([1428, 16])
2025-09-17 19:32:17.875 DEBUG: Calling SymmetricTensorContraction: [u,u,u sizes=4096,12544,2304 num_segments=16,49,9 num_paths=9 u=256, u,u,u,u sizes=4096,4096,12544,2304 num_segments=16,16,49,9 num_paths=125 u=256, u,u,u,u,u sizes=4096,4096,4096,12544,2304 num_segments=16,16,16,49,9 num_paths=1093 u=256], input shapes: torch.Size([7, 49, 256]), torch.Size([124]), torch.Size([124, 16, 256])
2025-09-17 19:32:17.879 DEBUG: Calling TensorProductUniform4x1d: u,u,,u sizes=4352,2304,16,18176 num_segments=17,9,16,71 num_paths=215 u=256, input shapes: torch.Size([1428, 4352]), torch.Size([1428, 2304]), torch.Size([1428, 16])
2025-09-17 19:32:17.883 DEBUG: Calling SymmetricTensorContraction: [u,u,u sizes=4096,3328,256 num_segments=16,13,1 num_paths=1 u=256, u,u,u,u sizes=4096,4096,3328,256 num_segments=16,16,13,1 num_paths=16 u=256, u,u,u,u,u sizes=4096,4096,4096,3328,256 num_segments=16,16,16,13,1 num_paths=77 u=256], input shapes: torch.Size([7, 13, 256]), torch.Size([124]), torch.Size([124, 16, 256])
2025-09-17 19:32:17.938 DEBUG: Calling TensorProductUniform4x1d: u,u,,u sizes=1024,256,16,4096 num_segments=4,1,16,16 num_paths=16 u=256, input shapes: torch.Size([1646, 1024]), torch.Size([1646, 256]), torch.Size([1646, 16])
2025-09-17 19:32:17.945 DEBUG: Calling SymmetricTensorContraction: [u,u,u sizes=4096,12544,2304 num_segments=16,49,9 num_paths=9 u=256, u,u,u,u sizes=4096,4096,12544,2304 num_segments=16,16,49,9 num_paths=125 u=256, u,u,u,u,u sizes=4096,4096,4096,12544,2304 num_segments=16,16,16,49,9 num_paths=1093 u=256], input shapes: torch.Size([7, 49, 256]), torch.Size([133]), torch.Size([133, 16, 256])
2025-09-17 19:32:17.949 DEBUG: Calling TensorProductUniform4x1d: u,u,,u sizes=4352,2304,16,18176 num_segments=17,9,16,71 num_paths=215 u=256, input shapes: torch.Size([1646, 4352]), torch.Size([1646, 2304]), torch.Size([1646, 16])
2025-09-17 19:32:17.954 DEBUG: Calling SymmetricTensorContraction: [u,u,u sizes=4096,3328,256 num_segments=16,13,1 num_paths=1 u=256, u,u,u,u sizes=4096,4096,3328,256 num_segments=16,16,13,1 num_paths=16 u=256, u,u,u,u,u sizes=4096,4096,4096,3328,256 num_segments=16,16,16,13,1 num_paths=77 u=256], input shapes: torch.Size([7, 13, 256]), torch.Size([133]), torch.Size([133, 16, 256])
2025-09-17 19:32:18.010 DEBUG: Calling TensorProductUniform4x1d: u,u,,u sizes=1024,256,16,4096 num_segments=4,1,16,16 num_paths=16 u=256, input shapes: torch.Size([1712, 1024]), torch.Size([1712, 256]), torch.Size([1712, 16])
2025-09-17 19:32:18.017 DEBUG: Calling SymmetricTensorContraction: [u,u,u sizes=4096,12544,2304 num_segments=16,49,9 num_paths=9 u=256, u,u,u,u sizes=4096,4096,12544,2304 num_segments=16,16,49,9 num_paths=125 u=256, u,u,u,u,u sizes=4096,4096,4096,12544,2304 num_segments=16,16,16,49,9 num_paths=1093 u=256], input shapes: torch.Size([7, 49, 256]), torch.Size([132]), torch.Size([132, 16, 256])
2025-09-17 19:32:18.020 DEBUG: Calling TensorProductUniform4x1d: u,u,,u sizes=4352,2304,16,18176 num_segments=17,9,16,71 num_paths=215 u=256, input shapes: torch.Size([1712, 4352]), torch.Size([1712, 2304]), torch.Size([1712, 16])
2025-09-17 19:32:18.026 DEBUG: Calling SymmetricTensorContraction: [u,u,u sizes=4096,3328,256 num_segments=16,13,1 num_paths=1 u=256, u,u,u,u sizes=4096,4096,3328,256 num_segments=16,16,13,1 num_paths=16 u=256, u,u,u,u,u sizes=4096,4096,4096,3328,256 num_segments=16,16,16,13,1 num_paths=77 u=256], input shapes: torch.Size([7, 13, 256]), torch.Size([132]), torch.Size([132, 16, 256])
2025-09-17 19:32:18.115 DEBUG: Calling TensorProductUniform4x1d: u,u,,u sizes=1024,256,16,4096 num_segments=4,1,16,16 num_paths=16 u=256, input shapes: torch.Size([1258, 1024]), torch.Size([1258, 256]), torch.Size([1258, 16])
2025-09-17 19:32:18.123 DEBUG: Calling SymmetricTensorContraction: [u,u,u sizes=4096,12544,2304 num_segments=16,49,9 num_paths=9 u=256, u,u,u,u sizes=4096,4096,12544,2304 num_segments=16,16,49,9 num_paths=125 u=256, u,u,u,u,u sizes=4096,4096,4096,12544,2304 num_segments=16,16,16,49,9 num_paths=1093 u=256], input shapes: torch.Size([7, 49, 256]), torch.Size([116]), torch.Size([116, 16, 256])
2025-09-17 19:32:18.127 DEBUG: Calling TensorProductUniform4x1d: u,u,,u sizes=4352,2304,16,18176 num_segments=17,9,16,71 num_paths=215 u=256, input shapes: torch.Size([1258, 4352]), torch.Size([1258, 2304]), torch.Size([1258, 16])
2025-09-17 19:32:18.131 DEBUG: Calling SymmetricTensorContraction: [u,u,u sizes=4096,3328,256 num_segments=16,13,1 num_paths=1 u=256, u,u,u,u sizes=4096,4096,3328,256 num_segments=16,16,13,1 num_paths=16 u=256, u,u,u,u,u sizes=4096,4096,4096,3328,256 num_segments=16,16,16,13,1 num_paths=77 u=256], input shapes: torch.Size([7, 13, 256]), torch.Size([116]), torch.Size([116, 16, 256])
2025-09-17 19:32:18.183 DEBUG: Calling TensorProductUniform4x1d: u,u,,u sizes=1024,256,16,4096 num_segments=4,1,16,16 num_paths=16 u=256, input shapes: torch.Size([1558, 1024]), torch.Size([1558, 256]), torch.Size([1558, 16])
2025-09-17 19:32:18.189 DEBUG: Calling SymmetricTensorContraction: [u,u,u sizes=4096,12544,2304 num_segments=16,49,9 num_paths=9 u=256, u,u,u,u sizes=4096,4096,12544,2304 num_segments=16,16,49,9 num_paths=125 u=256, u,u,u,u,u sizes=4096,4096,4096,12544,2304 num_segments=16,16,16,49,9 num_paths=1093 u=256], input shapes: torch.Size([7, 49, 256]), torch.Size([128]), torch.Size([128, 16, 256])
2025-09-17 19:32:18.193 DEBUG: Calling TensorProductUniform4x1d: u,u,,u sizes=4352,2304,16,18176 num_segments=17,9,16,71 num_paths=215 u=256, input shapes: torch.Size([1558, 4352]), torch.Size([1558, 2304]), torch.Size([1558, 16])
2025-09-17 19:32:18.197 DEBUG: Calling SymmetricTensorContraction: [u,u,u sizes=4096,3328,256 num_segments=16,13,1 num_paths=1 u=256, u,u,u,u sizes=4096,4096,3328,256 num_segments=16,16,13,1 num_paths=16 u=256, u,u,u,u,u sizes=4096,4096,4096,3328,256 num_segments=16,16,16,13,1 num_paths=77 u=256], input shapes: torch.Size([7, 13, 256]), torch.Size([128]), torch.Size([128, 16, 256])
2025-09-17 19:32:18.248 DEBUG: Calling TensorProductUniform4x1d: u,u,,u sizes=1024,256,16,4096 num_segments=4,1,16,16 num_paths=16 u=256, input shapes: torch.Size([1414, 1024]), torch.Size([1414, 256]), torch.Size([1414, 16])
2025-09-17 19:32:18.254 DEBUG: Calling SymmetricTensorContraction: [u,u,u sizes=4096,12544,2304 num_segments=16,49,9 num_paths=9 u=256, u,u,u,u sizes=4096,4096,12544,2304 num_segments=16,16,49,9 num_paths=125 u=256, u,u,u,u,u sizes=4096,4096,4096,12544,2304 num_segments=16,16,16,49,9 num_paths=1093 u=256], input shapes: torch.Size([7, 49, 256]), torch.Size([122]), torch.Size([122, 16, 256])
2025-09-17 19:32:18.258 DEBUG: Calling TensorProductUniform4x1d: u,u,,u sizes=4352,2304,16,18176 num_segments=17,9,16,71 num_paths=215 u=256, input shapes: torch.Size([1414, 4352]), torch.Size([1414, 2304]), torch.Size([1414, 16])
2025-09-17 19:32:18.262 DEBUG: Calling SymmetricTensorContraction: [u,u,u sizes=4096,3328,256 num_segments=16,13,1 num_paths=1 u=256, u,u,u,u sizes=4096,4096,3328,256 num_segments=16,16,13,1 num_paths=16 u=256, u,u,u,u,u sizes=4096,4096,4096,3328,256 num_segments=16,16,16,13,1 num_paths=77 u=256], input shapes: torch.Size([7, 13, 256]), torch.Size([122]), torch.Size([122, 16, 256])
2025-09-17 19:32:18.314 DEBUG: Calling TensorProductUniform4x1d: u,u,,u sizes=1024,256,16,4096 num_segments=4,1,16,16 num_paths=16 u=256, input shapes: torch.Size([1258, 1024]), torch.Size([1258, 256]), torch.Size([1258, 16])
2025-09-17 19:32:18.320 DEBUG: Calling SymmetricTensorContraction: [u,u,u sizes=4096,12544,2304 num_segments=16,49,9 num_paths=9 u=256, u,u,u,u sizes=4096,4096,12544,2304 num_segments=16,16,49,9 num_paths=125 u=256, u,u,u,u,u sizes=4096,4096,4096,12544,2304 num_segments=16,16,16,49,9 num_paths=1093 u=256], input shapes: torch.Size([7, 49, 256]), torch.Size([114]), torch.Size([114, 16, 256])
2025-09-17 19:32:18.323 DEBUG: Calling TensorProductUniform4x1d: u,u,,u sizes=4352,2304,16,18176 num_segments=17,9,16,71 num_paths=215 u=256, input shapes: torch.Size([1258, 4352]), torch.Size([1258, 2304]), torch.Size([1258, 16])
2025-09-17 19:32:18.327 DEBUG: Calling SymmetricTensorContraction: [u,u,u sizes=4096,3328,256 num_segments=16,13,1 num_paths=1 u=256, u,u,u,u sizes=4096,4096,3328,256 num_segments=16,16,13,1 num_paths=16 u=256, u,u,u,u,u sizes=4096,4096,4096,3328,256 num_segments=16,16,16,13,1 num_paths=77 u=256], input shapes: torch.Size([7, 13, 256]), torch.Size([114]), torch.Size([114, 16, 256])
2025-09-17 19:32:18.377 DEBUG: Calling TensorProductUniform4x1d: u,u,,u sizes=1024,256,16,4096 num_segments=4,1,16,16 num_paths=16 u=256, input shapes: torch.Size([1638, 1024]), torch.Size([1638, 256]), torch.Size([1638, 16])
2025-09-17 19:32:18.383 DEBUG: Calling SymmetricTensorContraction: [u,u,u sizes=4096,12544,2304 num_segments=16,49,9 num_paths=9 u=256, u,u,u,u sizes=4096,4096,12544,2304 num_segments=16,16,49,9 num_paths=125 u=256, u,u,u,u,u sizes=4096,4096,4096,12544,2304 num_segments=16,16,16,49,9 num_paths=1093 u=256], input shapes: torch.Size([7, 49, 256]), torch.Size([133]), torch.Size([133, 16, 256])
2025-09-17 19:32:18.387 DEBUG: Calling TensorProductUniform4x1d: u,u,,u sizes=4352,2304,16,18176 num_segments=17,9,16,71 num_paths=215 u=256, input shapes: torch.Size([1638, 4352]), torch.Size([1638, 2304]), torch.Size([1638, 16])
2025-09-17 19:32:18.391 DEBUG: Calling SymmetricTensorContraction: [u,u,u sizes=4096,3328,256 num_segments=16,13,1 num_paths=1 u=256, u,u,u,u sizes=4096,4096,3328,256 num_segments=16,16,13,1 num_paths=16 u=256, u,u,u,u,u sizes=4096,4096,4096,3328,256 num_segments=16,16,16,13,1 num_paths=77 u=256], input shapes: torch.Size([7, 13, 256]), torch.Size([133]), torch.Size([133, 16, 256])
2025-09-17 19:32:18.440 DEBUG: Calling TensorProductUniform4x1d: u,u,,u sizes=1024,256,16,4096 num_segments=4,1,16,16 num_paths=16 u=256, input shapes: torch.Size([1628, 1024]), torch.Size([1628, 256]), torch.Size([1628, 16])
2025-09-17 19:32:18.446 DEBUG: Calling SymmetricTensorContraction: [u,u,u sizes=4096,12544,2304 num_segments=16,49,9 num_paths=9 u=256, u,u,u,u sizes=4096,4096,12544,2304 num_segments=16,16,49,9 num_paths=125 u=256, u,u,u,u,u sizes=4096,4096,4096,12544,2304 num_segments=16,16,16,49,9 num_paths=1093 u=256], input shapes: torch.Size([7, 49, 256]), torch.Size([131]), torch.Size([131, 16, 256])
2025-09-17 19:32:18.450 DEBUG: Calling TensorProductUniform4x1d: u,u,,u sizes=4352,2304,16,18176 num_segments=17,9,16,71 num_paths=215 u=256, input shapes: torch.Size([1628, 4352]), torch.Size([1628, 2304]), torch.Size([1628, 16])
2025-09-17 19:32:18.454 DEBUG: Calling SymmetricTensorContraction: [u,u,u sizes=4096,3328,256 num_segments=16,13,1 num_paths=1 u=256, u,u,u,u sizes=4096,4096,3328,256 num_segments=16,16,13,1 num_paths=16 u=256, u,u,u,u,u sizes=4096,4096,4096,3328,256 num_segments=16,16,16,13,1 num_paths=77 u=256], input shapes: torch.Size([7, 13, 256]), torch.Size([131]), torch.Size([131, 16, 256])
2025-09-17 19:32:18.508 DEBUG: Calling TensorProductUniform4x1d: u,u,,u sizes=1024,256,16,4096 num_segments=4,1,16,16 num_paths=16 u=256, input shapes: torch.Size([1412, 1024]), torch.Size([1412, 256]), torch.Size([1412, 16])
2025-09-17 19:32:18.514 DEBUG: Calling SymmetricTensorContraction: [u,u,u sizes=4096,12544,2304 num_segments=16,49,9 num_paths=9 u=256, u,u,u,u sizes=4096,4096,12544,2304 num_segments=16,16,49,9 num_paths=125 u=256, u,u,u,u,u sizes=4096,4096,4096,12544,2304 num_segments=16,16,16,49,9 num_paths=1093 u=256], input shapes: torch.Size([7, 49, 256]), torch.Size([122]), torch.Size([122, 16, 256])
2025-09-17 19:32:18.519 DEBUG: Calling TensorProductUniform4x1d: u,u,,u sizes=4352,2304,16,18176 num_segments=17,9,16,71 num_paths=215 u=256, input shapes: torch.Size([1412, 4352]), torch.Size([1412, 2304]), torch.Size([1412, 16])
2025-09-17 19:32:18.523 DEBUG: Calling SymmetricTensorContraction: [u,u,u sizes=4096,3328,256 num_segments=16,13,1 num_paths=1 u=256, u,u,u,u sizes=4096,4096,3328,256 num_segments=16,16,13,1 num_paths=16 u=256, u,u,u,u,u sizes=4096,4096,4096,3328,256 num_segments=16,16,16,13,1 num_paths=77 u=256], input shapes: torch.Size([7, 13, 256]), torch.Size([122]), torch.Size([122, 16, 256])
2025-09-17 19:32:18.577 DEBUG: Calling TensorProductUniform4x1d: u,u,,u sizes=1024,256,16,4096 num_segments=4,1,16,16 num_paths=16 u=256, input shapes: torch.Size([1262, 1024]), torch.Size([1262, 256]), torch.Size([1262, 16])
2025-09-17 19:32:18.583 DEBUG: Calling SymmetricTensorContraction: [u,u,u sizes=4096,12544,2304 num_segments=16,49,9 num_paths=9 u=256, u,u,u,u sizes=4096,4096,12544,2304 num_segments=16,16,49,9 num_paths=125 u=256, u,u,u,u,u sizes=4096,4096,4096,12544,2304 num_segments=16,16,16,49,9 num_paths=1093 u=256], input shapes: torch.Size([7, 49, 256]), torch.Size([115]), torch.Size([115, 16, 256])
2025-09-17 19:32:18.588 DEBUG: Calling TensorProductUniform4x1d: u,u,,u sizes=4352,2304,16,18176 num_segments=17,9,16,71 num_paths=215 u=256, input shapes: torch.Size([1262, 4352]), torch.Size([1262, 2304]), torch.Size([1262, 16])
2025-09-17 19:32:18.592 DEBUG: Calling SymmetricTensorContraction: [u,u,u sizes=4096,3328,256 num_segments=16,13,1 num_paths=1 u=256, u,u,u,u sizes=4096,4096,3328,256 num_segments=16,16,13,1 num_paths=16 u=256, u,u,u,u,u sizes=4096,4096,4096,3328,256 num_segments=16,16,16,13,1 num_paths=77 u=256], input shapes: torch.Size([7, 13, 256]), torch.Size([115]), torch.Size([115, 16, 256])
2025-09-17 19:32:18.646 DEBUG: Calling TensorProductUniform4x1d: u,u,,u sizes=1024,256,16,4096 num_segments=4,1,16,16 num_paths=16 u=256, input shapes: torch.Size([1860, 1024]), torch.Size([1860, 256]), torch.Size([1860, 16])
2025-09-17 19:32:18.652 DEBUG: Calling SymmetricTensorContraction: [u,u,u sizes=4096,12544,2304 num_segments=16,49,9 num_paths=9 u=256, u,u,u,u sizes=4096,4096,12544,2304 num_segments=16,16,49,9 num_paths=125 u=256, u,u,u,u,u sizes=4096,4096,4096,12544,2304 num_segments=16,16,16,49,9 num_paths=1093 u=256], input shapes: torch.Size([7, 49, 256]), torch.Size([140]), torch.Size([140, 16, 256])
2025-09-17 19:32:18.655 DEBUG: Calling TensorProductUniform4x1d: u,u,,u sizes=4352,2304,16,18176 num_segments=17,9,16,71 num_paths=215 u=256, input shapes: torch.Size([1860, 4352]), torch.Size([1860, 2304]), torch.Size([1860, 16])
2025-09-17 19:32:18.660 DEBUG: Calling SymmetricTensorContraction: [u,u,u sizes=4096,3328,256 num_segments=16,13,1 num_paths=1 u=256, u,u,u,u sizes=4096,4096,3328,256 num_segments=16,16,13,1 num_paths=16 u=256, u,u,u,u,u sizes=4096,4096,4096,3328,256 num_segments=16,16,16,13,1 num_paths=77 u=256], input shapes: torch.Size([7, 13, 256]), torch.Size([140]), torch.Size([140, 16, 256])
2025-09-17 19:32:18.740 DEBUG: Calling TensorProductUniform4x1d: u,u,,u sizes=1024,256,16,4096 num_segments=4,1,16,16 num_paths=16 u=256, input shapes: torch.Size([1440, 1024]), torch.Size([1440, 256]), torch.Size([1440, 16])
2025-09-17 19:32:18.747 DEBUG: Calling SymmetricTensorContraction: [u,u,u sizes=4096,12544,2304 num_segments=16,49,9 num_paths=9 u=256, u,u,u,u sizes=4096,4096,12544,2304 num_segments=16,16,49,9 num_paths=125 u=256, u,u,u,u,u sizes=4096,4096,4096,12544,2304 num_segments=16,16,16,49,9 num_paths=1093 u=256], input shapes: torch.Size([7, 49, 256]), torch.Size([124]), torch.Size([124, 16, 256])
2025-09-17 19:32:18.751 DEBUG: Calling TensorProductUniform4x1d: u,u,,u sizes=4352,2304,16,18176 num_segments=17,9,16,71 num_paths=215 u=256, input shapes: torch.Size([1440, 4352]), torch.Size([1440, 2304]), torch.Size([1440, 16])
2025-09-17 19:32:18.755 DEBUG: Calling SymmetricTensorContraction: [u,u,u sizes=4096,3328,256 num_segments=16,13,1 num_paths=1 u=256, u,u,u,u sizes=4096,4096,3328,256 num_segments=16,16,13,1 num_paths=16 u=256, u,u,u,u,u sizes=4096,4096,4096,3328,256 num_segments=16,16,16,13,1 num_paths=77 u=256], input shapes: torch.Size([7, 13, 256]), torch.Size([124]), torch.Size([124, 16, 256])
2025-09-17 19:32:18.809 DEBUG: Calling TensorProductUniform4x1d: u,u,,u sizes=1024,256,16,4096 num_segments=4,1,16,16 num_paths=16 u=256, input shapes: torch.Size([1478, 1024]), torch.Size([1478, 256]), torch.Size([1478, 16])
2025-09-17 19:32:18.815 DEBUG: Calling SymmetricTensorContraction: [u,u,u sizes=4096,12544,2304 num_segments=16,49,9 num_paths=9 u=256, u,u,u,u sizes=4096,4096,12544,2304 num_segments=16,16,49,9 num_paths=125 u=256, u,u,u,u,u sizes=4096,4096,4096,12544,2304 num_segments=16,16,16,49,9 num_paths=1093 u=256], input shapes: torch.Size([7, 49, 256]), torch.Size([125]), torch.Size([125, 16, 256])
2025-09-17 19:32:18.819 DEBUG: Calling TensorProductUniform4x1d: u,u,,u sizes=4352,2304,16,18176 num_segments=17,9,16,71 num_paths=215 u=256, input shapes: torch.Size([1478, 4352]), torch.Size([1478, 2304]), torch.Size([1478, 16])
2025-09-17 19:32:18.824 DEBUG: Calling SymmetricTensorContraction: [u,u,u sizes=4096,3328,256 num_segments=16,13,1 num_paths=1 u=256, u,u,u,u sizes=4096,4096,3328,256 num_segments=16,16,13,1 num_paths=16 u=256, u,u,u,u,u sizes=4096,4096,4096,3328,256 num_segments=16,16,16,13,1 num_paths=77 u=256], input shapes: torch.Size([7, 13, 256]), torch.Size([125]), torch.Size([125, 16, 256])
2025-09-17 19:32:18.875 DEBUG: Calling TensorProductUniform4x1d: u,u,,u sizes=1024,256,16,4096 num_segments=4,1,16,16 num_paths=16 u=256, input shapes: torch.Size([1414, 1024]), torch.Size([1414, 256]), torch.Size([1414, 16])
2025-09-17 19:32:18.880 DEBUG: Calling SymmetricTensorContraction: [u,u,u sizes=4096,12544,2304 num_segments=16,49,9 num_paths=9 u=256, u,u,u,u sizes=4096,4096,12544,2304 num_segments=16,16,49,9 num_paths=125 u=256, u,u,u,u,u sizes=4096,4096,4096,12544,2304 num_segments=16,16,16,49,9 num_paths=1093 u=256], input shapes: torch.Size([7, 49, 256]), torch.Size([123]), torch.Size([123, 16, 256])
2025-09-17 19:32:18.884 DEBUG: Calling TensorProductUniform4x1d: u,u,,u sizes=4352,2304,16,18176 num_segments=17,9,16,71 num_paths=215 u=256, input shapes: torch.Size([1414, 4352]), torch.Size([1414, 2304]), torch.Size([1414, 16])
2025-09-17 19:32:18.888 DEBUG: Calling SymmetricTensorContraction: [u,u,u sizes=4096,3328,256 num_segments=16,13,1 num_paths=1 u=256, u,u,u,u sizes=4096,4096,3328,256 num_segments=16,16,13,1 num_paths=16 u=256, u,u,u,u,u sizes=4096,4096,4096,3328,256 num_segments=16,16,16,13,1 num_paths=77 u=256], input shapes: torch.Size([7, 13, 256]), torch.Size([123]), torch.Size([123, 16, 256])
2025-09-17 19:32:18.936 DEBUG: Calling TensorProductUniform4x1d: u,u,,u sizes=1024,256,16,4096 num_segments=4,1,16,16 num_paths=16 u=256, input shapes: torch.Size([1962, 1024]), torch.Size([1962, 256]), torch.Size([1962, 16])
2025-09-17 19:32:18.943 DEBUG: Calling SymmetricTensorContraction: [u,u,u sizes=4096,12544,2304 num_segments=16,49,9 num_paths=9 u=256, u,u,u,u sizes=4096,4096,12544,2304 num_segments=16,16,49,9 num_paths=125 u=256, u,u,u,u,u sizes=4096,4096,4096,12544,2304 num_segments=16,16,16,49,9 num_paths=1093 u=256], input shapes: torch.Size([7, 49, 256]), torch.Size([144]), torch.Size([144, 16, 256])
2025-09-17 19:32:18.949 DEBUG: Calling TensorProductUniform4x1d: u,u,,u sizes=4352,2304,16,18176 num_segments=17,9,16,71 num_paths=215 u=256, input shapes: torch.Size([1962, 4352]), torch.Size([1962, 2304]), torch.Size([1962, 16])
2025-09-17 19:32:18.957 DEBUG: Calling SymmetricTensorContraction: [u,u,u sizes=4096,3328,256 num_segments=16,13,1 num_paths=1 u=256, u,u,u,u sizes=4096,4096,3328,256 num_segments=16,16,13,1 num_paths=16 u=256, u,u,u,u,u sizes=4096,4096,4096,3328,256 num_segments=16,16,16,13,1 num_paths=77 u=256], input shapes: torch.Size([7, 13, 256]), torch.Size([144]), torch.Size([144, 16, 256])
2025-09-17 19:32:19.023 DEBUG: Calling TensorProductUniform4x1d: u,u,,u sizes=1024,256,16,4096 num_segments=4,1,16,16 num_paths=16 u=256, input shapes: torch.Size([1500, 1024]), torch.Size([1500, 256]), torch.Size([1500, 16])
2025-09-17 19:32:19.041 DEBUG: Calling SymmetricTensorContraction: [u,u,u sizes=4096,12544,2304 num_segments=16,49,9 num_paths=9 u=256, u,u,u,u sizes=4096,4096,12544,2304 num_segments=16,16,49,9 num_paths=125 u=256, u,u,u,u,u sizes=4096,4096,4096,12544,2304 num_segments=16,16,16,49,9 num_paths=1093 u=256], input shapes: torch.Size([7, 49, 256]), torch.Size([125]), torch.Size([125, 16, 256])
2025-09-17 19:32:19.051 DEBUG: Calling TensorProductUniform4x1d: u,u,,u sizes=4352,2304,16,18176 num_segments=17,9,16,71 num_paths=215 u=256, input shapes: torch.Size([1500, 4352]), torch.Size([1500, 2304]), torch.Size([1500, 16])
2025-09-17 19:32:19.060 DEBUG: Calling SymmetricTensorContraction: [u,u,u sizes=4096,3328,256 num_segments=16,13,1 num_paths=1 u=256, u,u,u,u sizes=4096,4096,3328,256 num_segments=16,16,13,1 num_paths=16 u=256, u,u,u,u,u sizes=4096,4096,4096,3328,256 num_segments=16,16,16,13,1 num_paths=77 u=256], input shapes: torch.Size([7, 13, 256]), torch.Size([125]), torch.Size([125, 16, 256])
2025-09-17 19:32:19.123 DEBUG: Calling TensorProductUniform4x1d: u,u,,u sizes=1024,256,16,4096 num_segments=4,1,16,16 num_paths=16 u=256, input shapes: torch.Size([1328, 1024]), torch.Size([1328, 256]), torch.Size([1328, 16])
2025-09-17 19:32:19.130 DEBUG: Calling SymmetricTensorContraction: [u,u,u sizes=4096,12544,2304 num_segments=16,49,9 num_paths=9 u=256, u,u,u,u sizes=4096,4096,12544,2304 num_segments=16,16,49,9 num_paths=125 u=256, u,u,u,u,u sizes=4096,4096,4096,12544,2304 num_segments=16,16,16,49,9 num_paths=1093 u=256], input shapes: torch.Size([7, 49, 256]), torch.Size([118]), torch.Size([118, 16, 256])
2025-09-17 19:32:19.140 DEBUG: Calling TensorProductUniform4x1d: u,u,,u sizes=4352,2304,16,18176 num_segments=17,9,16,71 num_paths=215 u=256, input shapes: torch.Size([1328, 4352]), torch.Size([1328, 2304]), torch.Size([1328, 16])
2025-09-17 19:32:19.146 DEBUG: Calling SymmetricTensorContraction: [u,u,u sizes=4096,3328,256 num_segments=16,13,1 num_paths=1 u=256, u,u,u,u sizes=4096,4096,3328,256 num_segments=16,16,13,1 num_paths=16 u=256, u,u,u,u,u sizes=4096,4096,4096,3328,256 num_segments=16,16,16,13,1 num_paths=77 u=256], input shapes: torch.Size([7, 13, 256]), torch.Size([118]), torch.Size([118, 16, 256])
2025-09-17 19:32:19.195 DEBUG: Calling TensorProductUniform4x1d: u,u,,u sizes=1024,256,16,4096 num_segments=4,1,16,16 num_paths=16 u=256, input shapes: torch.Size([1538, 1024]), torch.Size([1538, 256]), torch.Size([1538, 16])
2025-09-17 19:32:19.201 DEBUG: Calling SymmetricTensorContraction: [u,u,u sizes=4096,12544,2304 num_segments=16,49,9 num_paths=9 u=256, u,u,u,u sizes=4096,4096,12544,2304 num_segments=16,16,49,9 num_paths=125 u=256, u,u,u,u,u sizes=4096,4096,4096,12544,2304 num_segments=16,16,16,49,9 num_paths=1093 u=256], input shapes: torch.Size([7, 49, 256]), torch.Size([127]), torch.Size([127, 16, 256])
2025-09-17 19:32:19.204 DEBUG: Calling TensorProductUniform4x1d: u,u,,u sizes=4352,2304,16,18176 num_segments=17,9,16,71 num_paths=215 u=256, input shapes: torch.Size([1538, 4352]), torch.Size([1538, 2304]), torch.Size([1538, 16])
2025-09-17 19:32:19.209 DEBUG: Calling SymmetricTensorContraction: [u,u,u sizes=4096,3328,256 num_segments=16,13,1 num_paths=1 u=256, u,u,u,u sizes=4096,4096,3328,256 num_segments=16,16,13,1 num_paths=16 u=256, u,u,u,u,u sizes=4096,4096,4096,3328,256 num_segments=16,16,16,13,1 num_paths=77 u=256], input shapes: torch.Size([7, 13, 256]), torch.Size([127]), torch.Size([127, 16, 256])
2025-09-17 19:32:19.260 DEBUG: Calling TensorProductUniform4x1d: u,u,,u sizes=1024,256,16,4096 num_segments=4,1,16,16 num_paths=16 u=256, input shapes: torch.Size([1490, 1024]), torch.Size([1490, 256]), torch.Size([1490, 16])
2025-09-17 19:32:19.266 DEBUG: Calling SymmetricTensorContraction: [u,u,u sizes=4096,12544,2304 num_segments=16,49,9 num_paths=9 u=256, u,u,u,u sizes=4096,4096,12544,2304 num_segments=16,16,49,9 num_paths=125 u=256, u,u,u,u,u sizes=4096,4096,4096,12544,2304 num_segments=16,16,16,49,9 num_paths=1093 u=256], input shapes: torch.Size([7, 49, 256]), torch.Size([125]), torch.Size([125, 16, 256])
2025-09-17 19:32:19.270 DEBUG: Calling TensorProductUniform4x1d: u,u,,u sizes=4352,2304,16,18176 num_segments=17,9,16,71 num_paths=215 u=256, input shapes: torch.Size([1490, 4352]), torch.Size([1490, 2304]), torch.Size([1490, 16])
2025-09-17 19:32:19.275 DEBUG: Calling SymmetricTensorContraction: [u,u,u sizes=4096,3328,256 num_segments=16,13,1 num_paths=1 u=256, u,u,u,u sizes=4096,4096,3328,256 num_segments=16,16,13,1 num_paths=16 u=256, u,u,u,u,u sizes=4096,4096,4096,3328,256 num_segments=16,16,16,13,1 num_paths=77 u=256], input shapes: torch.Size([7, 13, 256]), torch.Size([125]), torch.Size([125, 16, 256])
2025-09-17 19:32:19.324 DEBUG: Calling TensorProductUniform4x1d: u,u,,u sizes=1024,256,16,4096 num_segments=4,1,16,16 num_paths=16 u=256, input shapes: torch.Size([1338, 1024]), torch.Size([1338, 256]), torch.Size([1338, 16])
2025-09-17 19:32:19.330 DEBUG: Calling SymmetricTensorContraction: [u,u,u sizes=4096,12544,2304 num_segments=16,49,9 num_paths=9 u=256, u,u,u,u sizes=4096,4096,12544,2304 num_segments=16,16,49,9 num_paths=125 u=256, u,u,u,u,u sizes=4096,4096,4096,12544,2304 num_segments=16,16,16,49,9 num_paths=1093 u=256], input shapes: torch.Size([7, 49, 256]), torch.Size([120]), torch.Size([120, 16, 256])
2025-09-17 19:32:19.335 DEBUG: Calling TensorProductUniform4x1d: u,u,,u sizes=4352,2304,16,18176 num_segments=17,9,16,71 num_paths=215 u=256, input shapes: torch.Size([1338, 4352]), torch.Size([1338, 2304]), torch.Size([1338, 16])
2025-09-17 19:32:19.339 DEBUG: Calling SymmetricTensorContraction: [u,u,u sizes=4096,3328,256 num_segments=16,13,1 num_paths=1 u=256, u,u,u,u sizes=4096,4096,3328,256 num_segments=16,16,13,1 num_paths=16 u=256, u,u,u,u,u sizes=4096,4096,4096,3328,256 num_segments=16,16,16,13,1 num_paths=77 u=256], input shapes: torch.Size([7, 13, 256]), torch.Size([120]), torch.Size([120, 16, 256])
2025-09-17 19:32:19.468 DEBUG: Calling TensorProductUniform4x1d: u,u,,u sizes=1024,256,16,4096 num_segments=4,1,16,16 num_paths=16 u=256, input shapes: torch.Size([1424, 1024]), torch.Size([1424, 256]), torch.Size([1424, 16])
2025-09-17 19:32:19.500 DEBUG: Calling SymmetricTensorContraction: [u,u,u sizes=4096,12544,2304 num_segments=16,49,9 num_paths=9 u=256, u,u,u,u sizes=4096,4096,12544,2304 num_segments=16,16,49,9 num_paths=125 u=256, u,u,u,u,u sizes=4096,4096,4096,12544,2304 num_segments=16,16,16,49,9 num_paths=1093 u=256], input shapes: torch.Size([7, 49, 256]), torch.Size([123]), torch.Size([123, 16, 256])
2025-09-17 19:32:19.510 DEBUG: Calling TensorProductUniform4x1d: u,u,,u sizes=4352,2304,16,18176 num_segments=17,9,16,71 num_paths=215 u=256, input shapes: torch.Size([1424, 4352]), torch.Size([1424, 2304]), torch.Size([1424, 16])
2025-09-17 19:32:19.546 DEBUG: Calling SymmetricTensorContraction: [u,u,u sizes=4096,3328,256 num_segments=16,13,1 num_paths=1 u=256, u,u,u,u sizes=4096,4096,3328,256 num_segments=16,16,13,1 num_paths=16 u=256, u,u,u,u,u sizes=4096,4096,4096,3328,256 num_segments=16,16,16,13,1 num_paths=77 u=256], input shapes: torch.Size([7, 13, 256]), torch.Size([123]), torch.Size([123, 16, 256])
2025-09-17 19:32:19.650 DEBUG: Calling TensorProductUniform4x1d: u,u,,u sizes=1024,256,16,4096 num_segments=4,1,16,16 num_paths=16 u=256, input shapes: torch.Size([1258, 1024]), torch.Size([1258, 256]), torch.Size([1258, 16])
2025-09-17 19:32:19.656 DEBUG: Calling SymmetricTensorContraction: [u,u,u sizes=4096,12544,2304 num_segments=16,49,9 num_paths=9 u=256, u,u,u,u sizes=4096,4096,12544,2304 num_segments=16,16,49,9 num_paths=125 u=256, u,u,u,u,u sizes=4096,4096,4096,12544,2304 num_segments=16,16,16,49,9 num_paths=1093 u=256], input shapes: torch.Size([7, 49, 256]), torch.Size([115]), torch.Size([115, 16, 256])
2025-09-17 19:32:19.660 DEBUG: Calling TensorProductUniform4x1d: u,u,,u sizes=4352,2304,16,18176 num_segments=17,9,16,71 num_paths=215 u=256, input shapes: torch.Size([1258, 4352]), torch.Size([1258, 2304]), torch.Size([1258, 16])
2025-09-17 19:32:19.664 DEBUG: Calling SymmetricTensorContraction: [u,u,u sizes=4096,3328,256 num_segments=16,13,1 num_paths=1 u=256, u,u,u,u sizes=4096,4096,3328,256 num_segments=16,16,13,1 num_paths=16 u=256, u,u,u,u,u sizes=4096,4096,4096,3328,256 num_segments=16,16,16,13,1 num_paths=77 u=256], input shapes: torch.Size([7, 13, 256]), torch.Size([115]), torch.Size([115, 16, 256])
2025-09-17 19:32:19.710 DEBUG: Calling TensorProductUniform4x1d: u,u,,u sizes=1024,256,16,4096 num_segments=4,1,16,16 num_paths=16 u=256, input shapes: torch.Size([1488, 1024]), torch.Size([1488, 256]), torch.Size([1488, 16])
2025-09-17 19:32:19.717 DEBUG: Calling SymmetricTensorContraction: [u,u,u sizes=4096,12544,2304 num_segments=16,49,9 num_paths=9 u=256, u,u,u,u sizes=4096,4096,12544,2304 num_segments=16,16,49,9 num_paths=125 u=256, u,u,u,u,u sizes=4096,4096,4096,12544,2304 num_segments=16,16,16,49,9 num_paths=1093 u=256], input shapes: torch.Size([7, 49, 256]), torch.Size([125]), torch.Size([125, 16, 256])
2025-09-17 19:32:19.720 DEBUG: Calling TensorProductUniform4x1d: u,u,,u sizes=4352,2304,16,18176 num_segments=17,9,16,71 num_paths=215 u=256, input shapes: torch.Size([1488, 4352]), torch.Size([1488, 2304]), torch.Size([1488, 16])
2025-09-17 19:32:19.725 DEBUG: Calling SymmetricTensorContraction: [u,u,u sizes=4096,3328,256 num_segments=16,13,1 num_paths=1 u=256, u,u,u,u sizes=4096,4096,3328,256 num_segments=16,16,13,1 num_paths=16 u=256, u,u,u,u,u sizes=4096,4096,4096,3328,256 num_segments=16,16,16,13,1 num_paths=77 u=256], input shapes: torch.Size([7, 13, 256]), torch.Size([125]), torch.Size([125, 16, 256])
2025-09-17 19:32:19.773 DEBUG: Calling TensorProductUniform4x1d: u,u,,u sizes=1024,256,16,4096 num_segments=4,1,16,16 num_paths=16 u=256, input shapes: torch.Size([1486, 1024]), torch.Size([1486, 256]), torch.Size([1486, 16])
2025-09-17 19:32:19.779 DEBUG: Calling SymmetricTensorContraction: [u,u,u sizes=4096,12544,2304 num_segments=16,49,9 num_paths=9 u=256, u,u,u,u sizes=4096,4096,12544,2304 num_segments=16,16,49,9 num_paths=125 u=256, u,u,u,u,u sizes=4096,4096,4096,12544,2304 num_segments=16,16,16,49,9 num_paths=1093 u=256], input shapes: torch.Size([7, 49, 256]), torch.Size([125]), torch.Size([125, 16, 256])
2025-09-17 19:32:19.783 DEBUG: Calling TensorProductUniform4x1d: u,u,,u sizes=4352,2304,16,18176 num_segments=17,9,16,71 num_paths=215 u=256, input shapes: torch.Size([1486, 4352]), torch.Size([1486, 2304]), torch.Size([1486, 16])
2025-09-17 19:32:19.787 DEBUG: Calling SymmetricTensorContraction: [u,u,u sizes=4096,3328,256 num_segments=16,13,1 num_paths=1 u=256, u,u,u,u sizes=4096,4096,3328,256 num_segments=16,16,13,1 num_paths=16 u=256, u,u,u,u,u sizes=4096,4096,4096,3328,256 num_segments=16,16,16,13,1 num_paths=77 u=256], input shapes: torch.Size([7, 13, 256]), torch.Size([125]), torch.Size([125, 16, 256])
2025-09-17 19:32:19.835 DEBUG: Calling TensorProductUniform4x1d: u,u,,u sizes=1024,256,16,4096 num_segments=4,1,16,16 num_paths=16 u=256, input shapes: torch.Size([1718, 1024]), torch.Size([1718, 256]), torch.Size([1718, 16])
2025-09-17 19:32:19.841 DEBUG: Calling SymmetricTensorContraction: [u,u,u sizes=4096,12544,2304 num_segments=16,49,9 num_paths=9 u=256, u,u,u,u sizes=4096,4096,12544,2304 num_segments=16,16,49,9 num_paths=125 u=256, u,u,u,u,u sizes=4096,4096,4096,12544,2304 num_segments=16,16,16,49,9 num_paths=1093 u=256], input shapes: torch.Size([7, 49, 256]), torch.Size([136]), torch.Size([136, 16, 256])
2025-09-17 19:32:19.844 DEBUG: Calling TensorProductUniform4x1d: u,u,,u sizes=4352,2304,16,18176 num_segments=17,9,16,71 num_paths=215 u=256, input shapes: torch.Size([1718, 4352]), torch.Size([1718, 2304]), torch.Size([1718, 16])
2025-09-17 19:32:19.849 DEBUG: Calling SymmetricTensorContraction: [u,u,u sizes=4096,3328,256 num_segments=16,13,1 num_paths=1 u=256, u,u,u,u sizes=4096,4096,3328,256 num_segments=16,16,13,1 num_paths=16 u=256, u,u,u,u,u sizes=4096,4096,4096,3328,256 num_segments=16,16,16,13,1 num_paths=77 u=256], input shapes: torch.Size([7, 13, 256]), torch.Size([136]), torch.Size([136, 16, 256])
2025-09-17 19:32:19.903 DEBUG: Calling TensorProductUniform4x1d: u,u,,u sizes=1024,256,16,4096 num_segments=4,1,16,16 num_paths=16 u=256, input shapes: torch.Size([1532, 1024]), torch.Size([1532, 256]), torch.Size([1532, 16])
2025-09-17 19:32:19.909 DEBUG: Calling SymmetricTensorContraction: [u,u,u sizes=4096,12544,2304 num_segments=16,49,9 num_paths=9 u=256, u,u,u,u sizes=4096,4096,12544,2304 num_segments=16,16,49,9 num_paths=125 u=256, u,u,u,u,u sizes=4096,4096,4096,12544,2304 num_segments=16,16,16,49,9 num_paths=1093 u=256], input shapes: torch.Size([7, 49, 256]), torch.Size([128]), torch.Size([128, 16, 256])
2025-09-17 19:32:19.913 DEBUG: Calling TensorProductUniform4x1d: u,u,,u sizes=4352,2304,16,18176 num_segments=17,9,16,71 num_paths=215 u=256, input shapes: torch.Size([1532, 4352]), torch.Size([1532, 2304]), torch.Size([1532, 16])
2025-09-17 19:32:19.917 DEBUG: Calling SymmetricTensorContraction: [u,u,u sizes=4096,3328,256 num_segments=16,13,1 num_paths=1 u=256, u,u,u,u sizes=4096,4096,3328,256 num_segments=16,16,13,1 num_paths=16 u=256, u,u,u,u,u sizes=4096,4096,4096,3328,256 num_segments=16,16,16,13,1 num_paths=77 u=256], input shapes: torch.Size([7, 13, 256]), torch.Size([128]), torch.Size([128, 16, 256])
2025-09-17 19:32:19.969 DEBUG: Calling TensorProductUniform4x1d: u,u,,u sizes=1024,256,16,4096 num_segments=4,1,16,16 num_paths=16 u=256, input shapes: torch.Size([1590, 1024]), torch.Size([1590, 256]), torch.Size([1590, 16])
2025-09-17 19:32:19.975 DEBUG: Calling SymmetricTensorContraction: [u,u,u sizes=4096,12544,2304 num_segments=16,49,9 num_paths=9 u=256, u,u,u,u sizes=4096,4096,12544,2304 num_segments=16,16,49,9 num_paths=125 u=256, u,u,u,u,u sizes=4096,4096,4096,12544,2304 num_segments=16,16,16,49,9 num_paths=1093 u=256], input shapes: torch.Size([7, 49, 256]), torch.Size([128]), torch.Size([128, 16, 256])
2025-09-17 19:32:19.980 DEBUG: Calling TensorProductUniform4x1d: u,u,,u sizes=4352,2304,16,18176 num_segments=17,9,16,71 num_paths=215 u=256, input shapes: torch.Size([1590, 4352]), torch.Size([1590, 2304]), torch.Size([1590, 16])
2025-09-17 19:32:19.985 DEBUG: Calling SymmetricTensorContraction: [u,u,u sizes=4096,3328,256 num_segments=16,13,1 num_paths=1 u=256, u,u,u,u sizes=4096,4096,3328,256 num_segments=16,16,13,1 num_paths=16 u=256, u,u,u,u,u sizes=4096,4096,4096,3328,256 num_segments=16,16,16,13,1 num_paths=77 u=256], input shapes: torch.Size([7, 13, 256]), torch.Size([128]), torch.Size([128, 16, 256])
2025-09-17 19:32:20.039 DEBUG: Calling TensorProductUniform4x1d: u,u,,u sizes=1024,256,16,4096 num_segments=4,1,16,16 num_paths=16 u=256, input shapes: torch.Size([1482, 1024]), torch.Size([1482, 256]), torch.Size([1482, 16])
2025-09-17 19:32:20.045 DEBUG: Calling SymmetricTensorContraction: [u,u,u sizes=4096,12544,2304 num_segments=16,49,9 num_paths=9 u=256, u,u,u,u sizes=4096,4096,12544,2304 num_segments=16,16,49,9 num_paths=125 u=256, u,u,u,u,u sizes=4096,4096,4096,12544,2304 num_segments=16,16,16,49,9 num_paths=1093 u=256], input shapes: torch.Size([7, 49, 256]), torch.Size([126]), torch.Size([126, 16, 256])
2025-09-17 19:32:20.048 DEBUG: Calling TensorProductUniform4x1d: u,u,,u sizes=4352,2304,16,18176 num_segments=17,9,16,71 num_paths=215 u=256, input shapes: torch.Size([1482, 4352]), torch.Size([1482, 2304]), torch.Size([1482, 16])
2025-09-17 19:32:20.053 DEBUG: Calling SymmetricTensorContraction: [u,u,u sizes=4096,3328,256 num_segments=16,13,1 num_paths=1 u=256, u,u,u,u sizes=4096,4096,3328,256 num_segments=16,16,13,1 num_paths=16 u=256, u,u,u,u,u sizes=4096,4096,4096,3328,256 num_segments=16,16,16,13,1 num_paths=77 u=256], input shapes: torch.Size([7, 13, 256]), torch.Size([126]), torch.Size([126, 16, 256])
2025-09-17 19:32:20.105 DEBUG: Calling TensorProductUniform4x1d: u,u,,u sizes=1024,256,16,4096 num_segments=4,1,16,16 num_paths=16 u=256, input shapes: torch.Size([1590, 1024]), torch.Size([1590, 256]), torch.Size([1590, 16])
2025-09-17 19:32:20.111 DEBUG: Calling SymmetricTensorContraction: [u,u,u sizes=4096,12544,2304 num_segments=16,49,9 num_paths=9 u=256, u,u,u,u sizes=4096,4096,12544,2304 num_segments=16,16,49,9 num_paths=125 u=256, u,u,u,u,u sizes=4096,4096,4096,12544,2304 num_segments=16,16,16,49,9 num_paths=1093 u=256], input shapes: torch.Size([7, 49, 256]), torch.Size([129]), torch.Size([129, 16, 256])
2025-09-17 19:32:20.116 DEBUG: Calling TensorProductUniform4x1d: u,u,,u sizes=4352,2304,16,18176 num_segments=17,9,16,71 num_paths=215 u=256, input shapes: torch.Size([1590, 4352]), torch.Size([1590, 2304]), torch.Size([1590, 16])
2025-09-17 19:32:20.121 DEBUG: Calling SymmetricTensorContraction: [u,u,u sizes=4096,3328,256 num_segments=16,13,1 num_paths=1 u=256, u,u,u,u sizes=4096,4096,3328,256 num_segments=16,16,13,1 num_paths=16 u=256, u,u,u,u,u sizes=4096,4096,4096,3328,256 num_segments=16,16,16,13,1 num_paths=77 u=256], input shapes: torch.Size([7, 13, 256]), torch.Size([129]), torch.Size([129, 16, 256])
2025-09-17 19:32:20.169 DEBUG: Calling TensorProductUniform4x1d: u,u,,u sizes=1024,256,16,4096 num_segments=4,1,16,16 num_paths=16 u=256, input shapes: torch.Size([1736, 1024]), torch.Size([1736, 256]), torch.Size([1736, 16])
2025-09-17 19:32:20.175 DEBUG: Calling SymmetricTensorContraction: [u,u,u sizes=4096,12544,2304 num_segments=16,49,9 num_paths=9 u=256, u,u,u,u sizes=4096,4096,12544,2304 num_segments=16,16,49,9 num_paths=125 u=256, u,u,u,u,u sizes=4096,4096,4096,12544,2304 num_segments=16,16,16,49,9 num_paths=1093 u=256], input shapes: torch.Size([7, 49, 256]), torch.Size([135]), torch.Size([135, 16, 256])
2025-09-17 19:32:20.180 DEBUG: Calling TensorProductUniform4x1d: u,u,,u sizes=4352,2304,16,18176 num_segments=17,9,16,71 num_paths=215 u=256, input shapes: torch.Size([1736, 4352]), torch.Size([1736, 2304]), torch.Size([1736, 16])
2025-09-17 19:32:20.188 DEBUG: Calling SymmetricTensorContraction: [u,u,u sizes=4096,3328,256 num_segments=16,13,1 num_paths=1 u=256, u,u,u,u sizes=4096,4096,3328,256 num_segments=16,16,13,1 num_paths=16 u=256, u,u,u,u,u sizes=4096,4096,4096,3328,256 num_segments=16,16,16,13,1 num_paths=77 u=256], input shapes: torch.Size([7, 13, 256]), torch.Size([135]), torch.Size([135, 16, 256])
2025-09-17 19:32:20.242 DEBUG: Calling TensorProductUniform4x1d: u,u,,u sizes=1024,256,16,4096 num_segments=4,1,16,16 num_paths=16 u=256, input shapes: torch.Size([1648, 1024]), torch.Size([1648, 256]), torch.Size([1648, 16])
2025-09-17 19:32:20.249 DEBUG: Calling SymmetricTensorContraction: [u,u,u sizes=4096,12544,2304 num_segments=16,49,9 num_paths=9 u=256, u,u,u,u sizes=4096,4096,12544,2304 num_segments=16,16,49,9 num_paths=125 u=256, u,u,u,u,u sizes=4096,4096,4096,12544,2304 num_segments=16,16,16,49,9 num_paths=1093 u=256], input shapes: torch.Size([7, 49, 256]), torch.Size([132]), torch.Size([132, 16, 256])
2025-09-17 19:32:20.253 DEBUG: Calling TensorProductUniform4x1d: u,u,,u sizes=4352,2304,16,18176 num_segments=17,9,16,71 num_paths=215 u=256, input shapes: torch.Size([1648, 4352]), torch.Size([1648, 2304]), torch.Size([1648, 16])
2025-09-17 19:32:20.257 DEBUG: Calling SymmetricTensorContraction: [u,u,u sizes=4096,3328,256 num_segments=16,13,1 num_paths=1 u=256, u,u,u,u sizes=4096,4096,3328,256 num_segments=16,16,13,1 num_paths=16 u=256, u,u,u,u,u sizes=4096,4096,4096,3328,256 num_segments=16,16,16,13,1 num_paths=77 u=256], input shapes: torch.Size([7, 13, 256]), torch.Size([132]), torch.Size([132, 16, 256])
2025-09-17 19:32:20.306 DEBUG: Calling TensorProductUniform4x1d: u,u,,u sizes=1024,256,16,4096 num_segments=4,1,16,16 num_paths=16 u=256, input shapes: torch.Size([1338, 1024]), torch.Size([1338, 256]), torch.Size([1338, 16])
2025-09-17 19:32:20.311 DEBUG: Calling SymmetricTensorContraction: [u,u,u sizes=4096,12544,2304 num_segments=16,49,9 num_paths=9 u=256, u,u,u,u sizes=4096,4096,12544,2304 num_segments=16,16,49,9 num_paths=125 u=256, u,u,u,u,u sizes=4096,4096,4096,12544,2304 num_segments=16,16,16,49,9 num_paths=1093 u=256], input shapes: torch.Size([7, 49, 256]), torch.Size([120]), torch.Size([120, 16, 256])
2025-09-17 19:32:20.315 DEBUG: Calling TensorProductUniform4x1d: u,u,,u sizes=4352,2304,16,18176 num_segments=17,9,16,71 num_paths=215 u=256, input shapes: torch.Size([1338, 4352]), torch.Size([1338, 2304]), torch.Size([1338, 16])
2025-09-17 19:32:20.319 DEBUG: Calling SymmetricTensorContraction: [u,u,u sizes=4096,3328,256 num_segments=16,13,1 num_paths=1 u=256, u,u,u,u sizes=4096,4096,3328,256 num_segments=16,16,13,1 num_paths=16 u=256, u,u,u,u,u sizes=4096,4096,4096,3328,256 num_segments=16,16,16,13,1 num_paths=77 u=256], input shapes: torch.Size([7, 13, 256]), torch.Size([120]), torch.Size([120, 16, 256])
2025-09-17 19:32:20.369 DEBUG: Calling TensorProductUniform4x1d: u,u,,u sizes=1024,256,16,4096 num_segments=4,1,16,16 num_paths=16 u=256, input shapes: torch.Size([1320, 1024]), torch.Size([1320, 256]), torch.Size([1320, 16])
2025-09-17 19:32:20.375 DEBUG: Calling SymmetricTensorContraction: [u,u,u sizes=4096,12544,2304 num_segments=16,49,9 num_paths=9 u=256, u,u,u,u sizes=4096,4096,12544,2304 num_segments=16,16,49,9 num_paths=125 u=256, u,u,u,u,u sizes=4096,4096,4096,12544,2304 num_segments=16,16,16,49,9 num_paths=1093 u=256], input shapes: torch.Size([7, 49, 256]), torch.Size([117]), torch.Size([117, 16, 256])
2025-09-17 19:32:20.379 DEBUG: Calling TensorProductUniform4x1d: u,u,,u sizes=4352,2304,16,18176 num_segments=17,9,16,71 num_paths=215 u=256, input shapes: torch.Size([1320, 4352]), torch.Size([1320, 2304]), torch.Size([1320, 16])
2025-09-17 19:32:20.383 DEBUG: Calling SymmetricTensorContraction: [u,u,u sizes=4096,3328,256 num_segments=16,13,1 num_paths=1 u=256, u,u,u,u sizes=4096,4096,3328,256 num_segments=16,16,13,1 num_paths=16 u=256, u,u,u,u,u sizes=4096,4096,4096,3328,256 num_segments=16,16,16,13,1 num_paths=77 u=256], input shapes: torch.Size([7, 13, 256]), torch.Size([117]), torch.Size([117, 16, 256])
2025-09-17 19:32:20.431 DEBUG: Calling TensorProductUniform4x1d: u,u,,u sizes=1024,256,16,4096 num_segments=4,1,16,16 num_paths=16 u=256, input shapes: torch.Size([1874, 1024]), torch.Size([1874, 256]), torch.Size([1874, 16])
2025-09-17 19:32:20.437 DEBUG: Calling SymmetricTensorContraction: [u,u,u sizes=4096,12544,2304 num_segments=16,49,9 num_paths=9 u=256, u,u,u,u sizes=4096,4096,12544,2304 num_segments=16,16,49,9 num_paths=125 u=256, u,u,u,u,u sizes=4096,4096,4096,12544,2304 num_segments=16,16,16,49,9 num_paths=1093 u=256], input shapes: torch.Size([7, 49, 256]), torch.Size([140]), torch.Size([140, 16, 256])
2025-09-17 19:32:20.441 DEBUG: Calling TensorProductUniform4x1d: u,u,,u sizes=4352,2304,16,18176 num_segments=17,9,16,71 num_paths=215 u=256, input shapes: torch.Size([1874, 4352]), torch.Size([1874, 2304]), torch.Size([1874, 16])
2025-09-17 19:32:20.446 DEBUG: Calling SymmetricTensorContraction: [u,u,u sizes=4096,3328,256 num_segments=16,13,1 num_paths=1 u=256, u,u,u,u sizes=4096,4096,3328,256 num_segments=16,16,13,1 num_paths=16 u=256, u,u,u,u,u sizes=4096,4096,4096,3328,256 num_segments=16,16,16,13,1 num_paths=77 u=256], input shapes: torch.Size([7, 13, 256]), torch.Size([140]), torch.Size([140, 16, 256])
2025-09-17 19:32:20.497 DEBUG: Calling TensorProductUniform4x1d: u,u,,u sizes=1024,256,16,4096 num_segments=4,1,16,16 num_paths=16 u=256, input shapes: torch.Size([1506, 1024]), torch.Size([1506, 256]), torch.Size([1506, 16])
2025-09-17 19:32:20.504 DEBUG: Calling SymmetricTensorContraction: [u,u,u sizes=4096,12544,2304 num_segments=16,49,9 num_paths=9 u=256, u,u,u,u sizes=4096,4096,12544,2304 num_segments=16,16,49,9 num_paths=125 u=256, u,u,u,u,u sizes=4096,4096,4096,12544,2304 num_segments=16,16,16,49,9 num_paths=1093 u=256], input shapes: torch.Size([7, 49, 256]), torch.Size([125]), torch.Size([125, 16, 256])
2025-09-17 19:32:20.508 DEBUG: Calling TensorProductUniform4x1d: u,u,,u sizes=4352,2304,16,18176 num_segments=17,9,16,71 num_paths=215 u=256, input shapes: torch.Size([1506, 4352]), torch.Size([1506, 2304]), torch.Size([1506, 16])
2025-09-17 19:32:20.512 DEBUG: Calling SymmetricTensorContraction: [u,u,u sizes=4096,3328,256 num_segments=16,13,1 num_paths=1 u=256, u,u,u,u sizes=4096,4096,3328,256 num_segments=16,16,13,1 num_paths=16 u=256, u,u,u,u,u sizes=4096,4096,4096,3328,256 num_segments=16,16,16,13,1 num_paths=77 u=256], input shapes: torch.Size([7, 13, 256]), torch.Size([125]), torch.Size([125, 16, 256])
2025-09-17 19:32:20.563 DEBUG: Calling TensorProductUniform4x1d: u,u,,u sizes=1024,256,16,4096 num_segments=4,1,16,16 num_paths=16 u=256, input shapes: torch.Size([1454, 1024]), torch.Size([1454, 256]), torch.Size([1454, 16])
2025-09-17 19:32:20.569 DEBUG: Calling SymmetricTensorContraction: [u,u,u sizes=4096,12544,2304 num_segments=16,49,9 num_paths=9 u=256, u,u,u,u sizes=4096,4096,12544,2304 num_segments=16,16,49,9 num_paths=125 u=256, u,u,u,u,u sizes=4096,4096,4096,12544,2304 num_segments=16,16,16,49,9 num_paths=1093 u=256], input shapes: torch.Size([7, 49, 256]), torch.Size([123]), torch.Size([123, 16, 256])
2025-09-17 19:32:20.573 DEBUG: Calling TensorProductUniform4x1d: u,u,,u sizes=4352,2304,16,18176 num_segments=17,9,16,71 num_paths=215 u=256, input shapes: torch.Size([1454, 4352]), torch.Size([1454, 2304]), torch.Size([1454, 16])
2025-09-17 19:32:20.577 DEBUG: Calling SymmetricTensorContraction: [u,u,u sizes=4096,3328,256 num_segments=16,13,1 num_paths=1 u=256, u,u,u,u sizes=4096,4096,3328,256 num_segments=16,16,13,1 num_paths=16 u=256, u,u,u,u,u sizes=4096,4096,4096,3328,256 num_segments=16,16,16,13,1 num_paths=77 u=256], input shapes: torch.Size([7, 13, 256]), torch.Size([123]), torch.Size([123, 16, 256])
2025-09-17 19:32:20.632 DEBUG: Calling TensorProductUniform4x1d: u,u,,u sizes=1024,256,16,4096 num_segments=4,1,16,16 num_paths=16 u=256, input shapes: torch.Size([1582, 1024]), torch.Size([1582, 256]), torch.Size([1582, 16])
2025-09-17 19:32:20.638 DEBUG: Calling SymmetricTensorContraction: [u,u,u sizes=4096,12544,2304 num_segments=16,49,9 num_paths=9 u=256, u,u,u,u sizes=4096,4096,12544,2304 num_segments=16,16,49,9 num_paths=125 u=256, u,u,u,u,u sizes=4096,4096,4096,12544,2304 num_segments=16,16,16,49,9 num_paths=1093 u=256], input shapes: torch.Size([7, 49, 256]), torch.Size([128]), torch.Size([128, 16, 256])
2025-09-17 19:32:20.643 DEBUG: Calling TensorProductUniform4x1d: u,u,,u sizes=4352,2304,16,18176 num_segments=17,9,16,71 num_paths=215 u=256, input shapes: torch.Size([1582, 4352]), torch.Size([1582, 2304]), torch.Size([1582, 16])
2025-09-17 19:32:20.648 DEBUG: Calling SymmetricTensorContraction: [u,u,u sizes=4096,3328,256 num_segments=16,13,1 num_paths=1 u=256, u,u,u,u sizes=4096,4096,3328,256 num_segments=16,16,13,1 num_paths=16 u=256, u,u,u,u,u sizes=4096,4096,4096,3328,256 num_segments=16,16,16,13,1 num_paths=77 u=256], input shapes: torch.Size([7, 13, 256]), torch.Size([128]), torch.Size([128, 16, 256])
2025-09-17 19:32:20.694 DEBUG: Calling TensorProductUniform4x1d: u,u,,u sizes=1024,256,16,4096 num_segments=4,1,16,16 num_paths=16 u=256, input shapes: torch.Size([1568, 1024]), torch.Size([1568, 256]), torch.Size([1568, 16])
2025-09-17 19:32:20.700 DEBUG: Calling SymmetricTensorContraction: [u,u,u sizes=4096,12544,2304 num_segments=16,49,9 num_paths=9 u=256, u,u,u,u sizes=4096,4096,12544,2304 num_segments=16,16,49,9 num_paths=125 u=256, u,u,u,u,u sizes=4096,4096,4096,12544,2304 num_segments=16,16,16,49,9 num_paths=1093 u=256], input shapes: torch.Size([7, 49, 256]), torch.Size([129]), torch.Size([129, 16, 256])
2025-09-17 19:32:20.703 DEBUG: Calling TensorProductUniform4x1d: u,u,,u sizes=4352,2304,16,18176 num_segments=17,9,16,71 num_paths=215 u=256, input shapes: torch.Size([1568, 4352]), torch.Size([1568, 2304]), torch.Size([1568, 16])
2025-09-17 19:32:20.708 DEBUG: Calling SymmetricTensorContraction: [u,u,u sizes=4096,3328,256 num_segments=16,13,1 num_paths=1 u=256, u,u,u,u sizes=4096,4096,3328,256 num_segments=16,16,13,1 num_paths=16 u=256, u,u,u,u,u sizes=4096,4096,4096,3328,256 num_segments=16,16,16,13,1 num_paths=77 u=256], input shapes: torch.Size([7, 13, 256]), torch.Size([129]), torch.Size([129, 16, 256])
2025-09-17 19:32:20.759 DEBUG: Calling TensorProductUniform4x1d: u,u,,u sizes=1024,256,16,4096 num_segments=4,1,16,16 num_paths=16 u=256, input shapes: torch.Size([1430, 1024]), torch.Size([1430, 256]), torch.Size([1430, 16])
2025-09-17 19:32:20.765 DEBUG: Calling SymmetricTensorContraction: [u,u,u sizes=4096,12544,2304 num_segments=16,49,9 num_paths=9 u=256, u,u,u,u sizes=4096,4096,12544,2304 num_segments=16,16,49,9 num_paths=125 u=256, u,u,u,u,u sizes=4096,4096,4096,12544,2304 num_segments=16,16,16,49,9 num_paths=1093 u=256], input shapes: torch.Size([7, 49, 256]), torch.Size([122]), torch.Size([122, 16, 256])
2025-09-17 19:32:20.769 DEBUG: Calling TensorProductUniform4x1d: u,u,,u sizes=4352,2304,16,18176 num_segments=17,9,16,71 num_paths=215 u=256, input shapes: torch.Size([1430, 4352]), torch.Size([1430, 2304]), torch.Size([1430, 16])
2025-09-17 19:32:20.774 DEBUG: Calling SymmetricTensorContraction: [u,u,u sizes=4096,3328,256 num_segments=16,13,1 num_paths=1 u=256, u,u,u,u sizes=4096,4096,3328,256 num_segments=16,16,13,1 num_paths=16 u=256, u,u,u,u,u sizes=4096,4096,4096,3328,256 num_segments=16,16,16,13,1 num_paths=77 u=256], input shapes: torch.Size([7, 13, 256]), torch.Size([122]), torch.Size([122, 16, 256])
2025-09-17 19:32:20.820 DEBUG: Calling TensorProductUniform4x1d: u,u,,u sizes=1024,256,16,4096 num_segments=4,1,16,16 num_paths=16 u=256, input shapes: torch.Size([1546, 1024]), torch.Size([1546, 256]), torch.Size([1546, 16])
2025-09-17 19:32:20.826 DEBUG: Calling SymmetricTensorContraction: [u,u,u sizes=4096,12544,2304 num_segments=16,49,9 num_paths=9 u=256, u,u,u,u sizes=4096,4096,12544,2304 num_segments=16,16,49,9 num_paths=125 u=256, u,u,u,u,u sizes=4096,4096,4096,12544,2304 num_segments=16,16,16,49,9 num_paths=1093 u=256], input shapes: torch.Size([7, 49, 256]), torch.Size([128]), torch.Size([128, 16, 256])
2025-09-17 19:32:20.830 DEBUG: Calling TensorProductUniform4x1d: u,u,,u sizes=4352,2304,16,18176 num_segments=17,9,16,71 num_paths=215 u=256, input shapes: torch.Size([1546, 4352]), torch.Size([1546, 2304]), torch.Size([1546, 16])
2025-09-17 19:32:20.834 DEBUG: Calling SymmetricTensorContraction: [u,u,u sizes=4096,3328,256 num_segments=16,13,1 num_paths=1 u=256, u,u,u,u sizes=4096,4096,3328,256 num_segments=16,16,13,1 num_paths=16 u=256, u,u,u,u,u sizes=4096,4096,4096,3328,256 num_segments=16,16,16,13,1 num_paths=77 u=256], input shapes: torch.Size([7, 13, 256]), torch.Size([128]), torch.Size([128, 16, 256])
2025-09-17 19:32:20.882 DEBUG: Calling TensorProductUniform4x1d: u,u,,u sizes=1024,256,16,4096 num_segments=4,1,16,16 num_paths=16 u=256, input shapes: torch.Size([1726, 1024]), torch.Size([1726, 256]), torch.Size([1726, 16])
2025-09-17 19:32:20.888 DEBUG: Calling SymmetricTensorContraction: [u,u,u sizes=4096,12544,2304 num_segments=16,49,9 num_paths=9 u=256, u,u,u,u sizes=4096,4096,12544,2304 num_segments=16,16,49,9 num_paths=125 u=256, u,u,u,u,u sizes=4096,4096,4096,12544,2304 num_segments=16,16,16,49,9 num_paths=1093 u=256], input shapes: torch.Size([7, 49, 256]), torch.Size([135]), torch.Size([135, 16, 256])
2025-09-17 19:32:20.892 DEBUG: Calling TensorProductUniform4x1d: u,u,,u sizes=4352,2304,16,18176 num_segments=17,9,16,71 num_paths=215 u=256, input shapes: torch.Size([1726, 4352]), torch.Size([1726, 2304]), torch.Size([1726, 16])
2025-09-17 19:32:20.896 DEBUG: Calling SymmetricTensorContraction: [u,u,u sizes=4096,3328,256 num_segments=16,13,1 num_paths=1 u=256, u,u,u,u sizes=4096,4096,3328,256 num_segments=16,16,13,1 num_paths=16 u=256, u,u,u,u,u sizes=4096,4096,4096,3328,256 num_segments=16,16,16,13,1 num_paths=77 u=256], input shapes: torch.Size([7, 13, 256]), torch.Size([135]), torch.Size([135, 16, 256])
2025-09-17 19:32:20.948 DEBUG: Calling TensorProductUniform4x1d: u,u,,u sizes=1024,256,16,4096 num_segments=4,1,16,16 num_paths=16 u=256, input shapes: torch.Size([1624, 1024]), torch.Size([1624, 256]), torch.Size([1624, 16])
2025-09-17 19:32:20.955 DEBUG: Calling SymmetricTensorContraction: [u,u,u sizes=4096,12544,2304 num_segments=16,49,9 num_paths=9 u=256, u,u,u,u sizes=4096,4096,12544,2304 num_segments=16,16,49,9 num_paths=125 u=256, u,u,u,u,u sizes=4096,4096,4096,12544,2304 num_segments=16,16,16,49,9 num_paths=1093 u=256], input shapes: torch.Size([7, 49, 256]), torch.Size([130]), torch.Size([130, 16, 256])
2025-09-17 19:32:20.960 DEBUG: Calling TensorProductUniform4x1d: u,u,,u sizes=4352,2304,16,18176 num_segments=17,9,16,71 num_paths=215 u=256, input shapes: torch.Size([1624, 4352]), torch.Size([1624, 2304]), torch.Size([1624, 16])
2025-09-17 19:32:20.965 DEBUG: Calling SymmetricTensorContraction: [u,u,u sizes=4096,3328,256 num_segments=16,13,1 num_paths=1 u=256, u,u,u,u sizes=4096,4096,3328,256 num_segments=16,16,13,1 num_paths=16 u=256, u,u,u,u,u sizes=4096,4096,4096,3328,256 num_segments=16,16,16,13,1 num_paths=77 u=256], input shapes: torch.Size([7, 13, 256]), torch.Size([130]), torch.Size([130, 16, 256])
2025-09-17 19:32:21.014 DEBUG: Calling TensorProductUniform4x1d: u,u,,u sizes=1024,256,16,4096 num_segments=4,1,16,16 num_paths=16 u=256, input shapes: torch.Size([1804, 1024]), torch.Size([1804, 256]), torch.Size([1804, 16])
2025-09-17 19:32:21.020 DEBUG: Calling SymmetricTensorContraction: [u,u,u sizes=4096,12544,2304 num_segments=16,49,9 num_paths=9 u=256, u,u,u,u sizes=4096,4096,12544,2304 num_segments=16,16,49,9 num_paths=125 u=256, u,u,u,u,u sizes=4096,4096,4096,12544,2304 num_segments=16,16,16,49,9 num_paths=1093 u=256], input shapes: torch.Size([7, 49, 256]), torch.Size([139]), torch.Size([139, 16, 256])
2025-09-17 19:32:21.025 DEBUG: Calling TensorProductUniform4x1d: u,u,,u sizes=4352,2304,16,18176 num_segments=17,9,16,71 num_paths=215 u=256, input shapes: torch.Size([1804, 4352]), torch.Size([1804, 2304]), torch.Size([1804, 16])
2025-09-17 19:32:21.030 DEBUG: Calling SymmetricTensorContraction: [u,u,u sizes=4096,3328,256 num_segments=16,13,1 num_paths=1 u=256, u,u,u,u sizes=4096,4096,3328,256 num_segments=16,16,13,1 num_paths=16 u=256, u,u,u,u,u sizes=4096,4096,4096,3328,256 num_segments=16,16,16,13,1 num_paths=77 u=256], input shapes: torch.Size([7, 13, 256]), torch.Size([139]), torch.Size([139, 16, 256])
2025-09-17 19:32:21.084 DEBUG: Calling TensorProductUniform4x1d: u,u,,u sizes=1024,256,16,4096 num_segments=4,1,16,16 num_paths=16 u=256, input shapes: torch.Size([1580, 1024]), torch.Size([1580, 256]), torch.Size([1580, 16])
2025-09-17 19:32:21.090 DEBUG: Calling SymmetricTensorContraction: [u,u,u sizes=4096,12544,2304 num_segments=16,49,9 num_paths=9 u=256, u,u,u,u sizes=4096,4096,12544,2304 num_segments=16,16,49,9 num_paths=125 u=256, u,u,u,u,u sizes=4096,4096,4096,12544,2304 num_segments=16,16,16,49,9 num_paths=1093 u=256], input shapes: torch.Size([7, 49, 256]), torch.Size([129]), torch.Size([129, 16, 256])
2025-09-17 19:32:21.094 DEBUG: Calling TensorProductUniform4x1d: u,u,,u sizes=4352,2304,16,18176 num_segments=17,9,16,71 num_paths=215 u=256, input shapes: torch.Size([1580, 4352]), torch.Size([1580, 2304]), torch.Size([1580, 16])
2025-09-17 19:32:21.099 DEBUG: Calling SymmetricTensorContraction: [u,u,u sizes=4096,3328,256 num_segments=16,13,1 num_paths=1 u=256, u,u,u,u sizes=4096,4096,3328,256 num_segments=16,16,13,1 num_paths=16 u=256, u,u,u,u,u sizes=4096,4096,4096,3328,256 num_segments=16,16,16,13,1 num_paths=77 u=256], input shapes: torch.Size([7, 13, 256]), torch.Size([129]), torch.Size([129, 16, 256])
2025-09-17 19:32:21.151 DEBUG: Calling TensorProductUniform4x1d: u,u,,u sizes=1024,256,16,4096 num_segments=4,1,16,16 num_paths=16 u=256, input shapes: torch.Size([1520, 1024]), torch.Size([1520, 256]), torch.Size([1520, 16])
2025-09-17 19:32:21.157 DEBUG: Calling SymmetricTensorContraction: [u,u,u sizes=4096,12544,2304 num_segments=16,49,9 num_paths=9 u=256, u,u,u,u sizes=4096,4096,12544,2304 num_segments=16,16,49,9 num_paths=125 u=256, u,u,u,u,u sizes=4096,4096,4096,12544,2304 num_segments=16,16,16,49,9 num_paths=1093 u=256], input shapes: torch.Size([7, 49, 256]), torch.Size([126]), torch.Size([126, 16, 256])
2025-09-17 19:32:21.161 DEBUG: Calling TensorProductUniform4x1d: u,u,,u sizes=4352,2304,16,18176 num_segments=17,9,16,71 num_paths=215 u=256, input shapes: torch.Size([1520, 4352]), torch.Size([1520, 2304]), torch.Size([1520, 16])
2025-09-17 19:32:21.166 DEBUG: Calling SymmetricTensorContraction: [u,u,u sizes=4096,3328,256 num_segments=16,13,1 num_paths=1 u=256, u,u,u,u sizes=4096,4096,3328,256 num_segments=16,16,13,1 num_paths=16 u=256, u,u,u,u,u sizes=4096,4096,4096,3328,256 num_segments=16,16,16,13,1 num_paths=77 u=256], input shapes: torch.Size([7, 13, 256]), torch.Size([126]), torch.Size([126, 16, 256])
2025-09-17 19:32:21.219 DEBUG: Calling TensorProductUniform4x1d: u,u,,u sizes=1024,256,16,4096 num_segments=4,1,16,16 num_paths=16 u=256, input shapes: torch.Size([1234, 1024]), torch.Size([1234, 256]), torch.Size([1234, 16])
2025-09-17 19:32:21.226 DEBUG: Calling SymmetricTensorContraction: [u,u,u sizes=4096,12544,2304 num_segments=16,49,9 num_paths=9 u=256, u,u,u,u sizes=4096,4096,12544,2304 num_segments=16,16,49,9 num_paths=125 u=256, u,u,u,u,u sizes=4096,4096,4096,12544,2304 num_segments=16,16,16,49,9 num_paths=1093 u=256], input shapes: torch.Size([7, 49, 256]), torch.Size([114]), torch.Size([114, 16, 256])
2025-09-17 19:32:21.325 DEBUG: Calling TensorProductUniform4x1d: u,u,,u sizes=4352,2304,16,18176 num_segments=17,9,16,71 num_paths=215 u=256, input shapes: torch.Size([1234, 4352]), torch.Size([1234, 2304]), torch.Size([1234, 16])
2025-09-17 19:32:21.333 DEBUG: Calling SymmetricTensorContraction: [u,u,u sizes=4096,3328,256 num_segments=16,13,1 num_paths=1 u=256, u,u,u,u sizes=4096,4096,3328,256 num_segments=16,16,13,1 num_paths=16 u=256, u,u,u,u,u sizes=4096,4096,4096,3328,256 num_segments=16,16,16,13,1 num_paths=77 u=256], input shapes: torch.Size([7, 13, 256]), torch.Size([114]), torch.Size([114, 16, 256])
2025-09-17 19:32:21.389 DEBUG: Calling TensorProductUniform4x1d: u,u,,u sizes=1024,256,16,4096 num_segments=4,1,16,16 num_paths=16 u=256, input shapes: torch.Size([1298, 1024]), torch.Size([1298, 256]), torch.Size([1298, 16])
2025-09-17 19:32:21.394 DEBUG: Calling SymmetricTensorContraction: [u,u,u sizes=4096,12544,2304 num_segments=16,49,9 num_paths=9 u=256, u,u,u,u sizes=4096,4096,12544,2304 num_segments=16,16,49,9 num_paths=125 u=256, u,u,u,u,u sizes=4096,4096,4096,12544,2304 num_segments=16,16,16,49,9 num_paths=1093 u=256], input shapes: torch.Size([7, 49, 256]), torch.Size([115]), torch.Size([115, 16, 256])
2025-09-17 19:32:21.399 DEBUG: Calling TensorProductUniform4x1d: u,u,,u sizes=4352,2304,16,18176 num_segments=17,9,16,71 num_paths=215 u=256, input shapes: torch.Size([1298, 4352]), torch.Size([1298, 2304]), torch.Size([1298, 16])
2025-09-17 19:32:21.403 DEBUG: Calling SymmetricTensorContraction: [u,u,u sizes=4096,3328,256 num_segments=16,13,1 num_paths=1 u=256, u,u,u,u sizes=4096,4096,3328,256 num_segments=16,16,13,1 num_paths=16 u=256, u,u,u,u,u sizes=4096,4096,4096,3328,256 num_segments=16,16,16,13,1 num_paths=77 u=256], input shapes: torch.Size([7, 13, 256]), torch.Size([115]), torch.Size([115, 16, 256])
2025-09-17 19:32:21.457 DEBUG: Calling TensorProductUniform4x1d: u,u,,u sizes=1024,256,16,4096 num_segments=4,1,16,16 num_paths=16 u=256, input shapes: torch.Size([1452, 1024]), torch.Size([1452, 256]), torch.Size([1452, 16])
2025-09-17 19:32:21.463 DEBUG: Calling SymmetricTensorContraction: [u,u,u sizes=4096,12544,2304 num_segments=16,49,9 num_paths=9 u=256, u,u,u,u sizes=4096,4096,12544,2304 num_segments=16,16,49,9 num_paths=125 u=256, u,u,u,u,u sizes=4096,4096,4096,12544,2304 num_segments=16,16,16,49,9 num_paths=1093 u=256], input shapes: torch.Size([7, 49, 256]), torch.Size([124]), torch.Size([124, 16, 256])
2025-09-17 19:32:21.467 DEBUG: Calling TensorProductUniform4x1d: u,u,,u sizes=4352,2304,16,18176 num_segments=17,9,16,71 num_paths=215 u=256, input shapes: torch.Size([1452, 4352]), torch.Size([1452, 2304]), torch.Size([1452, 16])
2025-09-17 19:32:21.471 DEBUG: Calling SymmetricTensorContraction: [u,u,u sizes=4096,3328,256 num_segments=16,13,1 num_paths=1 u=256, u,u,u,u sizes=4096,4096,3328,256 num_segments=16,16,13,1 num_paths=16 u=256, u,u,u,u,u sizes=4096,4096,4096,3328,256 num_segments=16,16,16,13,1 num_paths=77 u=256], input shapes: torch.Size([7, 13, 256]), torch.Size([124]), torch.Size([124, 16, 256])
2025-09-17 19:32:21.519 DEBUG: Calling TensorProductUniform4x1d: u,u,,u sizes=1024,256,16,4096 num_segments=4,1,16,16 num_paths=16 u=256, input shapes: torch.Size([1786, 1024]), torch.Size([1786, 256]), torch.Size([1786, 16])
2025-09-17 19:32:21.525 DEBUG: Calling SymmetricTensorContraction: [u,u,u sizes=4096,12544,2304 num_segments=16,49,9 num_paths=9 u=256, u,u,u,u sizes=4096,4096,12544,2304 num_segments=16,16,49,9 num_paths=125 u=256, u,u,u,u,u sizes=4096,4096,4096,12544,2304 num_segments=16,16,16,49,9 num_paths=1093 u=256], input shapes: torch.Size([7, 49, 256]), torch.Size([139]), torch.Size([139, 16, 256])
2025-09-17 19:32:21.529 DEBUG: Calling TensorProductUniform4x1d: u,u,,u sizes=4352,2304,16,18176 num_segments=17,9,16,71 num_paths=215 u=256, input shapes: torch.Size([1786, 4352]), torch.Size([1786, 2304]), torch.Size([1786, 16])
2025-09-17 19:32:21.533 DEBUG: Calling SymmetricTensorContraction: [u,u,u sizes=4096,3328,256 num_segments=16,13,1 num_paths=1 u=256, u,u,u,u sizes=4096,4096,3328,256 num_segments=16,16,13,1 num_paths=16 u=256, u,u,u,u,u sizes=4096,4096,4096,3328,256 num_segments=16,16,16,13,1 num_paths=77 u=256], input shapes: torch.Size([7, 13, 256]), torch.Size([139]), torch.Size([139, 16, 256])
2025-09-17 19:32:21.585 DEBUG: Calling TensorProductUniform4x1d: u,u,,u sizes=1024,256,16,4096 num_segments=4,1,16,16 num_paths=16 u=256, input shapes: torch.Size([1820, 1024]), torch.Size([1820, 256]), torch.Size([1820, 16])
2025-09-17 19:32:21.592 DEBUG: Calling SymmetricTensorContraction: [u,u,u sizes=4096,12544,2304 num_segments=16,49,9 num_paths=9 u=256, u,u,u,u sizes=4096,4096,12544,2304 num_segments=16,16,49,9 num_paths=125 u=256, u,u,u,u,u sizes=4096,4096,4096,12544,2304 num_segments=16,16,16,49,9 num_paths=1093 u=256], input shapes: torch.Size([7, 49, 256]), torch.Size([140]), torch.Size([140, 16, 256])
2025-09-17 19:32:21.596 DEBUG: Calling TensorProductUniform4x1d: u,u,,u sizes=4352,2304,16,18176 num_segments=17,9,16,71 num_paths=215 u=256, input shapes: torch.Size([1820, 4352]), torch.Size([1820, 2304]), torch.Size([1820, 16])
2025-09-17 19:32:21.601 DEBUG: Calling SymmetricTensorContraction: [u,u,u sizes=4096,3328,256 num_segments=16,13,1 num_paths=1 u=256, u,u,u,u sizes=4096,4096,3328,256 num_segments=16,16,13,1 num_paths=16 u=256, u,u,u,u,u sizes=4096,4096,4096,3328,256 num_segments=16,16,16,13,1 num_paths=77 u=256], input shapes: torch.Size([7, 13, 256]), torch.Size([140]), torch.Size([140, 16, 256])
2025-09-17 19:32:21.654 DEBUG: Calling TensorProductUniform4x1d: u,u,,u sizes=1024,256,16,4096 num_segments=4,1,16,16 num_paths=16 u=256, input shapes: torch.Size([1338, 1024]), torch.Size([1338, 256]), torch.Size([1338, 16])
2025-09-17 19:32:21.661 DEBUG: Calling SymmetricTensorContraction: [u,u,u sizes=4096,12544,2304 num_segments=16,49,9 num_paths=9 u=256, u,u,u,u sizes=4096,4096,12544,2304 num_segments=16,16,49,9 num_paths=125 u=256, u,u,u,u,u sizes=4096,4096,4096,12544,2304 num_segments=16,16,16,49,9 num_paths=1093 u=256], input shapes: torch.Size([7, 49, 256]), torch.Size([119]), torch.Size([119, 16, 256])
2025-09-17 19:32:21.665 DEBUG: Calling TensorProductUniform4x1d: u,u,,u sizes=4352,2304,16,18176 num_segments=17,9,16,71 num_paths=215 u=256, input shapes: torch.Size([1338, 4352]), torch.Size([1338, 2304]), torch.Size([1338, 16])
2025-09-17 19:32:21.670 DEBUG: Calling SymmetricTensorContraction: [u,u,u sizes=4096,3328,256 num_segments=16,13,1 num_paths=1 u=256, u,u,u,u sizes=4096,4096,3328,256 num_segments=16,16,13,1 num_paths=16 u=256, u,u,u,u,u sizes=4096,4096,4096,3328,256 num_segments=16,16,16,13,1 num_paths=77 u=256], input shapes: torch.Size([7, 13, 256]), torch.Size([119]), torch.Size([119, 16, 256])
2025-09-17 19:32:21.723 DEBUG: Calling TensorProductUniform4x1d: u,u,,u sizes=1024,256,16,4096 num_segments=4,1,16,16 num_paths=16 u=256, input shapes: torch.Size([1614, 1024]), torch.Size([1614, 256]), torch.Size([1614, 16])
2025-09-17 19:32:21.730 DEBUG: Calling SymmetricTensorContraction: [u,u,u sizes=4096,12544,2304 num_segments=16,49,9 num_paths=9 u=256, u,u,u,u sizes=4096,4096,12544,2304 num_segments=16,16,49,9 num_paths=125 u=256, u,u,u,u,u sizes=4096,4096,4096,12544,2304 num_segments=16,16,16,49,9 num_paths=1093 u=256], input shapes: torch.Size([7, 49, 256]), torch.Size([131]), torch.Size([131, 16, 256])
2025-09-17 19:32:21.733 DEBUG: Calling TensorProductUniform4x1d: u,u,,u sizes=4352,2304,16,18176 num_segments=17,9,16,71 num_paths=215 u=256, input shapes: torch.Size([1614, 4352]), torch.Size([1614, 2304]), torch.Size([1614, 16])
2025-09-17 19:32:21.738 DEBUG: Calling SymmetricTensorContraction: [u,u,u sizes=4096,3328,256 num_segments=16,13,1 num_paths=1 u=256, u,u,u,u sizes=4096,4096,3328,256 num_segments=16,16,13,1 num_paths=16 u=256, u,u,u,u,u sizes=4096,4096,4096,3328,256 num_segments=16,16,16,13,1 num_paths=77 u=256], input shapes: torch.Size([7, 13, 256]), torch.Size([131]), torch.Size([131, 16, 256])
2025-09-17 19:32:21.791 DEBUG: Calling TensorProductUniform4x1d: u,u,,u sizes=1024,256,16,4096 num_segments=4,1,16,16 num_paths=16 u=256, input shapes: torch.Size([1530, 1024]), torch.Size([1530, 256]), torch.Size([1530, 16])
2025-09-17 19:32:21.796 DEBUG: Calling SymmetricTensorContraction: [u,u,u sizes=4096,12544,2304 num_segments=16,49,9 num_paths=9 u=256, u,u,u,u sizes=4096,4096,12544,2304 num_segments=16,16,49,9 num_paths=125 u=256, u,u,u,u,u sizes=4096,4096,4096,12544,2304 num_segments=16,16,16,49,9 num_paths=1093 u=256], input shapes: torch.Size([7, 49, 256]), torch.Size([127]), torch.Size([127, 16, 256])
2025-09-17 19:32:21.800 DEBUG: Calling TensorProductUniform4x1d: u,u,,u sizes=4352,2304,16,18176 num_segments=17,9,16,71 num_paths=215 u=256, input shapes: torch.Size([1530, 4352]), torch.Size([1530, 2304]), torch.Size([1530, 16])
2025-09-17 19:32:21.805 DEBUG: Calling SymmetricTensorContraction: [u,u,u sizes=4096,3328,256 num_segments=16,13,1 num_paths=1 u=256, u,u,u,u sizes=4096,4096,3328,256 num_segments=16,16,13,1 num_paths=16 u=256, u,u,u,u,u sizes=4096,4096,4096,3328,256 num_segments=16,16,16,13,1 num_paths=77 u=256], input shapes: torch.Size([7, 13, 256]), torch.Size([127]), torch.Size([127, 16, 256])
2025-09-17 19:32:21.859 DEBUG: Calling TensorProductUniform4x1d: u,u,,u sizes=1024,256,16,4096 num_segments=4,1,16,16 num_paths=16 u=256, input shapes: torch.Size([1912, 1024]), torch.Size([1912, 256]), torch.Size([1912, 16])
2025-09-17 19:32:21.865 DEBUG: Calling SymmetricTensorContraction: [u,u,u sizes=4096,12544,2304 num_segments=16,49,9 num_paths=9 u=256, u,u,u,u sizes=4096,4096,12544,2304 num_segments=16,16,49,9 num_paths=125 u=256, u,u,u,u,u sizes=4096,4096,4096,12544,2304 num_segments=16,16,16,49,9 num_paths=1093 u=256], input shapes: torch.Size([7, 49, 256]), torch.Size([143]), torch.Size([143, 16, 256])
2025-09-17 19:32:21.869 DEBUG: Calling TensorProductUniform4x1d: u,u,,u sizes=4352,2304,16,18176 num_segments=17,9,16,71 num_paths=215 u=256, input shapes: torch.Size([1912, 4352]), torch.Size([1912, 2304]), torch.Size([1912, 16])
2025-09-17 19:32:21.875 DEBUG: Calling SymmetricTensorContraction: [u,u,u sizes=4096,3328,256 num_segments=16,13,1 num_paths=1 u=256, u,u,u,u sizes=4096,4096,3328,256 num_segments=16,16,13,1 num_paths=16 u=256, u,u,u,u,u sizes=4096,4096,4096,3328,256 num_segments=16,16,16,13,1 num_paths=77 u=256], input shapes: torch.Size([7, 13, 256]), torch.Size([143]), torch.Size([143, 16, 256])
2025-09-17 19:32:21.925 DEBUG: Calling TensorProductUniform4x1d: u,u,,u sizes=1024,256,16,4096 num_segments=4,1,16,16 num_paths=16 u=256, input shapes: torch.Size([1714, 1024]), torch.Size([1714, 256]), torch.Size([1714, 16])
2025-09-17 19:32:21.931 DEBUG: Calling SymmetricTensorContraction: [u,u,u sizes=4096,12544,2304 num_segments=16,49,9 num_paths=9 u=256, u,u,u,u sizes=4096,4096,12544,2304 num_segments=16,16,49,9 num_paths=125 u=256, u,u,u,u,u sizes=4096,4096,4096,12544,2304 num_segments=16,16,16,49,9 num_paths=1093 u=256], input shapes: torch.Size([7, 49, 256]), torch.Size([135]), torch.Size([135, 16, 256])
2025-09-17 19:32:21.936 DEBUG: Calling TensorProductUniform4x1d: u,u,,u sizes=4352,2304,16,18176 num_segments=17,9,16,71 num_paths=215 u=256, input shapes: torch.Size([1714, 4352]), torch.Size([1714, 2304]), torch.Size([1714, 16])
2025-09-17 19:32:21.941 DEBUG: Calling SymmetricTensorContraction: [u,u,u sizes=4096,3328,256 num_segments=16,13,1 num_paths=1 u=256, u,u,u,u sizes=4096,4096,3328,256 num_segments=16,16,13,1 num_paths=16 u=256, u,u,u,u,u sizes=4096,4096,4096,3328,256 num_segments=16,16,16,13,1 num_paths=77 u=256], input shapes: torch.Size([7, 13, 256]), torch.Size([135]), torch.Size([135, 16, 256])
2025-09-17 19:32:21.994 DEBUG: Calling TensorProductUniform4x1d: u,u,,u sizes=1024,256,16,4096 num_segments=4,1,16,16 num_paths=16 u=256, input shapes: torch.Size([1262, 1024]), torch.Size([1262, 256]), torch.Size([1262, 16])
2025-09-17 19:32:22.000 DEBUG: Calling SymmetricTensorContraction: [u,u,u sizes=4096,12544,2304 num_segments=16,49,9 num_paths=9 u=256, u,u,u,u sizes=4096,4096,12544,2304 num_segments=16,16,49,9 num_paths=125 u=256, u,u,u,u,u sizes=4096,4096,4096,12544,2304 num_segments=16,16,16,49,9 num_paths=1093 u=256], input shapes: torch.Size([7, 49, 256]), torch.Size([114]), torch.Size([114, 16, 256])
2025-09-17 19:32:22.004 DEBUG: Calling TensorProductUniform4x1d: u,u,,u sizes=4352,2304,16,18176 num_segments=17,9,16,71 num_paths=215 u=256, input shapes: torch.Size([1262, 4352]), torch.Size([1262, 2304]), torch.Size([1262, 16])
2025-09-17 19:32:22.008 DEBUG: Calling SymmetricTensorContraction: [u,u,u sizes=4096,3328,256 num_segments=16,13,1 num_paths=1 u=256, u,u,u,u sizes=4096,4096,3328,256 num_segments=16,16,13,1 num_paths=16 u=256, u,u,u,u,u sizes=4096,4096,4096,3328,256 num_segments=16,16,16,13,1 num_paths=77 u=256], input shapes: torch.Size([7, 13, 256]), torch.Size([114]), torch.Size([114, 16, 256])
2025-09-17 19:32:22.060 DEBUG: Calling TensorProductUniform4x1d: u,u,,u sizes=1024,256,16,4096 num_segments=4,1,16,16 num_paths=16 u=256, input shapes: torch.Size([1704, 1024]), torch.Size([1704, 256]), torch.Size([1704, 16])
2025-09-17 19:32:22.066 DEBUG: Calling SymmetricTensorContraction: [u,u,u sizes=4096,12544,2304 num_segments=16,49,9 num_paths=9 u=256, u,u,u,u sizes=4096,4096,12544,2304 num_segments=16,16,49,9 num_paths=125 u=256, u,u,u,u,u sizes=4096,4096,4096,12544,2304 num_segments=16,16,16,49,9 num_paths=1093 u=256], input shapes: torch.Size([7, 49, 256]), torch.Size([135]), torch.Size([135, 16, 256])
2025-09-17 19:32:22.070 DEBUG: Calling TensorProductUniform4x1d: u,u,,u sizes=4352,2304,16,18176 num_segments=17,9,16,71 num_paths=215 u=256, input shapes: torch.Size([1704, 4352]), torch.Size([1704, 2304]), torch.Size([1704, 16])
2025-09-17 19:32:22.074 DEBUG: Calling SymmetricTensorContraction: [u,u,u sizes=4096,3328,256 num_segments=16,13,1 num_paths=1 u=256, u,u,u,u sizes=4096,4096,3328,256 num_segments=16,16,13,1 num_paths=16 u=256, u,u,u,u,u sizes=4096,4096,4096,3328,256 num_segments=16,16,16,13,1 num_paths=77 u=256], input shapes: torch.Size([7, 13, 256]), torch.Size([135]), torch.Size([135, 16, 256])
2025-09-17 19:32:22.123 DEBUG: Calling TensorProductUniform4x1d: u,u,,u sizes=1024,256,16,4096 num_segments=4,1,16,16 num_paths=16 u=256, input shapes: torch.Size([1756, 1024]), torch.Size([1756, 256]), torch.Size([1756, 16])
2025-09-17 19:32:22.129 DEBUG: Calling SymmetricTensorContraction: [u,u,u sizes=4096,12544,2304 num_segments=16,49,9 num_paths=9 u=256, u,u,u,u sizes=4096,4096,12544,2304 num_segments=16,16,49,9 num_paths=125 u=256, u,u,u,u,u sizes=4096,4096,4096,12544,2304 num_segments=16,16,16,49,9 num_paths=1093 u=256], input shapes: torch.Size([7, 49, 256]), torch.Size([135]), torch.Size([135, 16, 256])
2025-09-17 19:32:22.133 DEBUG: Calling TensorProductUniform4x1d: u,u,,u sizes=4352,2304,16,18176 num_segments=17,9,16,71 num_paths=215 u=256, input shapes: torch.Size([1756, 4352]), torch.Size([1756, 2304]), torch.Size([1756, 16])
2025-09-17 19:32:22.138 DEBUG: Calling SymmetricTensorContraction: [u,u,u sizes=4096,3328,256 num_segments=16,13,1 num_paths=1 u=256, u,u,u,u sizes=4096,4096,3328,256 num_segments=16,16,13,1 num_paths=16 u=256, u,u,u,u,u sizes=4096,4096,4096,3328,256 num_segments=16,16,16,13,1 num_paths=77 u=256], input shapes: torch.Size([7, 13, 256]), torch.Size([135]), torch.Size([135, 16, 256])
2025-09-17 19:32:22.188 DEBUG: Calling TensorProductUniform4x1d: u,u,,u sizes=1024,256,16,4096 num_segments=4,1,16,16 num_paths=16 u=256, input shapes: torch.Size([1266, 1024]), torch.Size([1266, 256]), torch.Size([1266, 16])
2025-09-17 19:32:22.195 DEBUG: Calling SymmetricTensorContraction: [u,u,u sizes=4096,12544,2304 num_segments=16,49,9 num_paths=9 u=256, u,u,u,u sizes=4096,4096,12544,2304 num_segments=16,16,49,9 num_paths=125 u=256, u,u,u,u,u sizes=4096,4096,4096,12544,2304 num_segments=16,16,16,49,9 num_paths=1093 u=256], input shapes: torch.Size([7, 49, 256]), torch.Size([114]), torch.Size([114, 16, 256])
2025-09-17 19:32:22.199 DEBUG: Calling TensorProductUniform4x1d: u,u,,u sizes=4352,2304,16,18176 num_segments=17,9,16,71 num_paths=215 u=256, input shapes: torch.Size([1266, 4352]), torch.Size([1266, 2304]), torch.Size([1266, 16])
2025-09-17 19:32:22.203 DEBUG: Calling SymmetricTensorContraction: [u,u,u sizes=4096,3328,256 num_segments=16,13,1 num_paths=1 u=256, u,u,u,u sizes=4096,4096,3328,256 num_segments=16,16,13,1 num_paths=16 u=256, u,u,u,u,u sizes=4096,4096,4096,3328,256 num_segments=16,16,16,13,1 num_paths=77 u=256], input shapes: torch.Size([7, 13, 256]), torch.Size([114]), torch.Size([114, 16, 256])
2025-09-17 19:32:22.252 DEBUG: Calling TensorProductUniform4x1d: u,u,,u sizes=1024,256,16,4096 num_segments=4,1,16,16 num_paths=16 u=256, input shapes: torch.Size([1446, 1024]), torch.Size([1446, 256]), torch.Size([1446, 16])
2025-09-17 19:32:22.259 DEBUG: Calling SymmetricTensorContraction: [u,u,u sizes=4096,12544,2304 num_segments=16,49,9 num_paths=9 u=256, u,u,u,u sizes=4096,4096,12544,2304 num_segments=16,16,49,9 num_paths=125 u=256, u,u,u,u,u sizes=4096,4096,4096,12544,2304 num_segments=16,16,16,49,9 num_paths=1093 u=256], input shapes: torch.Size([7, 49, 256]), torch.Size([124]), torch.Size([124, 16, 256])
2025-09-17 19:32:22.263 DEBUG: Calling TensorProductUniform4x1d: u,u,,u sizes=4352,2304,16,18176 num_segments=17,9,16,71 num_paths=215 u=256, input shapes: torch.Size([1446, 4352]), torch.Size([1446, 2304]), torch.Size([1446, 16])
2025-09-17 19:32:22.266 DEBUG: Calling SymmetricTensorContraction: [u,u,u sizes=4096,3328,256 num_segments=16,13,1 num_paths=1 u=256, u,u,u,u sizes=4096,4096,3328,256 num_segments=16,16,13,1 num_paths=16 u=256, u,u,u,u,u sizes=4096,4096,4096,3328,256 num_segments=16,16,16,13,1 num_paths=77 u=256], input shapes: torch.Size([7, 13, 256]), torch.Size([124]), torch.Size([124, 16, 256])
2025-09-17 19:32:22.315 DEBUG: Calling TensorProductUniform4x1d: u,u,,u sizes=1024,256,16,4096 num_segments=4,1,16,16 num_paths=16 u=256, input shapes: torch.Size([1340, 1024]), torch.Size([1340, 256]), torch.Size([1340, 16])
2025-09-17 19:32:22.321 DEBUG: Calling SymmetricTensorContraction: [u,u,u sizes=4096,12544,2304 num_segments=16,49,9 num_paths=9 u=256, u,u,u,u sizes=4096,4096,12544,2304 num_segments=16,16,49,9 num_paths=125 u=256, u,u,u,u,u sizes=4096,4096,4096,12544,2304 num_segments=16,16,16,49,9 num_paths=1093 u=256], input shapes: torch.Size([7, 49, 256]), torch.Size([119]), torch.Size([119, 16, 256])
2025-09-17 19:32:22.325 DEBUG: Calling TensorProductUniform4x1d: u,u,,u sizes=4352,2304,16,18176 num_segments=17,9,16,71 num_paths=215 u=256, input shapes: torch.Size([1340, 4352]), torch.Size([1340, 2304]), torch.Size([1340, 16])
2025-09-17 19:32:22.329 DEBUG: Calling SymmetricTensorContraction: [u,u,u sizes=4096,3328,256 num_segments=16,13,1 num_paths=1 u=256, u,u,u,u sizes=4096,4096,3328,256 num_segments=16,16,13,1 num_paths=16 u=256, u,u,u,u,u sizes=4096,4096,4096,3328,256 num_segments=16,16,16,13,1 num_paths=77 u=256], input shapes: torch.Size([7, 13, 256]), torch.Size([119]), torch.Size([119, 16, 256])
2025-09-17 19:32:22.381 DEBUG: Calling TensorProductUniform4x1d: u,u,,u sizes=1024,256,16,4096 num_segments=4,1,16,16 num_paths=16 u=256, input shapes: torch.Size([1764, 1024]), torch.Size([1764, 256]), torch.Size([1764, 16])
2025-09-17 19:32:22.387 DEBUG: Calling SymmetricTensorContraction: [u,u,u sizes=4096,12544,2304 num_segments=16,49,9 num_paths=9 u=256, u,u,u,u sizes=4096,4096,12544,2304 num_segments=16,16,49,9 num_paths=125 u=256, u,u,u,u,u sizes=4096,4096,4096,12544,2304 num_segments=16,16,16,49,9 num_paths=1093 u=256], input shapes: torch.Size([7, 49, 256]), torch.Size([135]), torch.Size([135, 16, 256])
2025-09-17 19:32:22.390 DEBUG: Calling TensorProductUniform4x1d: u,u,,u sizes=4352,2304,16,18176 num_segments=17,9,16,71 num_paths=215 u=256, input shapes: torch.Size([1764, 4352]), torch.Size([1764, 2304]), torch.Size([1764, 16])
2025-09-17 19:32:22.395 DEBUG: Calling SymmetricTensorContraction: [u,u,u sizes=4096,3328,256 num_segments=16,13,1 num_paths=1 u=256, u,u,u,u sizes=4096,4096,3328,256 num_segments=16,16,13,1 num_paths=16 u=256, u,u,u,u,u sizes=4096,4096,4096,3328,256 num_segments=16,16,16,13,1 num_paths=77 u=256], input shapes: torch.Size([7, 13, 256]), torch.Size([135]), torch.Size([135, 16, 256])
2025-09-17 19:32:22.445 DEBUG: Calling TensorProductUniform4x1d: u,u,,u sizes=1024,256,16,4096 num_segments=4,1,16,16 num_paths=16 u=256, input shapes: torch.Size([1238, 1024]), torch.Size([1238, 256]), torch.Size([1238, 16])
2025-09-17 19:32:22.451 DEBUG: Calling SymmetricTensorContraction: [u,u,u sizes=4096,12544,2304 num_segments=16,49,9 num_paths=9 u=256, u,u,u,u sizes=4096,4096,12544,2304 num_segments=16,16,49,9 num_paths=125 u=256, u,u,u,u,u sizes=4096,4096,4096,12544,2304 num_segments=16,16,16,49,9 num_paths=1093 u=256], input shapes: torch.Size([7, 49, 256]), torch.Size([114]), torch.Size([114, 16, 256])
2025-09-17 19:32:22.454 DEBUG: Calling TensorProductUniform4x1d: u,u,,u sizes=4352,2304,16,18176 num_segments=17,9,16,71 num_paths=215 u=256, input shapes: torch.Size([1238, 4352]), torch.Size([1238, 2304]), torch.Size([1238, 16])
2025-09-17 19:32:22.459 DEBUG: Calling SymmetricTensorContraction: [u,u,u sizes=4096,3328,256 num_segments=16,13,1 num_paths=1 u=256, u,u,u,u sizes=4096,4096,3328,256 num_segments=16,16,13,1 num_paths=16 u=256, u,u,u,u,u sizes=4096,4096,4096,3328,256 num_segments=16,16,16,13,1 num_paths=77 u=256], input shapes: torch.Size([7, 13, 256]), torch.Size([114]), torch.Size([114, 16, 256])
2025-09-17 19:32:22.506 DEBUG: Calling TensorProductUniform4x1d: u,u,,u sizes=1024,256,16,4096 num_segments=4,1,16,16 num_paths=16 u=256, input shapes: torch.Size([1392, 1024]), torch.Size([1392, 256]), torch.Size([1392, 16])
2025-09-17 19:32:22.512 DEBUG: Calling SymmetricTensorContraction: [u,u,u sizes=4096,12544,2304 num_segments=16,49,9 num_paths=9 u=256, u,u,u,u sizes=4096,4096,12544,2304 num_segments=16,16,49,9 num_paths=125 u=256, u,u,u,u,u sizes=4096,4096,4096,12544,2304 num_segments=16,16,16,49,9 num_paths=1093 u=256], input shapes: torch.Size([7, 49, 256]), torch.Size([121]), torch.Size([121, 16, 256])
2025-09-17 19:32:22.515 DEBUG: Calling TensorProductUniform4x1d: u,u,,u sizes=4352,2304,16,18176 num_segments=17,9,16,71 num_paths=215 u=256, input shapes: torch.Size([1392, 4352]), torch.Size([1392, 2304]), torch.Size([1392, 16])
2025-09-17 19:32:22.520 DEBUG: Calling SymmetricTensorContraction: [u,u,u sizes=4096,3328,256 num_segments=16,13,1 num_paths=1 u=256, u,u,u,u sizes=4096,4096,3328,256 num_segments=16,16,13,1 num_paths=16 u=256, u,u,u,u,u sizes=4096,4096,4096,3328,256 num_segments=16,16,16,13,1 num_paths=77 u=256], input shapes: torch.Size([7, 13, 256]), torch.Size([121]), torch.Size([121, 16, 256])
2025-09-17 19:32:22.570 DEBUG: Calling TensorProductUniform4x1d: u,u,,u sizes=1024,256,16,4096 num_segments=4,1,16,16 num_paths=16 u=256, input shapes: torch.Size([1250, 1024]), torch.Size([1250, 256]), torch.Size([1250, 16])
2025-09-17 19:32:22.576 DEBUG: Calling SymmetricTensorContraction: [u,u,u sizes=4096,12544,2304 num_segments=16,49,9 num_paths=9 u=256, u,u,u,u sizes=4096,4096,12544,2304 num_segments=16,16,49,9 num_paths=125 u=256, u,u,u,u,u sizes=4096,4096,4096,12544,2304 num_segments=16,16,16,49,9 num_paths=1093 u=256], input shapes: torch.Size([7, 49, 256]), torch.Size([115]), torch.Size([115, 16, 256])
2025-09-17 19:32:22.580 DEBUG: Calling TensorProductUniform4x1d: u,u,,u sizes=4352,2304,16,18176 num_segments=17,9,16,71 num_paths=215 u=256, input shapes: torch.Size([1250, 4352]), torch.Size([1250, 2304]), torch.Size([1250, 16])
2025-09-17 19:32:22.584 DEBUG: Calling SymmetricTensorContraction: [u,u,u sizes=4096,3328,256 num_segments=16,13,1 num_paths=1 u=256, u,u,u,u sizes=4096,4096,3328,256 num_segments=16,16,13,1 num_paths=16 u=256, u,u,u,u,u sizes=4096,4096,4096,3328,256 num_segments=16,16,16,13,1 num_paths=77 u=256], input shapes: torch.Size([7, 13, 256]), torch.Size([115]), torch.Size([115, 16, 256])
2025-09-17 19:32:22.636 DEBUG: Calling TensorProductUniform4x1d: u,u,,u sizes=1024,256,16,4096 num_segments=4,1,16,16 num_paths=16 u=256, input shapes: torch.Size([1568, 1024]), torch.Size([1568, 256]), torch.Size([1568, 16])
2025-09-17 19:32:22.641 DEBUG: Calling SymmetricTensorContraction: [u,u,u sizes=4096,12544,2304 num_segments=16,49,9 num_paths=9 u=256, u,u,u,u sizes=4096,4096,12544,2304 num_segments=16,16,49,9 num_paths=125 u=256, u,u,u,u,u sizes=4096,4096,4096,12544,2304 num_segments=16,16,16,49,9 num_paths=1093 u=256], input shapes: torch.Size([7, 49, 256]), torch.Size([129]), torch.Size([129, 16, 256])
2025-09-17 19:32:22.646 DEBUG: Calling TensorProductUniform4x1d: u,u,,u sizes=4352,2304,16,18176 num_segments=17,9,16,71 num_paths=215 u=256, input shapes: torch.Size([1568, 4352]), torch.Size([1568, 2304]), torch.Size([1568, 16])
2025-09-17 19:32:22.650 DEBUG: Calling SymmetricTensorContraction: [u,u,u sizes=4096,3328,256 num_segments=16,13,1 num_paths=1 u=256, u,u,u,u sizes=4096,4096,3328,256 num_segments=16,16,13,1 num_paths=16 u=256, u,u,u,u,u sizes=4096,4096,4096,3328,256 num_segments=16,16,16,13,1 num_paths=77 u=256], input shapes: torch.Size([7, 13, 256]), torch.Size([129]), torch.Size([129, 16, 256])
2025-09-17 19:32:22.698 DEBUG: Calling TensorProductUniform4x1d: u,u,,u sizes=1024,256,16,4096 num_segments=4,1,16,16 num_paths=16 u=256, input shapes: torch.Size([1996, 1024]), torch.Size([1996, 256]), torch.Size([1996, 16])
2025-09-17 19:32:22.706 DEBUG: Calling SymmetricTensorContraction: [u,u,u sizes=4096,12544,2304 num_segments=16,49,9 num_paths=9 u=256, u,u,u,u sizes=4096,4096,12544,2304 num_segments=16,16,49,9 num_paths=125 u=256, u,u,u,u,u sizes=4096,4096,4096,12544,2304 num_segments=16,16,16,49,9 num_paths=1093 u=256], input shapes: torch.Size([7, 49, 256]), torch.Size([146]), torch.Size([146, 16, 256])
2025-09-17 19:32:22.710 DEBUG: Calling TensorProductUniform4x1d: u,u,,u sizes=4352,2304,16,18176 num_segments=17,9,16,71 num_paths=215 u=256, input shapes: torch.Size([1996, 4352]), torch.Size([1996, 2304]), torch.Size([1996, 16])
2025-09-17 19:32:22.715 DEBUG: Calling SymmetricTensorContraction: [u,u,u sizes=4096,3328,256 num_segments=16,13,1 num_paths=1 u=256, u,u,u,u sizes=4096,4096,3328,256 num_segments=16,16,13,1 num_paths=16 u=256, u,u,u,u,u sizes=4096,4096,4096,3328,256 num_segments=16,16,16,13,1 num_paths=77 u=256], input shapes: torch.Size([7, 13, 256]), torch.Size([146]), torch.Size([146, 16, 256])
2025-09-17 19:32:22.768 DEBUG: Calling TensorProductUniform4x1d: u,u,,u sizes=1024,256,16,4096 num_segments=4,1,16,16 num_paths=16 u=256, input shapes: torch.Size([1532, 1024]), torch.Size([1532, 256]), torch.Size([1532, 16])
2025-09-17 19:32:22.774 DEBUG: Calling SymmetricTensorContraction: [u,u,u sizes=4096,12544,2304 num_segments=16,49,9 num_paths=9 u=256, u,u,u,u sizes=4096,4096,12544,2304 num_segments=16,16,49,9 num_paths=125 u=256, u,u,u,u,u sizes=4096,4096,4096,12544,2304 num_segments=16,16,16,49,9 num_paths=1093 u=256], input shapes: torch.Size([7, 49, 256]), torch.Size([127]), torch.Size([127, 16, 256])
2025-09-17 19:32:22.777 DEBUG: Calling TensorProductUniform4x1d: u,u,,u sizes=4352,2304,16,18176 num_segments=17,9,16,71 num_paths=215 u=256, input shapes: torch.Size([1532, 4352]), torch.Size([1532, 2304]), torch.Size([1532, 16])
2025-09-17 19:32:22.782 DEBUG: Calling SymmetricTensorContraction: [u,u,u sizes=4096,3328,256 num_segments=16,13,1 num_paths=1 u=256, u,u,u,u sizes=4096,4096,3328,256 num_segments=16,16,13,1 num_paths=16 u=256, u,u,u,u,u sizes=4096,4096,4096,3328,256 num_segments=16,16,16,13,1 num_paths=77 u=256], input shapes: torch.Size([7, 13, 256]), torch.Size([127]), torch.Size([127, 16, 256])
2025-09-17 19:32:22.833 DEBUG: Calling TensorProductUniform4x1d: u,u,,u sizes=1024,256,16,4096 num_segments=4,1,16,16 num_paths=16 u=256, input shapes: torch.Size([1866, 1024]), torch.Size([1866, 256]), torch.Size([1866, 16])
2025-09-17 19:32:22.839 DEBUG: Calling SymmetricTensorContraction: [u,u,u sizes=4096,12544,2304 num_segments=16,49,9 num_paths=9 u=256, u,u,u,u sizes=4096,4096,12544,2304 num_segments=16,16,49,9 num_paths=125 u=256, u,u,u,u,u sizes=4096,4096,4096,12544,2304 num_segments=16,16,16,49,9 num_paths=1093 u=256], input shapes: torch.Size([7, 49, 256]), torch.Size([142]), torch.Size([142, 16, 256])
2025-09-17 19:32:22.843 DEBUG: Calling TensorProductUniform4x1d: u,u,,u sizes=4352,2304,16,18176 num_segments=17,9,16,71 num_paths=215 u=256, input shapes: torch.Size([1866, 4352]), torch.Size([1866, 2304]), torch.Size([1866, 16])
2025-09-17 19:32:22.847 DEBUG: Calling SymmetricTensorContraction: [u,u,u sizes=4096,3328,256 num_segments=16,13,1 num_paths=1 u=256, u,u,u,u sizes=4096,4096,3328,256 num_segments=16,16,13,1 num_paths=16 u=256, u,u,u,u,u sizes=4096,4096,4096,3328,256 num_segments=16,16,16,13,1 num_paths=77 u=256], input shapes: torch.Size([7, 13, 256]), torch.Size([142]), torch.Size([142, 16, 256])
2025-09-17 19:32:22.905 DEBUG: Calling TensorProductUniform4x1d: u,u,,u sizes=1024,256,16,4096 num_segments=4,1,16,16 num_paths=16 u=256, input shapes: torch.Size([1246, 1024]), torch.Size([1246, 256]), torch.Size([1246, 16])
2025-09-17 19:32:22.911 DEBUG: Calling SymmetricTensorContraction: [u,u,u sizes=4096,12544,2304 num_segments=16,49,9 num_paths=9 u=256, u,u,u,u sizes=4096,4096,12544,2304 num_segments=16,16,49,9 num_paths=125 u=256, u,u,u,u,u sizes=4096,4096,4096,12544,2304 num_segments=16,16,16,49,9 num_paths=1093 u=256], input shapes: torch.Size([7, 49, 256]), torch.Size([116]), torch.Size([116, 16, 256])
2025-09-17 19:32:22.915 DEBUG: Calling TensorProductUniform4x1d: u,u,,u sizes=4352,2304,16,18176 num_segments=17,9,16,71 num_paths=215 u=256, input shapes: torch.Size([1246, 4352]), torch.Size([1246, 2304]), torch.Size([1246, 16])
2025-09-17 19:32:22.919 DEBUG: Calling SymmetricTensorContraction: [u,u,u sizes=4096,3328,256 num_segments=16,13,1 num_paths=1 u=256, u,u,u,u sizes=4096,4096,3328,256 num_segments=16,16,13,1 num_paths=16 u=256, u,u,u,u,u sizes=4096,4096,4096,3328,256 num_segments=16,16,16,13,1 num_paths=77 u=256], input shapes: torch.Size([7, 13, 256]), torch.Size([116]), torch.Size([116, 16, 256])
2025-09-17 19:32:22.975 DEBUG: Calling TensorProductUniform4x1d: u,u,,u sizes=1024,256,16,4096 num_segments=4,1,16,16 num_paths=16 u=256, input shapes: torch.Size([1930, 1024]), torch.Size([1930, 256]), torch.Size([1930, 16])
2025-09-17 19:32:22.981 DEBUG: Calling SymmetricTensorContraction: [u,u,u sizes=4096,12544,2304 num_segments=16,49,9 num_paths=9 u=256, u,u,u,u sizes=4096,4096,12544,2304 num_segments=16,16,49,9 num_paths=125 u=256, u,u,u,u,u sizes=4096,4096,4096,12544,2304 num_segments=16,16,16,49,9 num_paths=1093 u=256], input shapes: torch.Size([7, 49, 256]), torch.Size([144]), torch.Size([144, 16, 256])
2025-09-17 19:32:22.985 DEBUG: Calling TensorProductUniform4x1d: u,u,,u sizes=4352,2304,16,18176 num_segments=17,9,16,71 num_paths=215 u=256, input shapes: torch.Size([1930, 4352]), torch.Size([1930, 2304]), torch.Size([1930, 16])
2025-09-17 19:32:22.990 DEBUG: Calling SymmetricTensorContraction: [u,u,u sizes=4096,3328,256 num_segments=16,13,1 num_paths=1 u=256, u,u,u,u sizes=4096,4096,3328,256 num_segments=16,16,13,1 num_paths=16 u=256, u,u,u,u,u sizes=4096,4096,4096,3328,256 num_segments=16,16,16,13,1 num_paths=77 u=256], input shapes: torch.Size([7, 13, 256]), torch.Size([144]), torch.Size([144, 16, 256])
2025-09-17 19:32:23.041 DEBUG: Calling TensorProductUniform4x1d: u,u,,u sizes=1024,256,16,4096 num_segments=4,1,16,16 num_paths=16 u=256, input shapes: torch.Size([1508, 1024]), torch.Size([1508, 256]), torch.Size([1508, 16])
2025-09-17 19:32:23.047 DEBUG: Calling SymmetricTensorContraction: [u,u,u sizes=4096,12544,2304 num_segments=16,49,9 num_paths=9 u=256, u,u,u,u sizes=4096,4096,12544,2304 num_segments=16,16,49,9 num_paths=125 u=256, u,u,u,u,u sizes=4096,4096,4096,12544,2304 num_segments=16,16,16,49,9 num_paths=1093 u=256], input shapes: torch.Size([7, 49, 256]), torch.Size([126]), torch.Size([126, 16, 256])
2025-09-17 19:32:23.052 DEBUG: Calling TensorProductUniform4x1d: u,u,,u sizes=4352,2304,16,18176 num_segments=17,9,16,71 num_paths=215 u=256, input shapes: torch.Size([1508, 4352]), torch.Size([1508, 2304]), torch.Size([1508, 16])
2025-09-17 19:32:23.056 DEBUG: Calling SymmetricTensorContraction: [u,u,u sizes=4096,3328,256 num_segments=16,13,1 num_paths=1 u=256, u,u,u,u sizes=4096,4096,3328,256 num_segments=16,16,13,1 num_paths=16 u=256, u,u,u,u,u sizes=4096,4096,4096,3328,256 num_segments=16,16,16,13,1 num_paths=77 u=256], input shapes: torch.Size([7, 13, 256]), torch.Size([126]), torch.Size([126, 16, 256])
2025-09-17 19:32:23.105 DEBUG: Calling TensorProductUniform4x1d: u,u,,u sizes=1024,256,16,4096 num_segments=4,1,16,16 num_paths=16 u=256, input shapes: torch.Size([1906, 1024]), torch.Size([1906, 256]), torch.Size([1906, 16])
2025-09-17 19:32:23.112 DEBUG: Calling SymmetricTensorContraction: [u,u,u sizes=4096,12544,2304 num_segments=16,49,9 num_paths=9 u=256, u,u,u,u sizes=4096,4096,12544,2304 num_segments=16,16,49,9 num_paths=125 u=256, u,u,u,u,u sizes=4096,4096,4096,12544,2304 num_segments=16,16,16,49,9 num_paths=1093 u=256], input shapes: torch.Size([7, 49, 256]), torch.Size([144]), torch.Size([144, 16, 256])
2025-09-17 19:32:23.115 DEBUG: Calling TensorProductUniform4x1d: u,u,,u sizes=4352,2304,16,18176 num_segments=17,9,16,71 num_paths=215 u=256, input shapes: torch.Size([1906, 4352]), torch.Size([1906, 2304]), torch.Size([1906, 16])
2025-09-17 19:32:23.120 DEBUG: Calling SymmetricTensorContraction: [u,u,u sizes=4096,3328,256 num_segments=16,13,1 num_paths=1 u=256, u,u,u,u sizes=4096,4096,3328,256 num_segments=16,16,13,1 num_paths=16 u=256, u,u,u,u,u sizes=4096,4096,4096,3328,256 num_segments=16,16,16,13,1 num_paths=77 u=256], input shapes: torch.Size([7, 13, 256]), torch.Size([144]), torch.Size([144, 16, 256])
2025-09-17 19:32:23.169 DEBUG: Calling TensorProductUniform4x1d: u,u,,u sizes=1024,256,16,4096 num_segments=4,1,16,16 num_paths=16 u=256, input shapes: torch.Size([1608, 1024]), torch.Size([1608, 256]), torch.Size([1608, 16])
2025-09-17 19:32:23.175 DEBUG: Calling SymmetricTensorContraction: [u,u,u sizes=4096,12544,2304 num_segments=16,49,9 num_paths=9 u=256, u,u,u,u sizes=4096,4096,12544,2304 num_segments=16,16,49,9 num_paths=125 u=256, u,u,u,u,u sizes=4096,4096,4096,12544,2304 num_segments=16,16,16,49,9 num_paths=1093 u=256], input shapes: torch.Size([7, 49, 256]), torch.Size([130]), torch.Size([130, 16, 256])
2025-09-17 19:32:23.179 DEBUG: Calling TensorProductUniform4x1d: u,u,,u sizes=4352,2304,16,18176 num_segments=17,9,16,71 num_paths=215 u=256, input shapes: torch.Size([1608, 4352]), torch.Size([1608, 2304]), torch.Size([1608, 16])
2025-09-17 19:32:23.183 DEBUG: Calling SymmetricTensorContraction: [u,u,u sizes=4096,3328,256 num_segments=16,13,1 num_paths=1 u=256, u,u,u,u sizes=4096,4096,3328,256 num_segments=16,16,13,1 num_paths=16 u=256, u,u,u,u,u sizes=4096,4096,4096,3328,256 num_segments=16,16,16,13,1 num_paths=77 u=256], input shapes: torch.Size([7, 13, 256]), torch.Size([130]), torch.Size([130, 16, 256])
2025-09-17 19:32:23.258 DEBUG: Calling TensorProductUniform4x1d: u,u,,u sizes=1024,256,16,4096 num_segments=4,1,16,16 num_paths=16 u=256, input shapes: torch.Size([1434, 1024]), torch.Size([1434, 256]), torch.Size([1434, 16])
2025-09-17 19:32:23.264 DEBUG: Calling SymmetricTensorContraction: [u,u,u sizes=4096,12544,2304 num_segments=16,49,9 num_paths=9 u=256, u,u,u,u sizes=4096,4096,12544,2304 num_segments=16,16,49,9 num_paths=125 u=256, u,u,u,u,u sizes=4096,4096,4096,12544,2304 num_segments=16,16,16,49,9 num_paths=1093 u=256], input shapes: torch.Size([7, 49, 256]), torch.Size([124]), torch.Size([124, 16, 256])
2025-09-17 19:32:23.268 DEBUG: Calling TensorProductUniform4x1d: u,u,,u sizes=4352,2304,16,18176 num_segments=17,9,16,71 num_paths=215 u=256, input shapes: torch.Size([1434, 4352]), torch.Size([1434, 2304]), torch.Size([1434, 16])
2025-09-17 19:32:23.273 DEBUG: Calling SymmetricTensorContraction: [u,u,u sizes=4096,3328,256 num_segments=16,13,1 num_paths=1 u=256, u,u,u,u sizes=4096,4096,3328,256 num_segments=16,16,13,1 num_paths=16 u=256, u,u,u,u,u sizes=4096,4096,4096,3328,256 num_segments=16,16,16,13,1 num_paths=77 u=256], input shapes: torch.Size([7, 13, 256]), torch.Size([124]), torch.Size([124, 16, 256])
2025-09-17 19:32:23.323 DEBUG: Calling TensorProductUniform4x1d: u,u,,u sizes=1024,256,16,4096 num_segments=4,1,16,16 num_paths=16 u=256, input shapes: torch.Size([1958, 1024]), torch.Size([1958, 256]), torch.Size([1958, 16])
2025-09-17 19:32:23.329 DEBUG: Calling SymmetricTensorContraction: [u,u,u sizes=4096,12544,2304 num_segments=16,49,9 num_paths=9 u=256, u,u,u,u sizes=4096,4096,12544,2304 num_segments=16,16,49,9 num_paths=125 u=256, u,u,u,u,u sizes=4096,4096,4096,12544,2304 num_segments=16,16,16,49,9 num_paths=1093 u=256], input shapes: torch.Size([7, 49, 256]), torch.Size([145]), torch.Size([145, 16, 256])
2025-09-17 19:32:23.333 DEBUG: Calling TensorProductUniform4x1d: u,u,,u sizes=4352,2304,16,18176 num_segments=17,9,16,71 num_paths=215 u=256, input shapes: torch.Size([1958, 4352]), torch.Size([1958, 2304]), torch.Size([1958, 16])
2025-09-17 19:32:23.339 DEBUG: Calling SymmetricTensorContraction: [u,u,u sizes=4096,3328,256 num_segments=16,13,1 num_paths=1 u=256, u,u,u,u sizes=4096,4096,3328,256 num_segments=16,16,13,1 num_paths=16 u=256, u,u,u,u,u sizes=4096,4096,4096,3328,256 num_segments=16,16,16,13,1 num_paths=77 u=256], input shapes: torch.Size([7, 13, 256]), torch.Size([145]), torch.Size([145, 16, 256])
2025-09-17 19:32:23.394 DEBUG: Calling TensorProductUniform4x1d: u,u,,u sizes=1024,256,16,4096 num_segments=4,1,16,16 num_paths=16 u=256, input shapes: torch.Size([1790, 1024]), torch.Size([1790, 256]), torch.Size([1790, 16])
2025-09-17 19:32:23.401 DEBUG: Calling SymmetricTensorContraction: [u,u,u sizes=4096,12544,2304 num_segments=16,49,9 num_paths=9 u=256, u,u,u,u sizes=4096,4096,12544,2304 num_segments=16,16,49,9 num_paths=125 u=256, u,u,u,u,u sizes=4096,4096,4096,12544,2304 num_segments=16,16,16,49,9 num_paths=1093 u=256], input shapes: torch.Size([7, 49, 256]), torch.Size([139]), torch.Size([139, 16, 256])
2025-09-17 19:32:23.405 DEBUG: Calling TensorProductUniform4x1d: u,u,,u sizes=4352,2304,16,18176 num_segments=17,9,16,71 num_paths=215 u=256, input shapes: torch.Size([1790, 4352]), torch.Size([1790, 2304]), torch.Size([1790, 16])
2025-09-17 19:32:23.410 DEBUG: Calling SymmetricTensorContraction: [u,u,u sizes=4096,3328,256 num_segments=16,13,1 num_paths=1 u=256, u,u,u,u sizes=4096,4096,3328,256 num_segments=16,16,13,1 num_paths=16 u=256, u,u,u,u,u sizes=4096,4096,4096,3328,256 num_segments=16,16,16,13,1 num_paths=77 u=256], input shapes: torch.Size([7, 13, 256]), torch.Size([139]), torch.Size([139, 16, 256])
2025-09-17 19:32:23.464 DEBUG: Calling TensorProductUniform4x1d: u,u,,u sizes=1024,256,16,4096 num_segments=4,1,16,16 num_paths=16 u=256, input shapes: torch.Size([1444, 1024]), torch.Size([1444, 256]), torch.Size([1444, 16])
2025-09-17 19:32:23.470 DEBUG: Calling SymmetricTensorContraction: [u,u,u sizes=4096,12544,2304 num_segments=16,49,9 num_paths=9 u=256, u,u,u,u sizes=4096,4096,12544,2304 num_segments=16,16,49,9 num_paths=125 u=256, u,u,u,u,u sizes=4096,4096,4096,12544,2304 num_segments=16,16,16,49,9 num_paths=1093 u=256], input shapes: torch.Size([7, 49, 256]), torch.Size([123]), torch.Size([123, 16, 256])
2025-09-17 19:32:23.474 DEBUG: Calling TensorProductUniform4x1d: u,u,,u sizes=4352,2304,16,18176 num_segments=17,9,16,71 num_paths=215 u=256, input shapes: torch.Size([1444, 4352]), torch.Size([1444, 2304]), torch.Size([1444, 16])
2025-09-17 19:32:23.479 DEBUG: Calling SymmetricTensorContraction: [u,u,u sizes=4096,3328,256 num_segments=16,13,1 num_paths=1 u=256, u,u,u,u sizes=4096,4096,3328,256 num_segments=16,16,13,1 num_paths=16 u=256, u,u,u,u,u sizes=4096,4096,4096,3328,256 num_segments=16,16,16,13,1 num_paths=77 u=256], input shapes: torch.Size([7, 13, 256]), torch.Size([123]), torch.Size([123, 16, 256])
2025-09-17 19:32:23.528 DEBUG: Calling TensorProductUniform4x1d: u,u,,u sizes=1024,256,16,4096 num_segments=4,1,16,16 num_paths=16 u=256, input shapes: torch.Size([1762, 1024]), torch.Size([1762, 256]), torch.Size([1762, 16])
2025-09-17 19:32:23.533 DEBUG: Calling SymmetricTensorContraction: [u,u,u sizes=4096,12544,2304 num_segments=16,49,9 num_paths=9 u=256, u,u,u,u sizes=4096,4096,12544,2304 num_segments=16,16,49,9 num_paths=125 u=256, u,u,u,u,u sizes=4096,4096,4096,12544,2304 num_segments=16,16,16,49,9 num_paths=1093 u=256], input shapes: torch.Size([7, 49, 256]), torch.Size([136]), torch.Size([136, 16, 256])
2025-09-17 19:32:23.538 DEBUG: Calling TensorProductUniform4x1d: u,u,,u sizes=4352,2304,16,18176 num_segments=17,9,16,71 num_paths=215 u=256, input shapes: torch.Size([1762, 4352]), torch.Size([1762, 2304]), torch.Size([1762, 16])
2025-09-17 19:32:23.543 DEBUG: Calling SymmetricTensorContraction: [u,u,u sizes=4096,3328,256 num_segments=16,13,1 num_paths=1 u=256, u,u,u,u sizes=4096,4096,3328,256 num_segments=16,16,13,1 num_paths=16 u=256, u,u,u,u,u sizes=4096,4096,4096,3328,256 num_segments=16,16,16,13,1 num_paths=77 u=256], input shapes: torch.Size([7, 13, 256]), torch.Size([136]), torch.Size([136, 16, 256])
2025-09-17 19:32:23.599 DEBUG: Calling TensorProductUniform4x1d: u,u,,u sizes=1024,256,16,4096 num_segments=4,1,16,16 num_paths=16 u=256, input shapes: torch.Size([1590, 1024]), torch.Size([1590, 256]), torch.Size([1590, 16])
2025-09-17 19:32:23.605 DEBUG: Calling SymmetricTensorContraction: [u,u,u sizes=4096,12544,2304 num_segments=16,49,9 num_paths=9 u=256, u,u,u,u sizes=4096,4096,12544,2304 num_segments=16,16,49,9 num_paths=125 u=256, u,u,u,u,u sizes=4096,4096,4096,12544,2304 num_segments=16,16,16,49,9 num_paths=1093 u=256], input shapes: torch.Size([7, 49, 256]), torch.Size([132]), torch.Size([132, 16, 256])
2025-09-17 19:32:23.609 DEBUG: Calling TensorProductUniform4x1d: u,u,,u sizes=4352,2304,16,18176 num_segments=17,9,16,71 num_paths=215 u=256, input shapes: torch.Size([1590, 4352]), torch.Size([1590, 2304]), torch.Size([1590, 16])
2025-09-17 19:32:23.614 DEBUG: Calling SymmetricTensorContraction: [u,u,u sizes=4096,3328,256 num_segments=16,13,1 num_paths=1 u=256, u,u,u,u sizes=4096,4096,3328,256 num_segments=16,16,13,1 num_paths=16 u=256, u,u,u,u,u sizes=4096,4096,4096,3328,256 num_segments=16,16,16,13,1 num_paths=77 u=256], input shapes: torch.Size([7, 13, 256]), torch.Size([132]), torch.Size([132, 16, 256])
2025-09-17 19:32:23.670 DEBUG: Calling TensorProductUniform4x1d: u,u,,u sizes=1024,256,16,4096 num_segments=4,1,16,16 num_paths=16 u=256, input shapes: torch.Size([1152, 1024]), torch.Size([1152, 256]), torch.Size([1152, 16])
2025-09-17 19:32:23.676 DEBUG: Calling SymmetricTensorContraction: [u,u,u sizes=4096,12544,2304 num_segments=16,49,9 num_paths=9 u=256, u,u,u,u sizes=4096,4096,12544,2304 num_segments=16,16,49,9 num_paths=125 u=256, u,u,u,u,u sizes=4096,4096,4096,12544,2304 num_segments=16,16,16,49,9 num_paths=1093 u=256], input shapes: torch.Size([7, 49, 256]), torch.Size([111]), torch.Size([111, 16, 256])
2025-09-17 19:32:23.680 DEBUG: Calling TensorProductUniform4x1d: u,u,,u sizes=4352,2304,16,18176 num_segments=17,9,16,71 num_paths=215 u=256, input shapes: torch.Size([1152, 4352]), torch.Size([1152, 2304]), torch.Size([1152, 16])
2025-09-17 19:32:23.684 DEBUG: Calling SymmetricTensorContraction: [u,u,u sizes=4096,3328,256 num_segments=16,13,1 num_paths=1 u=256, u,u,u,u sizes=4096,4096,3328,256 num_segments=16,16,13,1 num_paths=16 u=256, u,u,u,u,u sizes=4096,4096,4096,3328,256 num_segments=16,16,16,13,1 num_paths=77 u=256], input shapes: torch.Size([7, 13, 256]), torch.Size([111]), torch.Size([111, 16, 256])
2025-09-17 19:32:23.734 DEBUG: Calling TensorProductUniform4x1d: u,u,,u sizes=1024,256,16,4096 num_segments=4,1,16,16 num_paths=16 u=256, input shapes: torch.Size([1706, 1024]), torch.Size([1706, 256]), torch.Size([1706, 16])
2025-09-17 19:32:23.741 DEBUG: Calling SymmetricTensorContraction: [u,u,u sizes=4096,12544,2304 num_segments=16,49,9 num_paths=9 u=256, u,u,u,u sizes=4096,4096,12544,2304 num_segments=16,16,49,9 num_paths=125 u=256, u,u,u,u,u sizes=4096,4096,4096,12544,2304 num_segments=16,16,16,49,9 num_paths=1093 u=256], input shapes: torch.Size([7, 49, 256]), torch.Size([135]), torch.Size([135, 16, 256])
2025-09-17 19:32:23.746 DEBUG: Calling TensorProductUniform4x1d: u,u,,u sizes=4352,2304,16,18176 num_segments=17,9,16,71 num_paths=215 u=256, input shapes: torch.Size([1706, 4352]), torch.Size([1706, 2304]), torch.Size([1706, 16])
2025-09-17 19:32:23.751 DEBUG: Calling SymmetricTensorContraction: [u,u,u sizes=4096,3328,256 num_segments=16,13,1 num_paths=1 u=256, u,u,u,u sizes=4096,4096,3328,256 num_segments=16,16,13,1 num_paths=16 u=256, u,u,u,u,u sizes=4096,4096,4096,3328,256 num_segments=16,16,16,13,1 num_paths=77 u=256], input shapes: torch.Size([7, 13, 256]), torch.Size([135]), torch.Size([135, 16, 256])
2025-09-17 19:32:23.805 DEBUG: Calling TensorProductUniform4x1d: u,u,,u sizes=1024,256,16,4096 num_segments=4,1,16,16 num_paths=16 u=256, input shapes: torch.Size([1712, 1024]), torch.Size([1712, 256]), torch.Size([1712, 16])
2025-09-17 19:32:23.811 DEBUG: Calling SymmetricTensorContraction: [u,u,u sizes=4096,12544,2304 num_segments=16,49,9 num_paths=9 u=256, u,u,u,u sizes=4096,4096,12544,2304 num_segments=16,16,49,9 num_paths=125 u=256, u,u,u,u,u sizes=4096,4096,4096,12544,2304 num_segments=16,16,16,49,9 num_paths=1093 u=256], input shapes: torch.Size([7, 49, 256]), torch.Size([135]), torch.Size([135, 16, 256])
2025-09-17 19:32:23.816 DEBUG: Calling TensorProductUniform4x1d: u,u,,u sizes=4352,2304,16,18176 num_segments=17,9,16,71 num_paths=215 u=256, input shapes: torch.Size([1712, 4352]), torch.Size([1712, 2304]), torch.Size([1712, 16])
2025-09-17 19:32:23.820 DEBUG: Calling SymmetricTensorContraction: [u,u,u sizes=4096,3328,256 num_segments=16,13,1 num_paths=1 u=256, u,u,u,u sizes=4096,4096,3328,256 num_segments=16,16,13,1 num_paths=16 u=256, u,u,u,u,u sizes=4096,4096,4096,3328,256 num_segments=16,16,16,13,1 num_paths=77 u=256], input shapes: torch.Size([7, 13, 256]), torch.Size([135]), torch.Size([135, 16, 256])
2025-09-17 19:32:23.870 DEBUG: Calling TensorProductUniform4x1d: u,u,,u sizes=1024,256,16,4096 num_segments=4,1,16,16 num_paths=16 u=256, input shapes: torch.Size([1368, 1024]), torch.Size([1368, 256]), torch.Size([1368, 16])
2025-09-17 19:32:23.876 DEBUG: Calling SymmetricTensorContraction: [u,u,u sizes=4096,12544,2304 num_segments=16,49,9 num_paths=9 u=256, u,u,u,u sizes=4096,4096,12544,2304 num_segments=16,16,49,9 num_paths=125 u=256, u,u,u,u,u sizes=4096,4096,4096,12544,2304 num_segments=16,16,16,49,9 num_paths=1093 u=256], input shapes: torch.Size([7, 49, 256]), torch.Size([121]), torch.Size([121, 16, 256])
2025-09-17 19:32:23.880 DEBUG: Calling TensorProductUniform4x1d: u,u,,u sizes=4352,2304,16,18176 num_segments=17,9,16,71 num_paths=215 u=256, input shapes: torch.Size([1368, 4352]), torch.Size([1368, 2304]), torch.Size([1368, 16])
2025-09-17 19:32:23.884 DEBUG: Calling SymmetricTensorContraction: [u,u,u sizes=4096,3328,256 num_segments=16,13,1 num_paths=1 u=256, u,u,u,u sizes=4096,4096,3328,256 num_segments=16,16,13,1 num_paths=16 u=256, u,u,u,u,u sizes=4096,4096,4096,3328,256 num_segments=16,16,16,13,1 num_paths=77 u=256], input shapes: torch.Size([7, 13, 256]), torch.Size([121]), torch.Size([121, 16, 256])
2025-09-17 19:32:23.936 DEBUG: Calling TensorProductUniform4x1d: u,u,,u sizes=1024,256,16,4096 num_segments=4,1,16,16 num_paths=16 u=256, input shapes: torch.Size([1406, 1024]), torch.Size([1406, 256]), torch.Size([1406, 16])
2025-09-17 19:32:23.943 DEBUG: Calling SymmetricTensorContraction: [u,u,u sizes=4096,12544,2304 num_segments=16,49,9 num_paths=9 u=256, u,u,u,u sizes=4096,4096,12544,2304 num_segments=16,16,49,9 num_paths=125 u=256, u,u,u,u,u sizes=4096,4096,4096,12544,2304 num_segments=16,16,16,49,9 num_paths=1093 u=256], input shapes: torch.Size([7, 49, 256]), torch.Size([120]), torch.Size([120, 16, 256])
2025-09-17 19:32:23.947 DEBUG: Calling TensorProductUniform4x1d: u,u,,u sizes=4352,2304,16,18176 num_segments=17,9,16,71 num_paths=215 u=256, input shapes: torch.Size([1406, 4352]), torch.Size([1406, 2304]), torch.Size([1406, 16])
2025-09-17 19:32:23.952 DEBUG: Calling SymmetricTensorContraction: [u,u,u sizes=4096,3328,256 num_segments=16,13,1 num_paths=1 u=256, u,u,u,u sizes=4096,4096,3328,256 num_segments=16,16,13,1 num_paths=16 u=256, u,u,u,u,u sizes=4096,4096,4096,3328,256 num_segments=16,16,16,13,1 num_paths=77 u=256], input shapes: torch.Size([7, 13, 256]), torch.Size([120]), torch.Size([120, 16, 256])
2025-09-17 19:32:24.006 DEBUG: Calling TensorProductUniform4x1d: u,u,,u sizes=1024,256,16,4096 num_segments=4,1,16,16 num_paths=16 u=256, input shapes: torch.Size([1912, 1024]), torch.Size([1912, 256]), torch.Size([1912, 16])
2025-09-17 19:32:24.012 DEBUG: Calling SymmetricTensorContraction: [u,u,u sizes=4096,12544,2304 num_segments=16,49,9 num_paths=9 u=256, u,u,u,u sizes=4096,4096,12544,2304 num_segments=16,16,49,9 num_paths=125 u=256, u,u,u,u,u sizes=4096,4096,4096,12544,2304 num_segments=16,16,16,49,9 num_paths=1093 u=256], input shapes: torch.Size([7, 49, 256]), torch.Size([143]), torch.Size([143, 16, 256])
2025-09-17 19:32:24.017 DEBUG: Calling TensorProductUniform4x1d: u,u,,u sizes=4352,2304,16,18176 num_segments=17,9,16,71 num_paths=215 u=256, input shapes: torch.Size([1912, 4352]), torch.Size([1912, 2304]), torch.Size([1912, 16])
2025-09-17 19:32:24.022 DEBUG: Calling SymmetricTensorContraction: [u,u,u sizes=4096,3328,256 num_segments=16,13,1 num_paths=1 u=256, u,u,u,u sizes=4096,4096,3328,256 num_segments=16,16,13,1 num_paths=16 u=256, u,u,u,u,u sizes=4096,4096,4096,3328,256 num_segments=16,16,16,13,1 num_paths=77 u=256], input shapes: torch.Size([7, 13, 256]), torch.Size([143]), torch.Size([143, 16, 256])
2025-09-17 19:32:24.074 DEBUG: Calling TensorProductUniform4x1d: u,u,,u sizes=1024,256,16,4096 num_segments=4,1,16,16 num_paths=16 u=256, input shapes: torch.Size([1742, 1024]), torch.Size([1742, 256]), torch.Size([1742, 16])
2025-09-17 19:32:24.081 DEBUG: Calling SymmetricTensorContraction: [u,u,u sizes=4096,12544,2304 num_segments=16,49,9 num_paths=9 u=256, u,u,u,u sizes=4096,4096,12544,2304 num_segments=16,16,49,9 num_paths=125 u=256, u,u,u,u,u sizes=4096,4096,4096,12544,2304 num_segments=16,16,16,49,9 num_paths=1093 u=256], input shapes: torch.Size([7, 49, 256]), torch.Size([137]), torch.Size([137, 16, 256])
2025-09-17 19:32:24.085 DEBUG: Calling TensorProductUniform4x1d: u,u,,u sizes=4352,2304,16,18176 num_segments=17,9,16,71 num_paths=215 u=256, input shapes: torch.Size([1742, 4352]), torch.Size([1742, 2304]), torch.Size([1742, 16])
2025-09-17 19:32:24.090 DEBUG: Calling SymmetricTensorContraction: [u,u,u sizes=4096,3328,256 num_segments=16,13,1 num_paths=1 u=256, u,u,u,u sizes=4096,4096,3328,256 num_segments=16,16,13,1 num_paths=16 u=256, u,u,u,u,u sizes=4096,4096,4096,3328,256 num_segments=16,16,16,13,1 num_paths=77 u=256], input shapes: torch.Size([7, 13, 256]), torch.Size([137]), torch.Size([137, 16, 256])
2025-09-17 19:32:24.147 DEBUG: Calling TensorProductUniform4x1d: u,u,,u sizes=1024,256,16,4096 num_segments=4,1,16,16 num_paths=16 u=256, input shapes: torch.Size([1460, 1024]), torch.Size([1460, 256]), torch.Size([1460, 16])
2025-09-17 19:32:24.153 DEBUG: Calling SymmetricTensorContraction: [u,u,u sizes=4096,12544,2304 num_segments=16,49,9 num_paths=9 u=256, u,u,u,u sizes=4096,4096,12544,2304 num_segments=16,16,49,9 num_paths=125 u=256, u,u,u,u,u sizes=4096,4096,4096,12544,2304 num_segments=16,16,16,49,9 num_paths=1093 u=256], input shapes: torch.Size([7, 49, 256]), torch.Size([125]), torch.Size([125, 16, 256])
2025-09-17 19:32:24.157 DEBUG: Calling TensorProductUniform4x1d: u,u,,u sizes=4352,2304,16,18176 num_segments=17,9,16,71 num_paths=215 u=256, input shapes: torch.Size([1460, 4352]), torch.Size([1460, 2304]), torch.Size([1460, 16])
2025-09-17 19:32:24.161 DEBUG: Calling SymmetricTensorContraction: [u,u,u sizes=4096,3328,256 num_segments=16,13,1 num_paths=1 u=256, u,u,u,u sizes=4096,4096,3328,256 num_segments=16,16,13,1 num_paths=16 u=256, u,u,u,u,u sizes=4096,4096,4096,3328,256 num_segments=16,16,16,13,1 num_paths=77 u=256], input shapes: torch.Size([7, 13, 256]), torch.Size([125]), torch.Size([125, 16, 256])
2025-09-17 19:32:24.208 DEBUG: Calling TensorProductUniform4x1d: u,u,,u sizes=1024,256,16,4096 num_segments=4,1,16,16 num_paths=16 u=256, input shapes: torch.Size([1372, 1024]), torch.Size([1372, 256]), torch.Size([1372, 16])
2025-09-17 19:32:24.214 DEBUG: Calling SymmetricTensorContraction: [u,u,u sizes=4096,12544,2304 num_segments=16,49,9 num_paths=9 u=256, u,u,u,u sizes=4096,4096,12544,2304 num_segments=16,16,49,9 num_paths=125 u=256, u,u,u,u,u sizes=4096,4096,4096,12544,2304 num_segments=16,16,16,49,9 num_paths=1093 u=256], input shapes: torch.Size([7, 49, 256]), torch.Size([121]), torch.Size([121, 16, 256])
2025-09-17 19:32:24.218 DEBUG: Calling TensorProductUniform4x1d: u,u,,u sizes=4352,2304,16,18176 num_segments=17,9,16,71 num_paths=215 u=256, input shapes: torch.Size([1372, 4352]), torch.Size([1372, 2304]), torch.Size([1372, 16])
2025-09-17 19:32:24.222 DEBUG: Calling SymmetricTensorContraction: [u,u,u sizes=4096,3328,256 num_segments=16,13,1 num_paths=1 u=256, u,u,u,u sizes=4096,4096,3328,256 num_segments=16,16,13,1 num_paths=16 u=256, u,u,u,u,u sizes=4096,4096,4096,3328,256 num_segments=16,16,16,13,1 num_paths=77 u=256], input shapes: torch.Size([7, 13, 256]), torch.Size([121]), torch.Size([121, 16, 256])
2025-09-17 19:32:24.272 DEBUG: Calling TensorProductUniform4x1d: u,u,,u sizes=1024,256,16,4096 num_segments=4,1,16,16 num_paths=16 u=256, input shapes: torch.Size([1746, 1024]), torch.Size([1746, 256]), torch.Size([1746, 16])
2025-09-17 19:32:24.278 DEBUG: Calling SymmetricTensorContraction: [u,u,u sizes=4096,12544,2304 num_segments=16,49,9 num_paths=9 u=256, u,u,u,u sizes=4096,4096,12544,2304 num_segments=16,16,49,9 num_paths=125 u=256, u,u,u,u,u sizes=4096,4096,4096,12544,2304 num_segments=16,16,16,49,9 num_paths=1093 u=256], input shapes: torch.Size([7, 49, 256]), torch.Size([135]), torch.Size([135, 16, 256])
2025-09-17 19:32:24.282 DEBUG: Calling TensorProductUniform4x1d: u,u,,u sizes=4352,2304,16,18176 num_segments=17,9,16,71 num_paths=215 u=256, input shapes: torch.Size([1746, 4352]), torch.Size([1746, 2304]), torch.Size([1746, 16])
2025-09-17 19:32:24.287 DEBUG: Calling SymmetricTensorContraction: [u,u,u sizes=4096,3328,256 num_segments=16,13,1 num_paths=1 u=256, u,u,u,u sizes=4096,4096,3328,256 num_segments=16,16,13,1 num_paths=16 u=256, u,u,u,u,u sizes=4096,4096,4096,3328,256 num_segments=16,16,16,13,1 num_paths=77 u=256], input shapes: torch.Size([7, 13, 256]), torch.Size([135]), torch.Size([135, 16, 256])
2025-09-17 19:32:24.340 DEBUG: Calling TensorProductUniform4x1d: u,u,,u sizes=1024,256,16,4096 num_segments=4,1,16,16 num_paths=16 u=256, input shapes: torch.Size([1314, 1024]), torch.Size([1314, 256]), torch.Size([1314, 16])
2025-09-17 19:32:24.346 DEBUG: Calling SymmetricTensorContraction: [u,u,u sizes=4096,12544,2304 num_segments=16,49,9 num_paths=9 u=256, u,u,u,u sizes=4096,4096,12544,2304 num_segments=16,16,49,9 num_paths=125 u=256, u,u,u,u,u sizes=4096,4096,4096,12544,2304 num_segments=16,16,16,49,9 num_paths=1093 u=256], input shapes: torch.Size([7, 49, 256]), torch.Size([117]), torch.Size([117, 16, 256])
2025-09-17 19:32:24.350 DEBUG: Calling TensorProductUniform4x1d: u,u,,u sizes=4352,2304,16,18176 num_segments=17,9,16,71 num_paths=215 u=256, input shapes: torch.Size([1314, 4352]), torch.Size([1314, 2304]), torch.Size([1314, 16])
2025-09-17 19:32:24.354 DEBUG: Calling SymmetricTensorContraction: [u,u,u sizes=4096,3328,256 num_segments=16,13,1 num_paths=1 u=256, u,u,u,u sizes=4096,4096,3328,256 num_segments=16,16,13,1 num_paths=16 u=256, u,u,u,u,u sizes=4096,4096,4096,3328,256 num_segments=16,16,16,13,1 num_paths=77 u=256], input shapes: torch.Size([7, 13, 256]), torch.Size([117]), torch.Size([117, 16, 256])
2025-09-17 19:32:24.403 DEBUG: Calling TensorProductUniform4x1d: u,u,,u sizes=1024,256,16,4096 num_segments=4,1,16,16 num_paths=16 u=256, input shapes: torch.Size([1278, 1024]), torch.Size([1278, 256]), torch.Size([1278, 16])
2025-09-17 19:32:24.409 DEBUG: Calling SymmetricTensorContraction: [u,u,u sizes=4096,12544,2304 num_segments=16,49,9 num_paths=9 u=256, u,u,u,u sizes=4096,4096,12544,2304 num_segments=16,16,49,9 num_paths=125 u=256, u,u,u,u,u sizes=4096,4096,4096,12544,2304 num_segments=16,16,16,49,9 num_paths=1093 u=256], input shapes: torch.Size([7, 49, 256]), torch.Size([116]), torch.Size([116, 16, 256])
2025-09-17 19:32:24.413 DEBUG: Calling TensorProductUniform4x1d: u,u,,u sizes=4352,2304,16,18176 num_segments=17,9,16,71 num_paths=215 u=256, input shapes: torch.Size([1278, 4352]), torch.Size([1278, 2304]), torch.Size([1278, 16])
2025-09-17 19:32:24.416 DEBUG: Calling SymmetricTensorContraction: [u,u,u sizes=4096,3328,256 num_segments=16,13,1 num_paths=1 u=256, u,u,u,u sizes=4096,4096,3328,256 num_segments=16,16,13,1 num_paths=16 u=256, u,u,u,u,u sizes=4096,4096,4096,3328,256 num_segments=16,16,16,13,1 num_paths=77 u=256], input shapes: torch.Size([7, 13, 256]), torch.Size([116]), torch.Size([116, 16, 256])
2025-09-17 19:32:24.470 DEBUG: Calling TensorProductUniform4x1d: u,u,,u sizes=1024,256,16,4096 num_segments=4,1,16,16 num_paths=16 u=256, input shapes: torch.Size([1458, 1024]), torch.Size([1458, 256]), torch.Size([1458, 16])
2025-09-17 19:32:24.476 DEBUG: Calling SymmetricTensorContraction: [u,u,u sizes=4096,12544,2304 num_segments=16,49,9 num_paths=9 u=256, u,u,u,u sizes=4096,4096,12544,2304 num_segments=16,16,49,9 num_paths=125 u=256, u,u,u,u,u sizes=4096,4096,4096,12544,2304 num_segments=16,16,16,49,9 num_paths=1093 u=256], input shapes: torch.Size([7, 49, 256]), torch.Size([125]), torch.Size([125, 16, 256])
2025-09-17 19:32:24.480 DEBUG: Calling TensorProductUniform4x1d: u,u,,u sizes=4352,2304,16,18176 num_segments=17,9,16,71 num_paths=215 u=256, input shapes: torch.Size([1458, 4352]), torch.Size([1458, 2304]), torch.Size([1458, 16])
2025-09-17 19:32:24.484 DEBUG: Calling SymmetricTensorContraction: [u,u,u sizes=4096,3328,256 num_segments=16,13,1 num_paths=1 u=256, u,u,u,u sizes=4096,4096,3328,256 num_segments=16,16,13,1 num_paths=16 u=256, u,u,u,u,u sizes=4096,4096,4096,3328,256 num_segments=16,16,16,13,1 num_paths=77 u=256], input shapes: torch.Size([7, 13, 256]), torch.Size([125]), torch.Size([125, 16, 256])
2025-09-17 19:32:24.536 DEBUG: Calling TensorProductUniform4x1d: u,u,,u sizes=1024,256,16,4096 num_segments=4,1,16,16 num_paths=16 u=256, input shapes: torch.Size([1474, 1024]), torch.Size([1474, 256]), torch.Size([1474, 16])
2025-09-17 19:32:24.541 DEBUG: Calling SymmetricTensorContraction: [u,u,u sizes=4096,12544,2304 num_segments=16,49,9 num_paths=9 u=256, u,u,u,u sizes=4096,4096,12544,2304 num_segments=16,16,49,9 num_paths=125 u=256, u,u,u,u,u sizes=4096,4096,4096,12544,2304 num_segments=16,16,16,49,9 num_paths=1093 u=256], input shapes: torch.Size([7, 49, 256]), torch.Size([125]), torch.Size([125, 16, 256])
2025-09-17 19:32:24.545 DEBUG: Calling TensorProductUniform4x1d: u,u,,u sizes=4352,2304,16,18176 num_segments=17,9,16,71 num_paths=215 u=256, input shapes: torch.Size([1474, 4352]), torch.Size([1474, 2304]), torch.Size([1474, 16])
2025-09-17 19:32:24.549 DEBUG: Calling SymmetricTensorContraction: [u,u,u sizes=4096,3328,256 num_segments=16,13,1 num_paths=1 u=256, u,u,u,u sizes=4096,4096,3328,256 num_segments=16,16,13,1 num_paths=16 u=256, u,u,u,u,u sizes=4096,4096,4096,3328,256 num_segments=16,16,16,13,1 num_paths=77 u=256], input shapes: torch.Size([7, 13, 256]), torch.Size([125]), torch.Size([125, 16, 256])
2025-09-17 19:32:24.598 DEBUG: Calling TensorProductUniform4x1d: u,u,,u sizes=1024,256,16,4096 num_segments=4,1,16,16 num_paths=16 u=256, input shapes: torch.Size([1462, 1024]), torch.Size([1462, 256]), torch.Size([1462, 16])
2025-09-17 19:32:24.604 DEBUG: Calling SymmetricTensorContraction: [u,u,u sizes=4096,12544,2304 num_segments=16,49,9 num_paths=9 u=256, u,u,u,u sizes=4096,4096,12544,2304 num_segments=16,16,49,9 num_paths=125 u=256, u,u,u,u,u sizes=4096,4096,4096,12544,2304 num_segments=16,16,16,49,9 num_paths=1093 u=256], input shapes: torch.Size([7, 49, 256]), torch.Size([121]), torch.Size([121, 16, 256])
2025-09-17 19:32:24.608 DEBUG: Calling TensorProductUniform4x1d: u,u,,u sizes=4352,2304,16,18176 num_segments=17,9,16,71 num_paths=215 u=256, input shapes: torch.Size([1462, 4352]), torch.Size([1462, 2304]), torch.Size([1462, 16])
2025-09-17 19:32:24.612 DEBUG: Calling SymmetricTensorContraction: [u,u,u sizes=4096,3328,256 num_segments=16,13,1 num_paths=1 u=256, u,u,u,u sizes=4096,4096,3328,256 num_segments=16,16,13,1 num_paths=16 u=256, u,u,u,u,u sizes=4096,4096,4096,3328,256 num_segments=16,16,16,13,1 num_paths=77 u=256], input shapes: torch.Size([7, 13, 256]), torch.Size([121]), torch.Size([121, 16, 256])
2025-09-17 19:32:24.661 DEBUG: Calling TensorProductUniform4x1d: u,u,,u sizes=1024,256,16,4096 num_segments=4,1,16,16 num_paths=16 u=256, input shapes: torch.Size([1508, 1024]), torch.Size([1508, 256]), torch.Size([1508, 16])
2025-09-17 19:32:24.667 DEBUG: Calling SymmetricTensorContraction: [u,u,u sizes=4096,12544,2304 num_segments=16,49,9 num_paths=9 u=256, u,u,u,u sizes=4096,4096,12544,2304 num_segments=16,16,49,9 num_paths=125 u=256, u,u,u,u,u sizes=4096,4096,4096,12544,2304 num_segments=16,16,16,49,9 num_paths=1093 u=256], input shapes: torch.Size([7, 49, 256]), torch.Size([127]), torch.Size([127, 16, 256])
2025-09-17 19:32:24.671 DEBUG: Calling TensorProductUniform4x1d: u,u,,u sizes=4352,2304,16,18176 num_segments=17,9,16,71 num_paths=215 u=256, input shapes: torch.Size([1508, 4352]), torch.Size([1508, 2304]), torch.Size([1508, 16])
2025-09-17 19:32:24.675 DEBUG: Calling SymmetricTensorContraction: [u,u,u sizes=4096,3328,256 num_segments=16,13,1 num_paths=1 u=256, u,u,u,u sizes=4096,4096,3328,256 num_segments=16,16,13,1 num_paths=16 u=256, u,u,u,u,u sizes=4096,4096,4096,3328,256 num_segments=16,16,16,13,1 num_paths=77 u=256], input shapes: torch.Size([7, 13, 256]), torch.Size([127]), torch.Size([127, 16, 256])
2025-09-17 19:32:24.731 DEBUG: Calling TensorProductUniform4x1d: u,u,,u sizes=1024,256,16,4096 num_segments=4,1,16,16 num_paths=16 u=256, input shapes: torch.Size([1202, 1024]), torch.Size([1202, 256]), torch.Size([1202, 16])
2025-09-17 19:32:24.738 DEBUG: Calling SymmetricTensorContraction: [u,u,u sizes=4096,12544,2304 num_segments=16,49,9 num_paths=9 u=256, u,u,u,u sizes=4096,4096,12544,2304 num_segments=16,16,49,9 num_paths=125 u=256, u,u,u,u,u sizes=4096,4096,4096,12544,2304 num_segments=16,16,16,49,9 num_paths=1093 u=256], input shapes: torch.Size([7, 49, 256]), torch.Size([113]), torch.Size([113, 16, 256])
2025-09-17 19:32:24.744 DEBUG: Calling TensorProductUniform4x1d: u,u,,u sizes=4352,2304,16,18176 num_segments=17,9,16,71 num_paths=215 u=256, input shapes: torch.Size([1202, 4352]), torch.Size([1202, 2304]), torch.Size([1202, 16])
2025-09-17 19:32:24.748 DEBUG: Calling SymmetricTensorContraction: [u,u,u sizes=4096,3328,256 num_segments=16,13,1 num_paths=1 u=256, u,u,u,u sizes=4096,4096,3328,256 num_segments=16,16,13,1 num_paths=16 u=256, u,u,u,u,u sizes=4096,4096,4096,3328,256 num_segments=16,16,16,13,1 num_paths=77 u=256], input shapes: torch.Size([7, 13, 256]), torch.Size([113]), torch.Size([113, 16, 256])
2025-09-17 19:32:24.800 DEBUG: Calling TensorProductUniform4x1d: u,u,,u sizes=1024,256,16,4096 num_segments=4,1,16,16 num_paths=16 u=256, input shapes: torch.Size([1892, 1024]), torch.Size([1892, 256]), torch.Size([1892, 16])
2025-09-17 19:32:24.806 DEBUG: Calling SymmetricTensorContraction: [u,u,u sizes=4096,12544,2304 num_segments=16,49,9 num_paths=9 u=256, u,u,u,u sizes=4096,4096,12544,2304 num_segments=16,16,49,9 num_paths=125 u=256, u,u,u,u,u sizes=4096,4096,4096,12544,2304 num_segments=16,16,16,49,9 num_paths=1093 u=256], input shapes: torch.Size([7, 49, 256]), torch.Size([142]), torch.Size([142, 16, 256])
2025-09-17 19:32:24.810 DEBUG: Calling TensorProductUniform4x1d: u,u,,u sizes=4352,2304,16,18176 num_segments=17,9,16,71 num_paths=215 u=256, input shapes: torch.Size([1892, 4352]), torch.Size([1892, 2304]), torch.Size([1892, 16])
2025-09-17 19:32:24.814 DEBUG: Calling SymmetricTensorContraction: [u,u,u sizes=4096,3328,256 num_segments=16,13,1 num_paths=1 u=256, u,u,u,u sizes=4096,4096,3328,256 num_segments=16,16,13,1 num_paths=16 u=256, u,u,u,u,u sizes=4096,4096,4096,3328,256 num_segments=16,16,16,13,1 num_paths=77 u=256], input shapes: torch.Size([7, 13, 256]), torch.Size([142]), torch.Size([142, 16, 256])
2025-09-17 19:32:24.862 DEBUG: Calling TensorProductUniform4x1d: u,u,,u sizes=1024,256,16,4096 num_segments=4,1,16,16 num_paths=16 u=256, input shapes: torch.Size([1648, 1024]), torch.Size([1648, 256]), torch.Size([1648, 16])
2025-09-17 19:32:24.868 DEBUG: Calling SymmetricTensorContraction: [u,u,u sizes=4096,12544,2304 num_segments=16,49,9 num_paths=9 u=256, u,u,u,u sizes=4096,4096,12544,2304 num_segments=16,16,49,9 num_paths=125 u=256, u,u,u,u,u sizes=4096,4096,4096,12544,2304 num_segments=16,16,16,49,9 num_paths=1093 u=256], input shapes: torch.Size([7, 49, 256]), torch.Size([134]), torch.Size([134, 16, 256])
2025-09-17 19:32:24.872 DEBUG: Calling TensorProductUniform4x1d: u,u,,u sizes=4352,2304,16,18176 num_segments=17,9,16,71 num_paths=215 u=256, input shapes: torch.Size([1648, 4352]), torch.Size([1648, 2304]), torch.Size([1648, 16])
2025-09-17 19:32:24.877 DEBUG: Calling SymmetricTensorContraction: [u,u,u sizes=4096,3328,256 num_segments=16,13,1 num_paths=1 u=256, u,u,u,u sizes=4096,4096,3328,256 num_segments=16,16,13,1 num_paths=16 u=256, u,u,u,u,u sizes=4096,4096,4096,3328,256 num_segments=16,16,16,13,1 num_paths=77 u=256], input shapes: torch.Size([7, 13, 256]), torch.Size([134]), torch.Size([134, 16, 256])
2025-09-17 19:32:24.935 DEBUG: Calling TensorProductUniform4x1d: u,u,,u sizes=1024,256,16,4096 num_segments=4,1,16,16 num_paths=16 u=256, input shapes: torch.Size([1388, 1024]), torch.Size([1388, 256]), torch.Size([1388, 16])
2025-09-17 19:32:24.943 DEBUG: Calling SymmetricTensorContraction: [u,u,u sizes=4096,12544,2304 num_segments=16,49,9 num_paths=9 u=256, u,u,u,u sizes=4096,4096,12544,2304 num_segments=16,16,49,9 num_paths=125 u=256, u,u,u,u,u sizes=4096,4096,4096,12544,2304 num_segments=16,16,16,49,9 num_paths=1093 u=256], input shapes: torch.Size([7, 49, 256]), torch.Size([121]), torch.Size([121, 16, 256])
2025-09-17 19:32:24.962 DEBUG: Calling TensorProductUniform4x1d: u,u,,u sizes=4352,2304,16,18176 num_segments=17,9,16,71 num_paths=215 u=256, input shapes: torch.Size([1388, 4352]), torch.Size([1388, 2304]), torch.Size([1388, 16])
2025-09-17 19:32:24.977 DEBUG: Calling SymmetricTensorContraction: [u,u,u sizes=4096,3328,256 num_segments=16,13,1 num_paths=1 u=256, u,u,u,u sizes=4096,4096,3328,256 num_segments=16,16,13,1 num_paths=16 u=256, u,u,u,u,u sizes=4096,4096,4096,3328,256 num_segments=16,16,16,13,1 num_paths=77 u=256], input shapes: torch.Size([7, 13, 256]), torch.Size([121]), torch.Size([121, 16, 256])
2025-09-17 19:32:25.029 DEBUG: Calling TensorProductUniform4x1d: u,u,,u sizes=1024,256,16,4096 num_segments=4,1,16,16 num_paths=16 u=256, input shapes: torch.Size([1340, 1024]), torch.Size([1340, 256]), torch.Size([1340, 16])
2025-09-17 19:32:25.036 DEBUG: Calling SymmetricTensorContraction: [u,u,u sizes=4096,12544,2304 num_segments=16,49,9 num_paths=9 u=256, u,u,u,u sizes=4096,4096,12544,2304 num_segments=16,16,49,9 num_paths=125 u=256, u,u,u,u,u sizes=4096,4096,4096,12544,2304 num_segments=16,16,16,49,9 num_paths=1093 u=256], input shapes: torch.Size([7, 49, 256]), torch.Size([117]), torch.Size([117, 16, 256])
2025-09-17 19:32:25.040 DEBUG: Calling TensorProductUniform4x1d: u,u,,u sizes=4352,2304,16,18176 num_segments=17,9,16,71 num_paths=215 u=256, input shapes: torch.Size([1340, 4352]), torch.Size([1340, 2304]), torch.Size([1340, 16])
2025-09-17 19:32:25.044 DEBUG: Calling SymmetricTensorContraction: [u,u,u sizes=4096,3328,256 num_segments=16,13,1 num_paths=1 u=256, u,u,u,u sizes=4096,4096,3328,256 num_segments=16,16,13,1 num_paths=16 u=256, u,u,u,u,u sizes=4096,4096,4096,3328,256 num_segments=16,16,16,13,1 num_paths=77 u=256], input shapes: torch.Size([7, 13, 256]), torch.Size([117]), torch.Size([117, 16, 256])
2025-09-17 19:32:25.097 DEBUG: Calling TensorProductUniform4x1d: u,u,,u sizes=1024,256,16,4096 num_segments=4,1,16,16 num_paths=16 u=256, input shapes: torch.Size([1596, 1024]), torch.Size([1596, 256]), torch.Size([1596, 16])
2025-09-17 19:32:25.103 DEBUG: Calling SymmetricTensorContraction: [u,u,u sizes=4096,12544,2304 num_segments=16,49,9 num_paths=9 u=256, u,u,u,u sizes=4096,4096,12544,2304 num_segments=16,16,49,9 num_paths=125 u=256, u,u,u,u,u sizes=4096,4096,4096,12544,2304 num_segments=16,16,16,49,9 num_paths=1093 u=256], input shapes: torch.Size([7, 49, 256]), torch.Size([131]), torch.Size([131, 16, 256])
2025-09-17 19:32:25.107 DEBUG: Calling TensorProductUniform4x1d: u,u,,u sizes=4352,2304,16,18176 num_segments=17,9,16,71 num_paths=215 u=256, input shapes: torch.Size([1596, 4352]), torch.Size([1596, 2304]), torch.Size([1596, 16])
2025-09-17 19:32:25.112 DEBUG: Calling SymmetricTensorContraction: [u,u,u sizes=4096,3328,256 num_segments=16,13,1 num_paths=1 u=256, u,u,u,u sizes=4096,4096,3328,256 num_segments=16,16,13,1 num_paths=16 u=256, u,u,u,u,u sizes=4096,4096,4096,3328,256 num_segments=16,16,16,13,1 num_paths=77 u=256], input shapes: torch.Size([7, 13, 256]), torch.Size([131]), torch.Size([131, 16, 256])
2025-09-17 19:32:25.167 DEBUG: Calling TensorProductUniform4x1d: u,u,,u sizes=1024,256,16,4096 num_segments=4,1,16,16 num_paths=16 u=256, input shapes: torch.Size([1570, 1024]), torch.Size([1570, 256]), torch.Size([1570, 16])
2025-09-17 19:32:25.173 DEBUG: Calling SymmetricTensorContraction: [u,u,u sizes=4096,12544,2304 num_segments=16,49,9 num_paths=9 u=256, u,u,u,u sizes=4096,4096,12544,2304 num_segments=16,16,49,9 num_paths=125 u=256, u,u,u,u,u sizes=4096,4096,4096,12544,2304 num_segments=16,16,16,49,9 num_paths=1093 u=256], input shapes: torch.Size([7, 49, 256]), torch.Size([128]), torch.Size([128, 16, 256])
2025-09-17 19:32:25.177 DEBUG: Calling TensorProductUniform4x1d: u,u,,u sizes=4352,2304,16,18176 num_segments=17,9,16,71 num_paths=215 u=256, input shapes: torch.Size([1570, 4352]), torch.Size([1570, 2304]), torch.Size([1570, 16])
2025-09-17 19:32:25.182 DEBUG: Calling SymmetricTensorContraction: [u,u,u sizes=4096,3328,256 num_segments=16,13,1 num_paths=1 u=256, u,u,u,u sizes=4096,4096,3328,256 num_segments=16,16,13,1 num_paths=16 u=256, u,u,u,u,u sizes=4096,4096,4096,3328,256 num_segments=16,16,16,13,1 num_paths=77 u=256], input shapes: torch.Size([7, 13, 256]), torch.Size([128]), torch.Size([128, 16, 256])
2025-09-17 19:32:25.232 DEBUG: Calling TensorProductUniform4x1d: u,u,,u sizes=1024,256,16,4096 num_segments=4,1,16,16 num_paths=16 u=256, input shapes: torch.Size([1582, 1024]), torch.Size([1582, 256]), torch.Size([1582, 16])
2025-09-17 19:32:25.238 DEBUG: Calling SymmetricTensorContraction: [u,u,u sizes=4096,12544,2304 num_segments=16,49,9 num_paths=9 u=256, u,u,u,u sizes=4096,4096,12544,2304 num_segments=16,16,49,9 num_paths=125 u=256, u,u,u,u,u sizes=4096,4096,4096,12544,2304 num_segments=16,16,16,49,9 num_paths=1093 u=256], input shapes: torch.Size([7, 49, 256]), torch.Size([131]), torch.Size([131, 16, 256])
2025-09-17 19:32:25.242 DEBUG: Calling TensorProductUniform4x1d: u,u,,u sizes=4352,2304,16,18176 num_segments=17,9,16,71 num_paths=215 u=256, input shapes: torch.Size([1582, 4352]), torch.Size([1582, 2304]), torch.Size([1582, 16])
2025-09-17 19:32:25.247 DEBUG: Calling SymmetricTensorContraction: [u,u,u sizes=4096,3328,256 num_segments=16,13,1 num_paths=1 u=256, u,u,u,u sizes=4096,4096,3328,256 num_segments=16,16,13,1 num_paths=16 u=256, u,u,u,u,u sizes=4096,4096,4096,3328,256 num_segments=16,16,16,13,1 num_paths=77 u=256], input shapes: torch.Size([7, 13, 256]), torch.Size([131]), torch.Size([131, 16, 256])
2025-09-17 19:32:25.301 DEBUG: Calling TensorProductUniform4x1d: u,u,,u sizes=1024,256,16,4096 num_segments=4,1,16,16 num_paths=16 u=256, input shapes: torch.Size([1442, 1024]), torch.Size([1442, 256]), torch.Size([1442, 16])
2025-09-17 19:32:25.316 DEBUG: Calling SymmetricTensorContraction: [u,u,u sizes=4096,12544,2304 num_segments=16,49,9 num_paths=9 u=256, u,u,u,u sizes=4096,4096,12544,2304 num_segments=16,16,49,9 num_paths=125 u=256, u,u,u,u,u sizes=4096,4096,4096,12544,2304 num_segments=16,16,16,49,9 num_paths=1093 u=256], input shapes: torch.Size([7, 49, 256]), torch.Size([123]), torch.Size([123, 16, 256])
2025-09-17 19:32:25.320 DEBUG: Calling TensorProductUniform4x1d: u,u,,u sizes=4352,2304,16,18176 num_segments=17,9,16,71 num_paths=215 u=256, input shapes: torch.Size([1442, 4352]), torch.Size([1442, 2304]), torch.Size([1442, 16])
2025-09-17 19:32:25.325 DEBUG: Calling SymmetricTensorContraction: [u,u,u sizes=4096,3328,256 num_segments=16,13,1 num_paths=1 u=256, u,u,u,u sizes=4096,4096,3328,256 num_segments=16,16,13,1 num_paths=16 u=256, u,u,u,u,u sizes=4096,4096,4096,3328,256 num_segments=16,16,16,13,1 num_paths=77 u=256], input shapes: torch.Size([7, 13, 256]), torch.Size([123]), torch.Size([123, 16, 256])
2025-09-17 19:32:25.376 DEBUG: Calling TensorProductUniform4x1d: u,u,,u sizes=1024,256,16,4096 num_segments=4,1,16,16 num_paths=16 u=256, input shapes: torch.Size([1220, 1024]), torch.Size([1220, 256]), torch.Size([1220, 16])
2025-09-17 19:32:25.382 DEBUG: Calling SymmetricTensorContraction: [u,u,u sizes=4096,12544,2304 num_segments=16,49,9 num_paths=9 u=256, u,u,u,u sizes=4096,4096,12544,2304 num_segments=16,16,49,9 num_paths=125 u=256, u,u,u,u,u sizes=4096,4096,4096,12544,2304 num_segments=16,16,16,49,9 num_paths=1093 u=256], input shapes: torch.Size([7, 49, 256]), torch.Size([114]), torch.Size([114, 16, 256])
2025-09-17 19:32:25.386 DEBUG: Calling TensorProductUniform4x1d: u,u,,u sizes=4352,2304,16,18176 num_segments=17,9,16,71 num_paths=215 u=256, input shapes: torch.Size([1220, 4352]), torch.Size([1220, 2304]), torch.Size([1220, 16])
2025-09-17 19:32:25.390 DEBUG: Calling SymmetricTensorContraction: [u,u,u sizes=4096,3328,256 num_segments=16,13,1 num_paths=1 u=256, u,u,u,u sizes=4096,4096,3328,256 num_segments=16,16,13,1 num_paths=16 u=256, u,u,u,u,u sizes=4096,4096,4096,3328,256 num_segments=16,16,16,13,1 num_paths=77 u=256], input shapes: torch.Size([7, 13, 256]), torch.Size([114]), torch.Size([114, 16, 256])
2025-09-17 19:32:25.441 DEBUG: Calling TensorProductUniform4x1d: u,u,,u sizes=1024,256,16,4096 num_segments=4,1,16,16 num_paths=16 u=256, input shapes: torch.Size([1758, 1024]), torch.Size([1758, 256]), torch.Size([1758, 16])
2025-09-17 19:32:25.447 DEBUG: Calling SymmetricTensorContraction: [u,u,u sizes=4096,12544,2304 num_segments=16,49,9 num_paths=9 u=256, u,u,u,u sizes=4096,4096,12544,2304 num_segments=16,16,49,9 num_paths=125 u=256, u,u,u,u,u sizes=4096,4096,4096,12544,2304 num_segments=16,16,16,49,9 num_paths=1093 u=256], input shapes: torch.Size([7, 49, 256]), torch.Size([135]), torch.Size([135, 16, 256])
2025-09-17 19:32:25.451 DEBUG: Calling TensorProductUniform4x1d: u,u,,u sizes=4352,2304,16,18176 num_segments=17,9,16,71 num_paths=215 u=256, input shapes: torch.Size([1758, 4352]), torch.Size([1758, 2304]), torch.Size([1758, 16])
2025-09-17 19:32:25.456 DEBUG: Calling SymmetricTensorContraction: [u,u,u sizes=4096,3328,256 num_segments=16,13,1 num_paths=1 u=256, u,u,u,u sizes=4096,4096,3328,256 num_segments=16,16,13,1 num_paths=16 u=256, u,u,u,u,u sizes=4096,4096,4096,3328,256 num_segments=16,16,16,13,1 num_paths=77 u=256], input shapes: torch.Size([7, 13, 256]), torch.Size([135]), torch.Size([135, 16, 256])
2025-09-17 19:32:25.513 DEBUG: Calling TensorProductUniform4x1d: u,u,,u sizes=1024,256,16,4096 num_segments=4,1,16,16 num_paths=16 u=256, input shapes: torch.Size([1554, 1024]), torch.Size([1554, 256]), torch.Size([1554, 16])
2025-09-17 19:32:25.520 DEBUG: Calling SymmetricTensorContraction: [u,u,u sizes=4096,12544,2304 num_segments=16,49,9 num_paths=9 u=256, u,u,u,u sizes=4096,4096,12544,2304 num_segments=16,16,49,9 num_paths=125 u=256, u,u,u,u,u sizes=4096,4096,4096,12544,2304 num_segments=16,16,16,49,9 num_paths=1093 u=256], input shapes: torch.Size([7, 49, 256]), torch.Size([129]), torch.Size([129, 16, 256])
2025-09-17 19:32:25.524 DEBUG: Calling TensorProductUniform4x1d: u,u,,u sizes=4352,2304,16,18176 num_segments=17,9,16,71 num_paths=215 u=256, input shapes: torch.Size([1554, 4352]), torch.Size([1554, 2304]), torch.Size([1554, 16])
2025-09-17 19:32:25.528 DEBUG: Calling SymmetricTensorContraction: [u,u,u sizes=4096,3328,256 num_segments=16,13,1 num_paths=1 u=256, u,u,u,u sizes=4096,4096,3328,256 num_segments=16,16,13,1 num_paths=16 u=256, u,u,u,u,u sizes=4096,4096,4096,3328,256 num_segments=16,16,16,13,1 num_paths=77 u=256], input shapes: torch.Size([7, 13, 256]), torch.Size([129]), torch.Size([129, 16, 256])
2025-09-17 19:32:25.581 DEBUG: Calling TensorProductUniform4x1d: u,u,,u sizes=1024,256,16,4096 num_segments=4,1,16,16 num_paths=16 u=256, input shapes: torch.Size([1606, 1024]), torch.Size([1606, 256]), torch.Size([1606, 16])
2025-09-17 19:32:25.587 DEBUG: Calling SymmetricTensorContraction: [u,u,u sizes=4096,12544,2304 num_segments=16,49,9 num_paths=9 u=256, u,u,u,u sizes=4096,4096,12544,2304 num_segments=16,16,49,9 num_paths=125 u=256, u,u,u,u,u sizes=4096,4096,4096,12544,2304 num_segments=16,16,16,49,9 num_paths=1093 u=256], input shapes: torch.Size([7, 49, 256]), torch.Size([130]), torch.Size([130, 16, 256])
2025-09-17 19:32:25.591 DEBUG: Calling TensorProductUniform4x1d: u,u,,u sizes=4352,2304,16,18176 num_segments=17,9,16,71 num_paths=215 u=256, input shapes: torch.Size([1606, 4352]), torch.Size([1606, 2304]), torch.Size([1606, 16])
2025-09-17 19:32:25.595 DEBUG: Calling SymmetricTensorContraction: [u,u,u sizes=4096,3328,256 num_segments=16,13,1 num_paths=1 u=256, u,u,u,u sizes=4096,4096,3328,256 num_segments=16,16,13,1 num_paths=16 u=256, u,u,u,u,u sizes=4096,4096,4096,3328,256 num_segments=16,16,16,13,1 num_paths=77 u=256], input shapes: torch.Size([7, 13, 256]), torch.Size([130]), torch.Size([130, 16, 256])
2025-09-17 19:32:25.645 DEBUG: Calling TensorProductUniform4x1d: u,u,,u sizes=1024,256,16,4096 num_segments=4,1,16,16 num_paths=16 u=256, input shapes: torch.Size([1552, 1024]), torch.Size([1552, 256]), torch.Size([1552, 16])
2025-09-17 19:32:25.650 DEBUG: Calling SymmetricTensorContraction: [u,u,u sizes=4096,12544,2304 num_segments=16,49,9 num_paths=9 u=256, u,u,u,u sizes=4096,4096,12544,2304 num_segments=16,16,49,9 num_paths=125 u=256, u,u,u,u,u sizes=4096,4096,4096,12544,2304 num_segments=16,16,16,49,9 num_paths=1093 u=256], input shapes: torch.Size([7, 49, 256]), torch.Size([128]), torch.Size([128, 16, 256])
2025-09-17 19:32:25.654 DEBUG: Calling TensorProductUniform4x1d: u,u,,u sizes=4352,2304,16,18176 num_segments=17,9,16,71 num_paths=215 u=256, input shapes: torch.Size([1552, 4352]), torch.Size([1552, 2304]), torch.Size([1552, 16])
2025-09-17 19:32:25.658 DEBUG: Calling SymmetricTensorContraction: [u,u,u sizes=4096,3328,256 num_segments=16,13,1 num_paths=1 u=256, u,u,u,u sizes=4096,4096,3328,256 num_segments=16,16,13,1 num_paths=16 u=256, u,u,u,u,u sizes=4096,4096,4096,3328,256 num_segments=16,16,16,13,1 num_paths=77 u=256], input shapes: torch.Size([7, 13, 256]), torch.Size([128]), torch.Size([128, 16, 256])
2025-09-17 19:32:25.708 DEBUG: Calling TensorProductUniform4x1d: u,u,,u sizes=1024,256,16,4096 num_segments=4,1,16,16 num_paths=16 u=256, input shapes: torch.Size([1784, 1024]), torch.Size([1784, 256]), torch.Size([1784, 16])
2025-09-17 19:32:25.714 DEBUG: Calling SymmetricTensorContraction: [u,u,u sizes=4096,12544,2304 num_segments=16,49,9 num_paths=9 u=256, u,u,u,u sizes=4096,4096,12544,2304 num_segments=16,16,49,9 num_paths=125 u=256, u,u,u,u,u sizes=4096,4096,4096,12544,2304 num_segments=16,16,16,49,9 num_paths=1093 u=256], input shapes: torch.Size([7, 49, 256]), torch.Size([137]), torch.Size([137, 16, 256])
2025-09-17 19:32:25.718 DEBUG: Calling TensorProductUniform4x1d: u,u,,u sizes=4352,2304,16,18176 num_segments=17,9,16,71 num_paths=215 u=256, input shapes: torch.Size([1784, 4352]), torch.Size([1784, 2304]), torch.Size([1784, 16])
2025-09-17 19:32:25.722 DEBUG: Calling SymmetricTensorContraction: [u,u,u sizes=4096,3328,256 num_segments=16,13,1 num_paths=1 u=256, u,u,u,u sizes=4096,4096,3328,256 num_segments=16,16,13,1 num_paths=16 u=256, u,u,u,u,u sizes=4096,4096,4096,3328,256 num_segments=16,16,16,13,1 num_paths=77 u=256], input shapes: torch.Size([7, 13, 256]), torch.Size([137]), torch.Size([137, 16, 256])
2025-09-17 19:32:25.774 DEBUG: Calling TensorProductUniform4x1d: u,u,,u sizes=1024,256,16,4096 num_segments=4,1,16,16 num_paths=16 u=256, input shapes: torch.Size([1894, 1024]), torch.Size([1894, 256]), torch.Size([1894, 16])
2025-09-17 19:32:25.780 DEBUG: Calling SymmetricTensorContraction: [u,u,u sizes=4096,12544,2304 num_segments=16,49,9 num_paths=9 u=256, u,u,u,u sizes=4096,4096,12544,2304 num_segments=16,16,49,9 num_paths=125 u=256, u,u,u,u,u sizes=4096,4096,4096,12544,2304 num_segments=16,16,16,49,9 num_paths=1093 u=256], input shapes: torch.Size([7, 49, 256]), torch.Size([140]), torch.Size([140, 16, 256])
2025-09-17 19:32:25.784 DEBUG: Calling TensorProductUniform4x1d: u,u,,u sizes=4352,2304,16,18176 num_segments=17,9,16,71 num_paths=215 u=256, input shapes: torch.Size([1894, 4352]), torch.Size([1894, 2304]), torch.Size([1894, 16])
2025-09-17 19:32:25.789 DEBUG: Calling SymmetricTensorContraction: [u,u,u sizes=4096,3328,256 num_segments=16,13,1 num_paths=1 u=256, u,u,u,u sizes=4096,4096,3328,256 num_segments=16,16,13,1 num_paths=16 u=256, u,u,u,u,u sizes=4096,4096,4096,3328,256 num_segments=16,16,16,13,1 num_paths=77 u=256], input shapes: torch.Size([7, 13, 256]), torch.Size([140]), torch.Size([140, 16, 256])
2025-09-17 19:32:25.841 DEBUG: Calling TensorProductUniform4x1d: u,u,,u sizes=1024,256,16,4096 num_segments=4,1,16,16 num_paths=16 u=256, input shapes: torch.Size([1706, 1024]), torch.Size([1706, 256]), torch.Size([1706, 16])
2025-09-17 19:32:25.847 DEBUG: Calling SymmetricTensorContraction: [u,u,u sizes=4096,12544,2304 num_segments=16,49,9 num_paths=9 u=256, u,u,u,u sizes=4096,4096,12544,2304 num_segments=16,16,49,9 num_paths=125 u=256, u,u,u,u,u sizes=4096,4096,4096,12544,2304 num_segments=16,16,16,49,9 num_paths=1093 u=256], input shapes: torch.Size([7, 49, 256]), torch.Size([134]), torch.Size([134, 16, 256])
2025-09-17 19:32:25.851 DEBUG: Calling TensorProductUniform4x1d: u,u,,u sizes=4352,2304,16,18176 num_segments=17,9,16,71 num_paths=215 u=256, input shapes: torch.Size([1706, 4352]), torch.Size([1706, 2304]), torch.Size([1706, 16])
2025-09-17 19:32:25.855 DEBUG: Calling SymmetricTensorContraction: [u,u,u sizes=4096,3328,256 num_segments=16,13,1 num_paths=1 u=256, u,u,u,u sizes=4096,4096,3328,256 num_segments=16,16,13,1 num_paths=16 u=256, u,u,u,u,u sizes=4096,4096,4096,3328,256 num_segments=16,16,16,13,1 num_paths=77 u=256], input shapes: torch.Size([7, 13, 256]), torch.Size([134]), torch.Size([134, 16, 256])
2025-09-17 19:32:25.905 DEBUG: Calling TensorProductUniform4x1d: u,u,,u sizes=1024,256,16,4096 num_segments=4,1,16,16 num_paths=16 u=256, input shapes: torch.Size([1122, 1024]), torch.Size([1122, 256]), torch.Size([1122, 16])
2025-09-17 19:32:25.911 DEBUG: Calling SymmetricTensorContraction: [u,u,u sizes=4096,12544,2304 num_segments=16,49,9 num_paths=9 u=256, u,u,u,u sizes=4096,4096,12544,2304 num_segments=16,16,49,9 num_paths=125 u=256, u,u,u,u,u sizes=4096,4096,4096,12544,2304 num_segments=16,16,16,49,9 num_paths=1093 u=256], input shapes: torch.Size([7, 49, 256]), torch.Size([109]), torch.Size([109, 16, 256])
2025-09-17 19:32:25.916 DEBUG: Calling TensorProductUniform4x1d: u,u,,u sizes=4352,2304,16,18176 num_segments=17,9,16,71 num_paths=215 u=256, input shapes: torch.Size([1122, 4352]), torch.Size([1122, 2304]), torch.Size([1122, 16])
2025-09-17 19:32:25.920 DEBUG: Calling SymmetricTensorContraction: [u,u,u sizes=4096,3328,256 num_segments=16,13,1 num_paths=1 u=256, u,u,u,u sizes=4096,4096,3328,256 num_segments=16,16,13,1 num_paths=16 u=256, u,u,u,u,u sizes=4096,4096,4096,3328,256 num_segments=16,16,16,13,1 num_paths=77 u=256], input shapes: torch.Size([7, 13, 256]), torch.Size([109]), torch.Size([109, 16, 256])
2025-09-17 19:32:25.982 DEBUG: Calling TensorProductUniform4x1d: u,u,,u sizes=1024,256,16,4096 num_segments=4,1,16,16 num_paths=16 u=256, input shapes: torch.Size([1364, 1024]), torch.Size([1364, 256]), torch.Size([1364, 16])
2025-09-17 19:32:25.988 DEBUG: Calling SymmetricTensorContraction: [u,u,u sizes=4096,12544,2304 num_segments=16,49,9 num_paths=9 u=256, u,u,u,u sizes=4096,4096,12544,2304 num_segments=16,16,49,9 num_paths=125 u=256, u,u,u,u,u sizes=4096,4096,4096,12544,2304 num_segments=16,16,16,49,9 num_paths=1093 u=256], input shapes: torch.Size([7, 49, 256]), torch.Size([118]), torch.Size([118, 16, 256])
2025-09-17 19:32:25.992 DEBUG: Calling TensorProductUniform4x1d: u,u,,u sizes=4352,2304,16,18176 num_segments=17,9,16,71 num_paths=215 u=256, input shapes: torch.Size([1364, 4352]), torch.Size([1364, 2304]), torch.Size([1364, 16])
2025-09-17 19:32:25.996 DEBUG: Calling SymmetricTensorContraction: [u,u,u sizes=4096,3328,256 num_segments=16,13,1 num_paths=1 u=256, u,u,u,u sizes=4096,4096,3328,256 num_segments=16,16,13,1 num_paths=16 u=256, u,u,u,u,u sizes=4096,4096,4096,3328,256 num_segments=16,16,16,13,1 num_paths=77 u=256], input shapes: torch.Size([7, 13, 256]), torch.Size([118]), torch.Size([118, 16, 256])
2025-09-17 19:32:26.046 DEBUG: Calling TensorProductUniform4x1d: u,u,,u sizes=1024,256,16,4096 num_segments=4,1,16,16 num_paths=16 u=256, input shapes: torch.Size([1422, 1024]), torch.Size([1422, 256]), torch.Size([1422, 16])
2025-09-17 19:32:26.053 DEBUG: Calling SymmetricTensorContraction: [u,u,u sizes=4096,12544,2304 num_segments=16,49,9 num_paths=9 u=256, u,u,u,u sizes=4096,4096,12544,2304 num_segments=16,16,49,9 num_paths=125 u=256, u,u,u,u,u sizes=4096,4096,4096,12544,2304 num_segments=16,16,16,49,9 num_paths=1093 u=256], input shapes: torch.Size([7, 49, 256]), torch.Size([124]), torch.Size([124, 16, 256])
2025-09-17 19:32:26.057 DEBUG: Calling TensorProductUniform4x1d: u,u,,u sizes=4352,2304,16,18176 num_segments=17,9,16,71 num_paths=215 u=256, input shapes: torch.Size([1422, 4352]), torch.Size([1422, 2304]), torch.Size([1422, 16])
2025-09-17 19:32:26.061 DEBUG: Calling SymmetricTensorContraction: [u,u,u sizes=4096,3328,256 num_segments=16,13,1 num_paths=1 u=256, u,u,u,u sizes=4096,4096,3328,256 num_segments=16,16,13,1 num_paths=16 u=256, u,u,u,u,u sizes=4096,4096,4096,3328,256 num_segments=16,16,16,13,1 num_paths=77 u=256], input shapes: torch.Size([7, 13, 256]), torch.Size([124]), torch.Size([124, 16, 256])
2025-09-17 19:32:26.116 DEBUG: Calling TensorProductUniform4x1d: u,u,,u sizes=1024,256,16,4096 num_segments=4,1,16,16 num_paths=16 u=256, input shapes: torch.Size([1490, 1024]), torch.Size([1490, 256]), torch.Size([1490, 16])
2025-09-17 19:32:26.121 DEBUG: Calling SymmetricTensorContraction: [u,u,u sizes=4096,12544,2304 num_segments=16,49,9 num_paths=9 u=256, u,u,u,u sizes=4096,4096,12544,2304 num_segments=16,16,49,9 num_paths=125 u=256, u,u,u,u,u sizes=4096,4096,4096,12544,2304 num_segments=16,16,16,49,9 num_paths=1093 u=256], input shapes: torch.Size([7, 49, 256]), torch.Size([125]), torch.Size([125, 16, 256])
2025-09-17 19:32:26.125 DEBUG: Calling TensorProductUniform4x1d: u,u,,u sizes=4352,2304,16,18176 num_segments=17,9,16,71 num_paths=215 u=256, input shapes: torch.Size([1490, 4352]), torch.Size([1490, 2304]), torch.Size([1490, 16])
2025-09-17 19:32:26.129 DEBUG: Calling SymmetricTensorContraction: [u,u,u sizes=4096,3328,256 num_segments=16,13,1 num_paths=1 u=256, u,u,u,u sizes=4096,4096,3328,256 num_segments=16,16,13,1 num_paths=16 u=256, u,u,u,u,u sizes=4096,4096,4096,3328,256 num_segments=16,16,16,13,1 num_paths=77 u=256], input shapes: torch.Size([7, 13, 256]), torch.Size([125]), torch.Size([125, 16, 256])
2025-09-17 19:32:26.182 DEBUG: Calling TensorProductUniform4x1d: u,u,,u sizes=1024,256,16,4096 num_segments=4,1,16,16 num_paths=16 u=256, input shapes: torch.Size([1744, 1024]), torch.Size([1744, 256]), torch.Size([1744, 16])
2025-09-17 19:32:26.188 DEBUG: Calling SymmetricTensorContraction: [u,u,u sizes=4096,12544,2304 num_segments=16,49,9 num_paths=9 u=256, u,u,u,u sizes=4096,4096,12544,2304 num_segments=16,16,49,9 num_paths=125 u=256, u,u,u,u,u sizes=4096,4096,4096,12544,2304 num_segments=16,16,16,49,9 num_paths=1093 u=256], input shapes: torch.Size([7, 49, 256]), torch.Size([136]), torch.Size([136, 16, 256])
2025-09-17 19:32:26.192 DEBUG: Calling TensorProductUniform4x1d: u,u,,u sizes=4352,2304,16,18176 num_segments=17,9,16,71 num_paths=215 u=256, input shapes: torch.Size([1744, 4352]), torch.Size([1744, 2304]), torch.Size([1744, 16])
2025-09-17 19:32:26.196 DEBUG: Calling SymmetricTensorContraction: [u,u,u sizes=4096,3328,256 num_segments=16,13,1 num_paths=1 u=256, u,u,u,u sizes=4096,4096,3328,256 num_segments=16,16,13,1 num_paths=16 u=256, u,u,u,u,u sizes=4096,4096,4096,3328,256 num_segments=16,16,16,13,1 num_paths=77 u=256], input shapes: torch.Size([7, 13, 256]), torch.Size([136]), torch.Size([136, 16, 256])
2025-09-17 19:32:26.246 DEBUG: Calling TensorProductUniform4x1d: u,u,,u sizes=1024,256,16,4096 num_segments=4,1,16,16 num_paths=16 u=256, input shapes: torch.Size([1990, 1024]), torch.Size([1990, 256]), torch.Size([1990, 16])
2025-09-17 19:32:26.252 DEBUG: Calling SymmetricTensorContraction: [u,u,u sizes=4096,12544,2304 num_segments=16,49,9 num_paths=9 u=256, u,u,u,u sizes=4096,4096,12544,2304 num_segments=16,16,49,9 num_paths=125 u=256, u,u,u,u,u sizes=4096,4096,4096,12544,2304 num_segments=16,16,16,49,9 num_paths=1093 u=256], input shapes: torch.Size([7, 49, 256]), torch.Size([146]), torch.Size([146, 16, 256])
2025-09-17 19:32:26.256 DEBUG: Calling TensorProductUniform4x1d: u,u,,u sizes=4352,2304,16,18176 num_segments=17,9,16,71 num_paths=215 u=256, input shapes: torch.Size([1990, 4352]), torch.Size([1990, 2304]), torch.Size([1990, 16])
2025-09-17 19:32:26.260 DEBUG: Calling SymmetricTensorContraction: [u,u,u sizes=4096,3328,256 num_segments=16,13,1 num_paths=1 u=256, u,u,u,u sizes=4096,4096,3328,256 num_segments=16,16,13,1 num_paths=16 u=256, u,u,u,u,u sizes=4096,4096,4096,3328,256 num_segments=16,16,16,13,1 num_paths=77 u=256], input shapes: torch.Size([7, 13, 256]), torch.Size([146]), torch.Size([146, 16, 256])
2025-09-17 19:32:26.318 DEBUG: Calling TensorProductUniform4x1d: u,u,,u sizes=1024,256,16,4096 num_segments=4,1,16,16 num_paths=16 u=256, input shapes: torch.Size([1468, 1024]), torch.Size([1468, 256]), torch.Size([1468, 16])
2025-09-17 19:32:26.324 DEBUG: Calling SymmetricTensorContraction: [u,u,u sizes=4096,12544,2304 num_segments=16,49,9 num_paths=9 u=256, u,u,u,u sizes=4096,4096,12544,2304 num_segments=16,16,49,9 num_paths=125 u=256, u,u,u,u,u sizes=4096,4096,4096,12544,2304 num_segments=16,16,16,49,9 num_paths=1093 u=256], input shapes: torch.Size([7, 49, 256]), torch.Size([126]), torch.Size([126, 16, 256])
2025-09-17 19:32:26.328 DEBUG: Calling TensorProductUniform4x1d: u,u,,u sizes=4352,2304,16,18176 num_segments=17,9,16,71 num_paths=215 u=256, input shapes: torch.Size([1468, 4352]), torch.Size([1468, 2304]), torch.Size([1468, 16])
2025-09-17 19:32:26.332 DEBUG: Calling SymmetricTensorContraction: [u,u,u sizes=4096,3328,256 num_segments=16,13,1 num_paths=1 u=256, u,u,u,u sizes=4096,4096,3328,256 num_segments=16,16,13,1 num_paths=16 u=256, u,u,u,u,u sizes=4096,4096,4096,3328,256 num_segments=16,16,16,13,1 num_paths=77 u=256], input shapes: torch.Size([7, 13, 256]), torch.Size([126]), torch.Size([126, 16, 256])
2025-09-17 19:32:26.380 DEBUG: Calling TensorProductUniform4x1d: u,u,,u sizes=1024,256,16,4096 num_segments=4,1,16,16 num_paths=16 u=256, input shapes: torch.Size([1270, 1024]), torch.Size([1270, 256]), torch.Size([1270, 16])
2025-09-17 19:32:26.386 DEBUG: Calling SymmetricTensorContraction: [u,u,u sizes=4096,12544,2304 num_segments=16,49,9 num_paths=9 u=256, u,u,u,u sizes=4096,4096,12544,2304 num_segments=16,16,49,9 num_paths=125 u=256, u,u,u,u,u sizes=4096,4096,4096,12544,2304 num_segments=16,16,16,49,9 num_paths=1093 u=256], input shapes: torch.Size([7, 49, 256]), torch.Size([114]), torch.Size([114, 16, 256])
2025-09-17 19:32:26.390 DEBUG: Calling TensorProductUniform4x1d: u,u,,u sizes=4352,2304,16,18176 num_segments=17,9,16,71 num_paths=215 u=256, input shapes: torch.Size([1270, 4352]), torch.Size([1270, 2304]), torch.Size([1270, 16])
2025-09-17 19:32:26.394 DEBUG: Calling SymmetricTensorContraction: [u,u,u sizes=4096,3328,256 num_segments=16,13,1 num_paths=1 u=256, u,u,u,u sizes=4096,4096,3328,256 num_segments=16,16,13,1 num_paths=16 u=256, u,u,u,u,u sizes=4096,4096,4096,3328,256 num_segments=16,16,16,13,1 num_paths=77 u=256], input shapes: torch.Size([7, 13, 256]), torch.Size([114]), torch.Size([114, 16, 256])
2025-09-17 19:32:26.444 DEBUG: Calling TensorProductUniform4x1d: u,u,,u sizes=1024,256,16,4096 num_segments=4,1,16,16 num_paths=16 u=256, input shapes: torch.Size([1604, 1024]), torch.Size([1604, 256]), torch.Size([1604, 16])
2025-09-17 19:32:26.450 DEBUG: Calling SymmetricTensorContraction: [u,u,u sizes=4096,12544,2304 num_segments=16,49,9 num_paths=9 u=256, u,u,u,u sizes=4096,4096,12544,2304 num_segments=16,16,49,9 num_paths=125 u=256, u,u,u,u,u sizes=4096,4096,4096,12544,2304 num_segments=16,16,16,49,9 num_paths=1093 u=256], input shapes: torch.Size([7, 49, 256]), torch.Size([130]), torch.Size([130, 16, 256])
2025-09-17 19:32:26.454 DEBUG: Calling TensorProductUniform4x1d: u,u,,u sizes=4352,2304,16,18176 num_segments=17,9,16,71 num_paths=215 u=256, input shapes: torch.Size([1604, 4352]), torch.Size([1604, 2304]), torch.Size([1604, 16])
2025-09-17 19:32:26.458 DEBUG: Calling SymmetricTensorContraction: [u,u,u sizes=4096,3328,256 num_segments=16,13,1 num_paths=1 u=256, u,u,u,u sizes=4096,4096,3328,256 num_segments=16,16,13,1 num_paths=16 u=256, u,u,u,u,u sizes=4096,4096,4096,3328,256 num_segments=16,16,16,13,1 num_paths=77 u=256], input shapes: torch.Size([7, 13, 256]), torch.Size([130]), torch.Size([130, 16, 256])
2025-09-17 19:32:26.506 DEBUG: Calling TensorProductUniform4x1d: u,u,,u sizes=1024,256,16,4096 num_segments=4,1,16,16 num_paths=16 u=256, input shapes: torch.Size([1548, 1024]), torch.Size([1548, 256]), torch.Size([1548, 16])
2025-09-17 19:32:26.512 DEBUG: Calling SymmetricTensorContraction: [u,u,u sizes=4096,12544,2304 num_segments=16,49,9 num_paths=9 u=256, u,u,u,u sizes=4096,4096,12544,2304 num_segments=16,16,49,9 num_paths=125 u=256, u,u,u,u,u sizes=4096,4096,4096,12544,2304 num_segments=16,16,16,49,9 num_paths=1093 u=256], input shapes: torch.Size([7, 49, 256]), torch.Size([128]), torch.Size([128, 16, 256])
2025-09-17 19:32:26.516 DEBUG: Calling TensorProductUniform4x1d: u,u,,u sizes=4352,2304,16,18176 num_segments=17,9,16,71 num_paths=215 u=256, input shapes: torch.Size([1548, 4352]), torch.Size([1548, 2304]), torch.Size([1548, 16])
2025-09-17 19:32:26.520 DEBUG: Calling SymmetricTensorContraction: [u,u,u sizes=4096,3328,256 num_segments=16,13,1 num_paths=1 u=256, u,u,u,u sizes=4096,4096,3328,256 num_segments=16,16,13,1 num_paths=16 u=256, u,u,u,u,u sizes=4096,4096,4096,3328,256 num_segments=16,16,16,13,1 num_paths=77 u=256], input shapes: torch.Size([7, 13, 256]), torch.Size([128]), torch.Size([128, 16, 256])
2025-09-17 19:32:26.575 DEBUG: Calling TensorProductUniform4x1d: u,u,,u sizes=1024,256,16,4096 num_segments=4,1,16,16 num_paths=16 u=256, input shapes: torch.Size([1800, 1024]), torch.Size([1800, 256]), torch.Size([1800, 16])
2025-09-17 19:32:26.581 DEBUG: Calling SymmetricTensorContraction: [u,u,u sizes=4096,12544,2304 num_segments=16,49,9 num_paths=9 u=256, u,u,u,u sizes=4096,4096,12544,2304 num_segments=16,16,49,9 num_paths=125 u=256, u,u,u,u,u sizes=4096,4096,4096,12544,2304 num_segments=16,16,16,49,9 num_paths=1093 u=256], input shapes: torch.Size([7, 49, 256]), torch.Size([139]), torch.Size([139, 16, 256])
2025-09-17 19:32:26.587 DEBUG: Calling TensorProductUniform4x1d: u,u,,u sizes=4352,2304,16,18176 num_segments=17,9,16,71 num_paths=215 u=256, input shapes: torch.Size([1800, 4352]), torch.Size([1800, 2304]), torch.Size([1800, 16])
2025-09-17 19:32:26.592 DEBUG: Calling SymmetricTensorContraction: [u,u,u sizes=4096,3328,256 num_segments=16,13,1 num_paths=1 u=256, u,u,u,u sizes=4096,4096,3328,256 num_segments=16,16,13,1 num_paths=16 u=256, u,u,u,u,u sizes=4096,4096,4096,3328,256 num_segments=16,16,16,13,1 num_paths=77 u=256], input shapes: torch.Size([7, 13, 256]), torch.Size([139]), torch.Size([139, 16, 256])
2025-09-17 19:32:26.651 DEBUG: Calling TensorProductUniform4x1d: u,u,,u sizes=1024,256,16,4096 num_segments=4,1,16,16 num_paths=16 u=256, input shapes: torch.Size([1570, 1024]), torch.Size([1570, 256]), torch.Size([1570, 16])
2025-09-17 19:32:26.658 DEBUG: Calling SymmetricTensorContraction: [u,u,u sizes=4096,12544,2304 num_segments=16,49,9 num_paths=9 u=256, u,u,u,u sizes=4096,4096,12544,2304 num_segments=16,16,49,9 num_paths=125 u=256, u,u,u,u,u sizes=4096,4096,4096,12544,2304 num_segments=16,16,16,49,9 num_paths=1093 u=256], input shapes: torch.Size([7, 49, 256]), torch.Size([129]), torch.Size([129, 16, 256])
2025-09-17 19:32:26.662 DEBUG: Calling TensorProductUniform4x1d: u,u,,u sizes=4352,2304,16,18176 num_segments=17,9,16,71 num_paths=215 u=256, input shapes: torch.Size([1570, 4352]), torch.Size([1570, 2304]), torch.Size([1570, 16])
2025-09-17 19:32:26.667 DEBUG: Calling SymmetricTensorContraction: [u,u,u sizes=4096,3328,256 num_segments=16,13,1 num_paths=1 u=256, u,u,u,u sizes=4096,4096,3328,256 num_segments=16,16,13,1 num_paths=16 u=256, u,u,u,u,u sizes=4096,4096,4096,3328,256 num_segments=16,16,16,13,1 num_paths=77 u=256], input shapes: torch.Size([7, 13, 256]), torch.Size([129]), torch.Size([129, 16, 256])
2025-09-17 19:32:26.716 DEBUG: Calling TensorProductUniform4x1d: u,u,,u sizes=1024,256,16,4096 num_segments=4,1,16,16 num_paths=16 u=256, input shapes: torch.Size([1278, 1024]), torch.Size([1278, 256]), torch.Size([1278, 16])
2025-09-17 19:32:26.722 DEBUG: Calling SymmetricTensorContraction: [u,u,u sizes=4096,12544,2304 num_segments=16,49,9 num_paths=9 u=256, u,u,u,u sizes=4096,4096,12544,2304 num_segments=16,16,49,9 num_paths=125 u=256, u,u,u,u,u sizes=4096,4096,4096,12544,2304 num_segments=16,16,16,49,9 num_paths=1093 u=256], input shapes: torch.Size([7, 49, 256]), torch.Size([116]), torch.Size([116, 16, 256])
2025-09-17 19:32:26.726 DEBUG: Calling TensorProductUniform4x1d: u,u,,u sizes=4352,2304,16,18176 num_segments=17,9,16,71 num_paths=215 u=256, input shapes: torch.Size([1278, 4352]), torch.Size([1278, 2304]), torch.Size([1278, 16])
2025-09-17 19:32:26.730 DEBUG: Calling SymmetricTensorContraction: [u,u,u sizes=4096,3328,256 num_segments=16,13,1 num_paths=1 u=256, u,u,u,u sizes=4096,4096,3328,256 num_segments=16,16,13,1 num_paths=16 u=256, u,u,u,u,u sizes=4096,4096,4096,3328,256 num_segments=16,16,16,13,1 num_paths=77 u=256], input shapes: torch.Size([7, 13, 256]), torch.Size([116]), torch.Size([116, 16, 256])
2025-09-17 19:32:26.778 DEBUG: Calling TensorProductUniform4x1d: u,u,,u sizes=1024,256,16,4096 num_segments=4,1,16,16 num_paths=16 u=256, input shapes: torch.Size([1480, 1024]), torch.Size([1480, 256]), torch.Size([1480, 16])
2025-09-17 19:32:26.784 DEBUG: Calling SymmetricTensorContraction: [u,u,u sizes=4096,12544,2304 num_segments=16,49,9 num_paths=9 u=256, u,u,u,u sizes=4096,4096,12544,2304 num_segments=16,16,49,9 num_paths=125 u=256, u,u,u,u,u sizes=4096,4096,4096,12544,2304 num_segments=16,16,16,49,9 num_paths=1093 u=256], input shapes: torch.Size([7, 49, 256]), torch.Size([125]), torch.Size([125, 16, 256])
2025-09-17 19:32:26.788 DEBUG: Calling TensorProductUniform4x1d: u,u,,u sizes=4352,2304,16,18176 num_segments=17,9,16,71 num_paths=215 u=256, input shapes: torch.Size([1480, 4352]), torch.Size([1480, 2304]), torch.Size([1480, 16])
2025-09-17 19:32:26.792 DEBUG: Calling SymmetricTensorContraction: [u,u,u sizes=4096,3328,256 num_segments=16,13,1 num_paths=1 u=256, u,u,u,u sizes=4096,4096,3328,256 num_segments=16,16,13,1 num_paths=16 u=256, u,u,u,u,u sizes=4096,4096,4096,3328,256 num_segments=16,16,16,13,1 num_paths=77 u=256], input shapes: torch.Size([7, 13, 256]), torch.Size([125]), torch.Size([125, 16, 256])
2025-09-17 19:32:26.890 DEBUG: Calling TensorProductUniform4x1d: u,u,,u sizes=1024,256,16,4096 num_segments=4,1,16,16 num_paths=16 u=256, input shapes: torch.Size([1450, 1024]), torch.Size([1450, 256]), torch.Size([1450, 16])
2025-09-17 19:32:26.898 DEBUG: Calling SymmetricTensorContraction: [u,u,u sizes=4096,12544,2304 num_segments=16,49,9 num_paths=9 u=256, u,u,u,u sizes=4096,4096,12544,2304 num_segments=16,16,49,9 num_paths=125 u=256, u,u,u,u,u sizes=4096,4096,4096,12544,2304 num_segments=16,16,16,49,9 num_paths=1093 u=256], input shapes: torch.Size([7, 49, 256]), torch.Size([121]), torch.Size([121, 16, 256])
2025-09-17 19:32:26.903 DEBUG: Calling TensorProductUniform4x1d: u,u,,u sizes=4352,2304,16,18176 num_segments=17,9,16,71 num_paths=215 u=256, input shapes: torch.Size([1450, 4352]), torch.Size([1450, 2304]), torch.Size([1450, 16])
2025-09-17 19:32:26.907 DEBUG: Calling SymmetricTensorContraction: [u,u,u sizes=4096,3328,256 num_segments=16,13,1 num_paths=1 u=256, u,u,u,u sizes=4096,4096,3328,256 num_segments=16,16,13,1 num_paths=16 u=256, u,u,u,u,u sizes=4096,4096,4096,3328,256 num_segments=16,16,16,13,1 num_paths=77 u=256], input shapes: torch.Size([7, 13, 256]), torch.Size([121]), torch.Size([121, 16, 256])
2025-09-17 19:32:26.961 DEBUG: Calling TensorProductUniform4x1d: u,u,,u sizes=1024,256,16,4096 num_segments=4,1,16,16 num_paths=16 u=256, input shapes: torch.Size([1270, 1024]), torch.Size([1270, 256]), torch.Size([1270, 16])
2025-09-17 19:32:26.967 DEBUG: Calling SymmetricTensorContraction: [u,u,u sizes=4096,12544,2304 num_segments=16,49,9 num_paths=9 u=256, u,u,u,u sizes=4096,4096,12544,2304 num_segments=16,16,49,9 num_paths=125 u=256, u,u,u,u,u sizes=4096,4096,4096,12544,2304 num_segments=16,16,16,49,9 num_paths=1093 u=256], input shapes: torch.Size([7, 49, 256]), torch.Size([116]), torch.Size([116, 16, 256])
2025-09-17 19:32:26.971 DEBUG: Calling TensorProductUniform4x1d: u,u,,u sizes=4352,2304,16,18176 num_segments=17,9,16,71 num_paths=215 u=256, input shapes: torch.Size([1270, 4352]), torch.Size([1270, 2304]), torch.Size([1270, 16])
2025-09-17 19:32:26.976 DEBUG: Calling SymmetricTensorContraction: [u,u,u sizes=4096,3328,256 num_segments=16,13,1 num_paths=1 u=256, u,u,u,u sizes=4096,4096,3328,256 num_segments=16,16,13,1 num_paths=16 u=256, u,u,u,u,u sizes=4096,4096,4096,3328,256 num_segments=16,16,16,13,1 num_paths=77 u=256], input shapes: torch.Size([7, 13, 256]), torch.Size([116]), torch.Size([116, 16, 256])
2025-09-17 19:32:27.023 DEBUG: Calling TensorProductUniform4x1d: u,u,,u sizes=1024,256,16,4096 num_segments=4,1,16,16 num_paths=16 u=256, input shapes: torch.Size([1486, 1024]), torch.Size([1486, 256]), torch.Size([1486, 16])
2025-09-17 19:32:27.028 DEBUG: Calling SymmetricTensorContraction: [u,u,u sizes=4096,12544,2304 num_segments=16,49,9 num_paths=9 u=256, u,u,u,u sizes=4096,4096,12544,2304 num_segments=16,16,49,9 num_paths=125 u=256, u,u,u,u,u sizes=4096,4096,4096,12544,2304 num_segments=16,16,16,49,9 num_paths=1093 u=256], input shapes: torch.Size([7, 49, 256]), torch.Size([127]), torch.Size([127, 16, 256])
2025-09-17 19:32:27.033 DEBUG: Calling TensorProductUniform4x1d: u,u,,u sizes=4352,2304,16,18176 num_segments=17,9,16,71 num_paths=215 u=256, input shapes: torch.Size([1486, 4352]), torch.Size([1486, 2304]), torch.Size([1486, 16])
2025-09-17 19:32:27.038 DEBUG: Calling SymmetricTensorContraction: [u,u,u sizes=4096,3328,256 num_segments=16,13,1 num_paths=1 u=256, u,u,u,u sizes=4096,4096,3328,256 num_segments=16,16,13,1 num_paths=16 u=256, u,u,u,u,u sizes=4096,4096,4096,3328,256 num_segments=16,16,16,13,1 num_paths=77 u=256], input shapes: torch.Size([7, 13, 256]), torch.Size([127]), torch.Size([127, 16, 256])
2025-09-17 19:32:27.092 DEBUG: Calling TensorProductUniform4x1d: u,u,,u sizes=1024,256,16,4096 num_segments=4,1,16,16 num_paths=16 u=256, input shapes: torch.Size([1454, 1024]), torch.Size([1454, 256]), torch.Size([1454, 16])
2025-09-17 19:32:27.098 DEBUG: Calling SymmetricTensorContraction: [u,u,u sizes=4096,12544,2304 num_segments=16,49,9 num_paths=9 u=256, u,u,u,u sizes=4096,4096,12544,2304 num_segments=16,16,49,9 num_paths=125 u=256, u,u,u,u,u sizes=4096,4096,4096,12544,2304 num_segments=16,16,16,49,9 num_paths=1093 u=256], input shapes: torch.Size([7, 49, 256]), torch.Size([125]), torch.Size([125, 16, 256])
2025-09-17 19:32:27.102 DEBUG: Calling TensorProductUniform4x1d: u,u,,u sizes=4352,2304,16,18176 num_segments=17,9,16,71 num_paths=215 u=256, input shapes: torch.Size([1454, 4352]), torch.Size([1454, 2304]), torch.Size([1454, 16])
2025-09-17 19:32:27.107 DEBUG: Calling SymmetricTensorContraction: [u,u,u sizes=4096,3328,256 num_segments=16,13,1 num_paths=1 u=256, u,u,u,u sizes=4096,4096,3328,256 num_segments=16,16,13,1 num_paths=16 u=256, u,u,u,u,u sizes=4096,4096,4096,3328,256 num_segments=16,16,16,13,1 num_paths=77 u=256], input shapes: torch.Size([7, 13, 256]), torch.Size([125]), torch.Size([125, 16, 256])
2025-09-17 19:32:27.158 DEBUG: Calling TensorProductUniform4x1d: u,u,,u sizes=1024,256,16,4096 num_segments=4,1,16,16 num_paths=16 u=256, input shapes: torch.Size([1462, 1024]), torch.Size([1462, 256]), torch.Size([1462, 16])
2025-09-17 19:32:27.165 DEBUG: Calling SymmetricTensorContraction: [u,u,u sizes=4096,12544,2304 num_segments=16,49,9 num_paths=9 u=256, u,u,u,u sizes=4096,4096,12544,2304 num_segments=16,16,49,9 num_paths=125 u=256, u,u,u,u,u sizes=4096,4096,4096,12544,2304 num_segments=16,16,16,49,9 num_paths=1093 u=256], input shapes: torch.Size([7, 49, 256]), torch.Size([124]), torch.Size([124, 16, 256])
2025-09-17 19:32:27.169 DEBUG: Calling TensorProductUniform4x1d: u,u,,u sizes=4352,2304,16,18176 num_segments=17,9,16,71 num_paths=215 u=256, input shapes: torch.Size([1462, 4352]), torch.Size([1462, 2304]), torch.Size([1462, 16])
2025-09-17 19:32:27.173 DEBUG: Calling SymmetricTensorContraction: [u,u,u sizes=4096,3328,256 num_segments=16,13,1 num_paths=1 u=256, u,u,u,u sizes=4096,4096,3328,256 num_segments=16,16,13,1 num_paths=16 u=256, u,u,u,u,u sizes=4096,4096,4096,3328,256 num_segments=16,16,16,13,1 num_paths=77 u=256], input shapes: torch.Size([7, 13, 256]), torch.Size([124]), torch.Size([124, 16, 256])
2025-09-17 19:32:27.223 DEBUG: Calling TensorProductUniform4x1d: u,u,,u sizes=1024,256,16,4096 num_segments=4,1,16,16 num_paths=16 u=256, input shapes: torch.Size([1750, 1024]), torch.Size([1750, 256]), torch.Size([1750, 16])
2025-09-17 19:32:27.229 DEBUG: Calling SymmetricTensorContraction: [u,u,u sizes=4096,12544,2304 num_segments=16,49,9 num_paths=9 u=256, u,u,u,u sizes=4096,4096,12544,2304 num_segments=16,16,49,9 num_paths=125 u=256, u,u,u,u,u sizes=4096,4096,4096,12544,2304 num_segments=16,16,16,49,9 num_paths=1093 u=256], input shapes: torch.Size([7, 49, 256]), torch.Size([136]), torch.Size([136, 16, 256])
2025-09-17 19:32:27.234 DEBUG: Calling TensorProductUniform4x1d: u,u,,u sizes=4352,2304,16,18176 num_segments=17,9,16,71 num_paths=215 u=256, input shapes: torch.Size([1750, 4352]), torch.Size([1750, 2304]), torch.Size([1750, 16])
2025-09-17 19:32:27.238 DEBUG: Calling SymmetricTensorContraction: [u,u,u sizes=4096,3328,256 num_segments=16,13,1 num_paths=1 u=256, u,u,u,u sizes=4096,4096,3328,256 num_segments=16,16,13,1 num_paths=16 u=256, u,u,u,u,u sizes=4096,4096,4096,3328,256 num_segments=16,16,16,13,1 num_paths=77 u=256], input shapes: torch.Size([7, 13, 256]), torch.Size([136]), torch.Size([136, 16, 256])
2025-09-17 19:32:27.289 DEBUG: Calling TensorProductUniform4x1d: u,u,,u sizes=1024,256,16,4096 num_segments=4,1,16,16 num_paths=16 u=256, input shapes: torch.Size([1562, 1024]), torch.Size([1562, 256]), torch.Size([1562, 16])
2025-09-17 19:32:27.295 DEBUG: Calling SymmetricTensorContraction: [u,u,u sizes=4096,12544,2304 num_segments=16,49,9 num_paths=9 u=256, u,u,u,u sizes=4096,4096,12544,2304 num_segments=16,16,49,9 num_paths=125 u=256, u,u,u,u,u sizes=4096,4096,4096,12544,2304 num_segments=16,16,16,49,9 num_paths=1093 u=256], input shapes: torch.Size([7, 49, 256]), torch.Size([128]), torch.Size([128, 16, 256])
2025-09-17 19:32:27.299 DEBUG: Calling TensorProductUniform4x1d: u,u,,u sizes=4352,2304,16,18176 num_segments=17,9,16,71 num_paths=215 u=256, input shapes: torch.Size([1562, 4352]), torch.Size([1562, 2304]), torch.Size([1562, 16])
2025-09-17 19:32:27.303 DEBUG: Calling SymmetricTensorContraction: [u,u,u sizes=4096,3328,256 num_segments=16,13,1 num_paths=1 u=256, u,u,u,u sizes=4096,4096,3328,256 num_segments=16,16,13,1 num_paths=16 u=256, u,u,u,u,u sizes=4096,4096,4096,3328,256 num_segments=16,16,16,13,1 num_paths=77 u=256], input shapes: torch.Size([7, 13, 256]), torch.Size([128]), torch.Size([128, 16, 256])
2025-09-17 19:32:27.352 DEBUG: Calling TensorProductUniform4x1d: u,u,,u sizes=1024,256,16,4096 num_segments=4,1,16,16 num_paths=16 u=256, input shapes: torch.Size([1892, 1024]), torch.Size([1892, 256]), torch.Size([1892, 16])
2025-09-17 19:32:27.358 DEBUG: Calling SymmetricTensorContraction: [u,u,u sizes=4096,12544,2304 num_segments=16,49,9 num_paths=9 u=256, u,u,u,u sizes=4096,4096,12544,2304 num_segments=16,16,49,9 num_paths=125 u=256, u,u,u,u,u sizes=4096,4096,4096,12544,2304 num_segments=16,16,16,49,9 num_paths=1093 u=256], input shapes: torch.Size([7, 49, 256]), torch.Size([143]), torch.Size([143, 16, 256])
2025-09-17 19:32:27.363 DEBUG: Calling TensorProductUniform4x1d: u,u,,u sizes=4352,2304,16,18176 num_segments=17,9,16,71 num_paths=215 u=256, input shapes: torch.Size([1892, 4352]), torch.Size([1892, 2304]), torch.Size([1892, 16])
2025-09-17 19:32:27.369 DEBUG: Calling SymmetricTensorContraction: [u,u,u sizes=4096,3328,256 num_segments=16,13,1 num_paths=1 u=256, u,u,u,u sizes=4096,4096,3328,256 num_segments=16,16,13,1 num_paths=16 u=256, u,u,u,u,u sizes=4096,4096,4096,3328,256 num_segments=16,16,16,13,1 num_paths=77 u=256], input shapes: torch.Size([7, 13, 256]), torch.Size([143]), torch.Size([143, 16, 256])
2025-09-17 19:32:27.424 DEBUG: Calling TensorProductUniform4x1d: u,u,,u sizes=1024,256,16,4096 num_segments=4,1,16,16 num_paths=16 u=256, input shapes: torch.Size([1296, 1024]), torch.Size([1296, 256]), torch.Size([1296, 16])
2025-09-17 19:32:27.430 DEBUG: Calling SymmetricTensorContraction: [u,u,u sizes=4096,12544,2304 num_segments=16,49,9 num_paths=9 u=256, u,u,u,u sizes=4096,4096,12544,2304 num_segments=16,16,49,9 num_paths=125 u=256, u,u,u,u,u sizes=4096,4096,4096,12544,2304 num_segments=16,16,16,49,9 num_paths=1093 u=256], input shapes: torch.Size([7, 49, 256]), torch.Size([116]), torch.Size([116, 16, 256])
2025-09-17 19:32:27.434 DEBUG: Calling TensorProductUniform4x1d: u,u,,u sizes=4352,2304,16,18176 num_segments=17,9,16,71 num_paths=215 u=256, input shapes: torch.Size([1296, 4352]), torch.Size([1296, 2304]), torch.Size([1296, 16])
2025-09-17 19:32:27.438 DEBUG: Calling SymmetricTensorContraction: [u,u,u sizes=4096,3328,256 num_segments=16,13,1 num_paths=1 u=256, u,u,u,u sizes=4096,4096,3328,256 num_segments=16,16,13,1 num_paths=16 u=256, u,u,u,u,u sizes=4096,4096,4096,3328,256 num_segments=16,16,16,13,1 num_paths=77 u=256], input shapes: torch.Size([7, 13, 256]), torch.Size([116]), torch.Size([116, 16, 256])
2025-09-17 19:32:27.495 DEBUG: Calling TensorProductUniform4x1d: u,u,,u sizes=1024,256,16,4096 num_segments=4,1,16,16 num_paths=16 u=256, input shapes: torch.Size([1652, 1024]), torch.Size([1652, 256]), torch.Size([1652, 16])
2025-09-17 19:32:27.501 DEBUG: Calling SymmetricTensorContraction: [u,u,u sizes=4096,12544,2304 num_segments=16,49,9 num_paths=9 u=256, u,u,u,u sizes=4096,4096,12544,2304 num_segments=16,16,49,9 num_paths=125 u=256, u,u,u,u,u sizes=4096,4096,4096,12544,2304 num_segments=16,16,16,49,9 num_paths=1093 u=256], input shapes: torch.Size([7, 49, 256]), torch.Size([132]), torch.Size([132, 16, 256])
2025-09-17 19:32:27.505 DEBUG: Calling TensorProductUniform4x1d: u,u,,u sizes=4352,2304,16,18176 num_segments=17,9,16,71 num_paths=215 u=256, input shapes: torch.Size([1652, 4352]), torch.Size([1652, 2304]), torch.Size([1652, 16])
2025-09-17 19:32:27.510 DEBUG: Calling SymmetricTensorContraction: [u,u,u sizes=4096,3328,256 num_segments=16,13,1 num_paths=1 u=256, u,u,u,u sizes=4096,4096,3328,256 num_segments=16,16,13,1 num_paths=16 u=256, u,u,u,u,u sizes=4096,4096,4096,3328,256 num_segments=16,16,16,13,1 num_paths=77 u=256], input shapes: torch.Size([7, 13, 256]), torch.Size([132]), torch.Size([132, 16, 256])
2025-09-17 19:32:27.566 DEBUG: Calling TensorProductUniform4x1d: u,u,,u sizes=1024,256,16,4096 num_segments=4,1,16,16 num_paths=16 u=256, input shapes: torch.Size([1656, 1024]), torch.Size([1656, 256]), torch.Size([1656, 16])
2025-09-17 19:32:27.573 DEBUG: Calling SymmetricTensorContraction: [u,u,u sizes=4096,12544,2304 num_segments=16,49,9 num_paths=9 u=256, u,u,u,u sizes=4096,4096,12544,2304 num_segments=16,16,49,9 num_paths=125 u=256, u,u,u,u,u sizes=4096,4096,4096,12544,2304 num_segments=16,16,16,49,9 num_paths=1093 u=256], input shapes: torch.Size([7, 49, 256]), torch.Size([132]), torch.Size([132, 16, 256])
2025-09-17 19:32:27.576 DEBUG: Calling TensorProductUniform4x1d: u,u,,u sizes=4352,2304,16,18176 num_segments=17,9,16,71 num_paths=215 u=256, input shapes: torch.Size([1656, 4352]), torch.Size([1656, 2304]), torch.Size([1656, 16])
2025-09-17 19:32:27.582 DEBUG: Calling SymmetricTensorContraction: [u,u,u sizes=4096,3328,256 num_segments=16,13,1 num_paths=1 u=256, u,u,u,u sizes=4096,4096,3328,256 num_segments=16,16,13,1 num_paths=16 u=256, u,u,u,u,u sizes=4096,4096,4096,3328,256 num_segments=16,16,16,13,1 num_paths=77 u=256], input shapes: torch.Size([7, 13, 256]), torch.Size([132]), torch.Size([132, 16, 256])
2025-09-17 19:32:27.640 DEBUG: Calling TensorProductUniform4x1d: u,u,,u sizes=1024,256,16,4096 num_segments=4,1,16,16 num_paths=16 u=256, input shapes: torch.Size([1662, 1024]), torch.Size([1662, 256]), torch.Size([1662, 16])
2025-09-17 19:32:27.646 DEBUG: Calling SymmetricTensorContraction: [u,u,u sizes=4096,12544,2304 num_segments=16,49,9 num_paths=9 u=256, u,u,u,u sizes=4096,4096,12544,2304 num_segments=16,16,49,9 num_paths=125 u=256, u,u,u,u,u sizes=4096,4096,4096,12544,2304 num_segments=16,16,16,49,9 num_paths=1093 u=256], input shapes: torch.Size([7, 49, 256]), torch.Size([134]), torch.Size([134, 16, 256])
2025-09-17 19:32:27.650 DEBUG: Calling TensorProductUniform4x1d: u,u,,u sizes=4352,2304,16,18176 num_segments=17,9,16,71 num_paths=215 u=256, input shapes: torch.Size([1662, 4352]), torch.Size([1662, 2304]), torch.Size([1662, 16])
2025-09-17 19:32:27.655 DEBUG: Calling SymmetricTensorContraction: [u,u,u sizes=4096,3328,256 num_segments=16,13,1 num_paths=1 u=256, u,u,u,u sizes=4096,4096,3328,256 num_segments=16,16,13,1 num_paths=16 u=256, u,u,u,u,u sizes=4096,4096,4096,3328,256 num_segments=16,16,16,13,1 num_paths=77 u=256], input shapes: torch.Size([7, 13, 256]), torch.Size([134]), torch.Size([134, 16, 256])
2025-09-17 19:32:27.707 DEBUG: Calling TensorProductUniform4x1d: u,u,,u sizes=1024,256,16,4096 num_segments=4,1,16,16 num_paths=16 u=256, input shapes: torch.Size([1456, 1024]), torch.Size([1456, 256]), torch.Size([1456, 16])
2025-09-17 19:32:27.713 DEBUG: Calling SymmetricTensorContraction: [u,u,u sizes=4096,12544,2304 num_segments=16,49,9 num_paths=9 u=256, u,u,u,u sizes=4096,4096,12544,2304 num_segments=16,16,49,9 num_paths=125 u=256, u,u,u,u,u sizes=4096,4096,4096,12544,2304 num_segments=16,16,16,49,9 num_paths=1093 u=256], input shapes: torch.Size([7, 49, 256]), torch.Size([123]), torch.Size([123, 16, 256])
2025-09-17 19:32:27.717 DEBUG: Calling TensorProductUniform4x1d: u,u,,u sizes=4352,2304,16,18176 num_segments=17,9,16,71 num_paths=215 u=256, input shapes: torch.Size([1456, 4352]), torch.Size([1456, 2304]), torch.Size([1456, 16])
2025-09-17 19:32:27.721 DEBUG: Calling SymmetricTensorContraction: [u,u,u sizes=4096,3328,256 num_segments=16,13,1 num_paths=1 u=256, u,u,u,u sizes=4096,4096,3328,256 num_segments=16,16,13,1 num_paths=16 u=256, u,u,u,u,u sizes=4096,4096,4096,3328,256 num_segments=16,16,16,13,1 num_paths=77 u=256], input shapes: torch.Size([7, 13, 256]), torch.Size([123]), torch.Size([123, 16, 256])
2025-09-17 19:32:27.772 DEBUG: Calling TensorProductUniform4x1d: u,u,,u sizes=1024,256,16,4096 num_segments=4,1,16,16 num_paths=16 u=256, input shapes: torch.Size([1532, 1024]), torch.Size([1532, 256]), torch.Size([1532, 16])
2025-09-17 19:32:27.778 DEBUG: Calling SymmetricTensorContraction: [u,u,u sizes=4096,12544,2304 num_segments=16,49,9 num_paths=9 u=256, u,u,u,u sizes=4096,4096,12544,2304 num_segments=16,16,49,9 num_paths=125 u=256, u,u,u,u,u sizes=4096,4096,4096,12544,2304 num_segments=16,16,16,49,9 num_paths=1093 u=256], input shapes: torch.Size([7, 49, 256]), torch.Size([124]), torch.Size([124, 16, 256])
2025-09-17 19:32:27.782 DEBUG: Calling TensorProductUniform4x1d: u,u,,u sizes=4352,2304,16,18176 num_segments=17,9,16,71 num_paths=215 u=256, input shapes: torch.Size([1532, 4352]), torch.Size([1532, 2304]), torch.Size([1532, 16])
2025-09-17 19:32:27.787 DEBUG: Calling SymmetricTensorContraction: [u,u,u sizes=4096,3328,256 num_segments=16,13,1 num_paths=1 u=256, u,u,u,u sizes=4096,4096,3328,256 num_segments=16,16,13,1 num_paths=16 u=256, u,u,u,u,u sizes=4096,4096,4096,3328,256 num_segments=16,16,16,13,1 num_paths=77 u=256], input shapes: torch.Size([7, 13, 256]), torch.Size([124]), torch.Size([124, 16, 256])
2025-09-17 19:32:27.837 DEBUG: Calling TensorProductUniform4x1d: u,u,,u sizes=1024,256,16,4096 num_segments=4,1,16,16 num_paths=16 u=256, input shapes: torch.Size([1508, 1024]), torch.Size([1508, 256]), torch.Size([1508, 16])
2025-09-17 19:32:27.843 DEBUG: Calling SymmetricTensorContraction: [u,u,u sizes=4096,12544,2304 num_segments=16,49,9 num_paths=9 u=256, u,u,u,u sizes=4096,4096,12544,2304 num_segments=16,16,49,9 num_paths=125 u=256, u,u,u,u,u sizes=4096,4096,4096,12544,2304 num_segments=16,16,16,49,9 num_paths=1093 u=256], input shapes: torch.Size([7, 49, 256]), torch.Size([127]), torch.Size([127, 16, 256])
2025-09-17 19:32:27.847 DEBUG: Calling TensorProductUniform4x1d: u,u,,u sizes=4352,2304,16,18176 num_segments=17,9,16,71 num_paths=215 u=256, input shapes: torch.Size([1508, 4352]), torch.Size([1508, 2304]), torch.Size([1508, 16])
2025-09-17 19:32:27.851 DEBUG: Calling SymmetricTensorContraction: [u,u,u sizes=4096,3328,256 num_segments=16,13,1 num_paths=1 u=256, u,u,u,u sizes=4096,4096,3328,256 num_segments=16,16,13,1 num_paths=16 u=256, u,u,u,u,u sizes=4096,4096,4096,3328,256 num_segments=16,16,16,13,1 num_paths=77 u=256], input shapes: torch.Size([7, 13, 256]), torch.Size([127]), torch.Size([127, 16, 256])
2025-09-17 19:32:27.900 DEBUG: Calling TensorProductUniform4x1d: u,u,,u sizes=1024,256,16,4096 num_segments=4,1,16,16 num_paths=16 u=256, input shapes: torch.Size([1614, 1024]), torch.Size([1614, 256]), torch.Size([1614, 16])
2025-09-17 19:32:27.907 DEBUG: Calling SymmetricTensorContraction: [u,u,u sizes=4096,12544,2304 num_segments=16,49,9 num_paths=9 u=256, u,u,u,u sizes=4096,4096,12544,2304 num_segments=16,16,49,9 num_paths=125 u=256, u,u,u,u,u sizes=4096,4096,4096,12544,2304 num_segments=16,16,16,49,9 num_paths=1093 u=256], input shapes: torch.Size([7, 49, 256]), torch.Size([129]), torch.Size([129, 16, 256])
2025-09-17 19:32:27.912 DEBUG: Calling TensorProductUniform4x1d: u,u,,u sizes=4352,2304,16,18176 num_segments=17,9,16,71 num_paths=215 u=256, input shapes: torch.Size([1614, 4352]), torch.Size([1614, 2304]), torch.Size([1614, 16])
2025-09-17 19:32:27.921 DEBUG: Calling SymmetricTensorContraction: [u,u,u sizes=4096,3328,256 num_segments=16,13,1 num_paths=1 u=256, u,u,u,u sizes=4096,4096,3328,256 num_segments=16,16,13,1 num_paths=16 u=256, u,u,u,u,u sizes=4096,4096,4096,3328,256 num_segments=16,16,16,13,1 num_paths=77 u=256], input shapes: torch.Size([7, 13, 256]), torch.Size([129]), torch.Size([129, 16, 256])
2025-09-17 19:32:27.981 DEBUG: Calling TensorProductUniform4x1d: u,u,,u sizes=1024,256,16,4096 num_segments=4,1,16,16 num_paths=16 u=256, input shapes: torch.Size([1544, 1024]), torch.Size([1544, 256]), torch.Size([1544, 16])
2025-09-17 19:32:27.987 DEBUG: Calling SymmetricTensorContraction: [u,u,u sizes=4096,12544,2304 num_segments=16,49,9 num_paths=9 u=256, u,u,u,u sizes=4096,4096,12544,2304 num_segments=16,16,49,9 num_paths=125 u=256, u,u,u,u,u sizes=4096,4096,4096,12544,2304 num_segments=16,16,16,49,9 num_paths=1093 u=256], input shapes: torch.Size([7, 49, 256]), torch.Size([128]), torch.Size([128, 16, 256])
2025-09-17 19:32:27.991 DEBUG: Calling TensorProductUniform4x1d: u,u,,u sizes=4352,2304,16,18176 num_segments=17,9,16,71 num_paths=215 u=256, input shapes: torch.Size([1544, 4352]), torch.Size([1544, 2304]), torch.Size([1544, 16])
2025-09-17 19:32:27.995 DEBUG: Calling SymmetricTensorContraction: [u,u,u sizes=4096,3328,256 num_segments=16,13,1 num_paths=1 u=256, u,u,u,u sizes=4096,4096,3328,256 num_segments=16,16,13,1 num_paths=16 u=256, u,u,u,u,u sizes=4096,4096,4096,3328,256 num_segments=16,16,16,13,1 num_paths=77 u=256], input shapes: torch.Size([7, 13, 256]), torch.Size([128]), torch.Size([128, 16, 256])
2025-09-17 19:32:28.047 DEBUG: Calling TensorProductUniform4x1d: u,u,,u sizes=1024,256,16,4096 num_segments=4,1,16,16 num_paths=16 u=256, input shapes: torch.Size([1768, 1024]), torch.Size([1768, 256]), torch.Size([1768, 16])
2025-09-17 19:32:28.053 DEBUG: Calling SymmetricTensorContraction: [u,u,u sizes=4096,12544,2304 num_segments=16,49,9 num_paths=9 u=256, u,u,u,u sizes=4096,4096,12544,2304 num_segments=16,16,49,9 num_paths=125 u=256, u,u,u,u,u sizes=4096,4096,4096,12544,2304 num_segments=16,16,16,49,9 num_paths=1093 u=256], input shapes: torch.Size([7, 49, 256]), torch.Size([138]), torch.Size([138, 16, 256])
2025-09-17 19:32:28.057 DEBUG: Calling TensorProductUniform4x1d: u,u,,u sizes=4352,2304,16,18176 num_segments=17,9,16,71 num_paths=215 u=256, input shapes: torch.Size([1768, 4352]), torch.Size([1768, 2304]), torch.Size([1768, 16])
2025-09-17 19:32:28.061 DEBUG: Calling SymmetricTensorContraction: [u,u,u sizes=4096,3328,256 num_segments=16,13,1 num_paths=1 u=256, u,u,u,u sizes=4096,4096,3328,256 num_segments=16,16,13,1 num_paths=16 u=256, u,u,u,u,u sizes=4096,4096,4096,3328,256 num_segments=16,16,16,13,1 num_paths=77 u=256], input shapes: torch.Size([7, 13, 256]), torch.Size([138]), torch.Size([138, 16, 256])
2025-09-17 19:32:28.122 DEBUG: Calling TensorProductUniform4x1d: u,u,,u sizes=1024,256,16,4096 num_segments=4,1,16,16 num_paths=16 u=256, input shapes: torch.Size([1480, 1024]), torch.Size([1480, 256]), torch.Size([1480, 16])
2025-09-17 19:32:28.128 DEBUG: Calling SymmetricTensorContraction: [u,u,u sizes=4096,12544,2304 num_segments=16,49,9 num_paths=9 u=256, u,u,u,u sizes=4096,4096,12544,2304 num_segments=16,16,49,9 num_paths=125 u=256, u,u,u,u,u sizes=4096,4096,4096,12544,2304 num_segments=16,16,16,49,9 num_paths=1093 u=256], input shapes: torch.Size([7, 49, 256]), torch.Size([126]), torch.Size([126, 16, 256])
2025-09-17 19:32:28.132 DEBUG: Calling TensorProductUniform4x1d: u,u,,u sizes=4352,2304,16,18176 num_segments=17,9,16,71 num_paths=215 u=256, input shapes: torch.Size([1480, 4352]), torch.Size([1480, 2304]), torch.Size([1480, 16])
2025-09-17 19:32:28.137 DEBUG: Calling SymmetricTensorContraction: [u,u,u sizes=4096,3328,256 num_segments=16,13,1 num_paths=1 u=256, u,u,u,u sizes=4096,4096,3328,256 num_segments=16,16,13,1 num_paths=16 u=256, u,u,u,u,u sizes=4096,4096,4096,3328,256 num_segments=16,16,16,13,1 num_paths=77 u=256], input shapes: torch.Size([7, 13, 256]), torch.Size([126]), torch.Size([126, 16, 256])
2025-09-17 19:32:28.221 DEBUG: Calling TensorProductUniform4x1d: u,u,,u sizes=1024,256,16,4096 num_segments=4,1,16,16 num_paths=16 u=256, input shapes: torch.Size([1600, 1024]), torch.Size([1600, 256]), torch.Size([1600, 16])
2025-09-17 19:32:28.229 DEBUG: Calling SymmetricTensorContraction: [u,u,u sizes=4096,12544,2304 num_segments=16,49,9 num_paths=9 u=256, u,u,u,u sizes=4096,4096,12544,2304 num_segments=16,16,49,9 num_paths=125 u=256, u,u,u,u,u sizes=4096,4096,4096,12544,2304 num_segments=16,16,16,49,9 num_paths=1093 u=256], input shapes: torch.Size([7, 49, 256]), torch.Size([130]), torch.Size([130, 16, 256])
2025-09-17 19:32:28.234 DEBUG: Calling TensorProductUniform4x1d: u,u,,u sizes=4352,2304,16,18176 num_segments=17,9,16,71 num_paths=215 u=256, input shapes: torch.Size([1600, 4352]), torch.Size([1600, 2304]), torch.Size([1600, 16])
2025-09-17 19:32:28.240 DEBUG: Calling SymmetricTensorContraction: [u,u,u sizes=4096,3328,256 num_segments=16,13,1 num_paths=1 u=256, u,u,u,u sizes=4096,4096,3328,256 num_segments=16,16,13,1 num_paths=16 u=256, u,u,u,u,u sizes=4096,4096,4096,3328,256 num_segments=16,16,16,13,1 num_paths=77 u=256], input shapes: torch.Size([7, 13, 256]), torch.Size([130]), torch.Size([130, 16, 256])
2025-09-17 19:32:28.291 DEBUG: Calling TensorProductUniform4x1d: u,u,,u sizes=1024,256,16,4096 num_segments=4,1,16,16 num_paths=16 u=256, input shapes: torch.Size([1558, 1024]), torch.Size([1558, 256]), torch.Size([1558, 16])
2025-09-17 19:32:28.298 DEBUG: Calling SymmetricTensorContraction: [u,u,u sizes=4096,12544,2304 num_segments=16,49,9 num_paths=9 u=256, u,u,u,u sizes=4096,4096,12544,2304 num_segments=16,16,49,9 num_paths=125 u=256, u,u,u,u,u sizes=4096,4096,4096,12544,2304 num_segments=16,16,16,49,9 num_paths=1093 u=256], input shapes: torch.Size([7, 49, 256]), torch.Size([129]), torch.Size([129, 16, 256])
2025-09-17 19:32:28.302 DEBUG: Calling TensorProductUniform4x1d: u,u,,u sizes=4352,2304,16,18176 num_segments=17,9,16,71 num_paths=215 u=256, input shapes: torch.Size([1558, 4352]), torch.Size([1558, 2304]), torch.Size([1558, 16])
2025-09-17 19:32:28.306 DEBUG: Calling SymmetricTensorContraction: [u,u,u sizes=4096,3328,256 num_segments=16,13,1 num_paths=1 u=256, u,u,u,u sizes=4096,4096,3328,256 num_segments=16,16,13,1 num_paths=16 u=256, u,u,u,u,u sizes=4096,4096,4096,3328,256 num_segments=16,16,16,13,1 num_paths=77 u=256], input shapes: torch.Size([7, 13, 256]), torch.Size([129]), torch.Size([129, 16, 256])
2025-09-17 19:32:28.356 DEBUG: Calling TensorProductUniform4x1d: u,u,,u sizes=1024,256,16,4096 num_segments=4,1,16,16 num_paths=16 u=256, input shapes: torch.Size([1424, 1024]), torch.Size([1424, 256]), torch.Size([1424, 16])
2025-09-17 19:32:28.363 DEBUG: Calling SymmetricTensorContraction: [u,u,u sizes=4096,12544,2304 num_segments=16,49,9 num_paths=9 u=256, u,u,u,u sizes=4096,4096,12544,2304 num_segments=16,16,49,9 num_paths=125 u=256, u,u,u,u,u sizes=4096,4096,4096,12544,2304 num_segments=16,16,16,49,9 num_paths=1093 u=256], input shapes: torch.Size([7, 49, 256]), torch.Size([122]), torch.Size([122, 16, 256])
2025-09-17 19:32:28.368 DEBUG: Calling TensorProductUniform4x1d: u,u,,u sizes=4352,2304,16,18176 num_segments=17,9,16,71 num_paths=215 u=256, input shapes: torch.Size([1424, 4352]), torch.Size([1424, 2304]), torch.Size([1424, 16])
2025-09-17 19:32:28.372 DEBUG: Calling SymmetricTensorContraction: [u,u,u sizes=4096,3328,256 num_segments=16,13,1 num_paths=1 u=256, u,u,u,u sizes=4096,4096,3328,256 num_segments=16,16,13,1 num_paths=16 u=256, u,u,u,u,u sizes=4096,4096,4096,3328,256 num_segments=16,16,16,13,1 num_paths=77 u=256], input shapes: torch.Size([7, 13, 256]), torch.Size([122]), torch.Size([122, 16, 256])
2025-09-17 19:32:28.425 DEBUG: Calling TensorProductUniform4x1d: u,u,,u sizes=1024,256,16,4096 num_segments=4,1,16,16 num_paths=16 u=256, input shapes: torch.Size([1628, 1024]), torch.Size([1628, 256]), torch.Size([1628, 16])
2025-09-17 19:32:28.432 DEBUG: Calling SymmetricTensorContraction: [u,u,u sizes=4096,12544,2304 num_segments=16,49,9 num_paths=9 u=256, u,u,u,u sizes=4096,4096,12544,2304 num_segments=16,16,49,9 num_paths=125 u=256, u,u,u,u,u sizes=4096,4096,4096,12544,2304 num_segments=16,16,16,49,9 num_paths=1093 u=256], input shapes: torch.Size([7, 49, 256]), torch.Size([132]), torch.Size([132, 16, 256])
2025-09-17 19:32:28.437 DEBUG: Calling TensorProductUniform4x1d: u,u,,u sizes=4352,2304,16,18176 num_segments=17,9,16,71 num_paths=215 u=256, input shapes: torch.Size([1628, 4352]), torch.Size([1628, 2304]), torch.Size([1628, 16])
2025-09-17 19:32:28.442 DEBUG: Calling SymmetricTensorContraction: [u,u,u sizes=4096,3328,256 num_segments=16,13,1 num_paths=1 u=256, u,u,u,u sizes=4096,4096,3328,256 num_segments=16,16,13,1 num_paths=16 u=256, u,u,u,u,u sizes=4096,4096,4096,3328,256 num_segments=16,16,16,13,1 num_paths=77 u=256], input shapes: torch.Size([7, 13, 256]), torch.Size([132]), torch.Size([132, 16, 256])
2025-09-17 19:32:28.493 DEBUG: Calling TensorProductUniform4x1d: u,u,,u sizes=1024,256,16,4096 num_segments=4,1,16,16 num_paths=16 u=256, input shapes: torch.Size([1702, 1024]), torch.Size([1702, 256]), torch.Size([1702, 16])
2025-09-17 19:32:28.500 DEBUG: Calling SymmetricTensorContraction: [u,u,u sizes=4096,12544,2304 num_segments=16,49,9 num_paths=9 u=256, u,u,u,u sizes=4096,4096,12544,2304 num_segments=16,16,49,9 num_paths=125 u=256, u,u,u,u,u sizes=4096,4096,4096,12544,2304 num_segments=16,16,16,49,9 num_paths=1093 u=256], input shapes: torch.Size([7, 49, 256]), torch.Size([134]), torch.Size([134, 16, 256])
2025-09-17 19:32:28.504 DEBUG: Calling TensorProductUniform4x1d: u,u,,u sizes=4352,2304,16,18176 num_segments=17,9,16,71 num_paths=215 u=256, input shapes: torch.Size([1702, 4352]), torch.Size([1702, 2304]), torch.Size([1702, 16])
2025-09-17 19:32:28.508 DEBUG: Calling SymmetricTensorContraction: [u,u,u sizes=4096,3328,256 num_segments=16,13,1 num_paths=1 u=256, u,u,u,u sizes=4096,4096,3328,256 num_segments=16,16,13,1 num_paths=16 u=256, u,u,u,u,u sizes=4096,4096,4096,3328,256 num_segments=16,16,16,13,1 num_paths=77 u=256], input shapes: torch.Size([7, 13, 256]), torch.Size([134]), torch.Size([134, 16, 256])
2025-09-17 19:32:28.560 DEBUG: Calling TensorProductUniform4x1d: u,u,,u sizes=1024,256,16,4096 num_segments=4,1,16,16 num_paths=16 u=256, input shapes: torch.Size([1560, 1024]), torch.Size([1560, 256]), torch.Size([1560, 16])
2025-09-17 19:32:28.566 DEBUG: Calling SymmetricTensorContraction: [u,u,u sizes=4096,12544,2304 num_segments=16,49,9 num_paths=9 u=256, u,u,u,u sizes=4096,4096,12544,2304 num_segments=16,16,49,9 num_paths=125 u=256, u,u,u,u,u sizes=4096,4096,4096,12544,2304 num_segments=16,16,16,49,9 num_paths=1093 u=256], input shapes: torch.Size([7, 49, 256]), torch.Size([128]), torch.Size([128, 16, 256])
2025-09-17 19:32:28.570 DEBUG: Calling TensorProductUniform4x1d: u,u,,u sizes=4352,2304,16,18176 num_segments=17,9,16,71 num_paths=215 u=256, input shapes: torch.Size([1560, 4352]), torch.Size([1560, 2304]), torch.Size([1560, 16])
2025-09-17 19:32:28.575 DEBUG: Calling SymmetricTensorContraction: [u,u,u sizes=4096,3328,256 num_segments=16,13,1 num_paths=1 u=256, u,u,u,u sizes=4096,4096,3328,256 num_segments=16,16,13,1 num_paths=16 u=256, u,u,u,u,u sizes=4096,4096,4096,3328,256 num_segments=16,16,16,13,1 num_paths=77 u=256], input shapes: torch.Size([7, 13, 256]), torch.Size([128]), torch.Size([128, 16, 256])
2025-09-17 19:32:28.633 DEBUG: Calling TensorProductUniform4x1d: u,u,,u sizes=1024,256,16,4096 num_segments=4,1,16,16 num_paths=16 u=256, input shapes: torch.Size([1658, 1024]), torch.Size([1658, 256]), torch.Size([1658, 16])
2025-09-17 19:32:28.639 DEBUG: Calling SymmetricTensorContraction: [u,u,u sizes=4096,12544,2304 num_segments=16,49,9 num_paths=9 u=256, u,u,u,u sizes=4096,4096,12544,2304 num_segments=16,16,49,9 num_paths=125 u=256, u,u,u,u,u sizes=4096,4096,4096,12544,2304 num_segments=16,16,16,49,9 num_paths=1093 u=256], input shapes: torch.Size([7, 49, 256]), torch.Size([134]), torch.Size([134, 16, 256])
2025-09-17 19:32:28.643 DEBUG: Calling TensorProductUniform4x1d: u,u,,u sizes=4352,2304,16,18176 num_segments=17,9,16,71 num_paths=215 u=256, input shapes: torch.Size([1658, 4352]), torch.Size([1658, 2304]), torch.Size([1658, 16])
2025-09-17 19:32:28.648 DEBUG: Calling SymmetricTensorContraction: [u,u,u sizes=4096,3328,256 num_segments=16,13,1 num_paths=1 u=256, u,u,u,u sizes=4096,4096,3328,256 num_segments=16,16,13,1 num_paths=16 u=256, u,u,u,u,u sizes=4096,4096,4096,3328,256 num_segments=16,16,16,13,1 num_paths=77 u=256], input shapes: torch.Size([7, 13, 256]), torch.Size([134]), torch.Size([134, 16, 256])
2025-09-17 19:32:28.698 DEBUG: Calling TensorProductUniform4x1d: u,u,,u sizes=1024,256,16,4096 num_segments=4,1,16,16 num_paths=16 u=256, input shapes: torch.Size([1296, 1024]), torch.Size([1296, 256]), torch.Size([1296, 16])
2025-09-17 19:32:28.704 DEBUG: Calling SymmetricTensorContraction: [u,u,u sizes=4096,12544,2304 num_segments=16,49,9 num_paths=9 u=256, u,u,u,u sizes=4096,4096,12544,2304 num_segments=16,16,49,9 num_paths=125 u=256, u,u,u,u,u sizes=4096,4096,4096,12544,2304 num_segments=16,16,16,49,9 num_paths=1093 u=256], input shapes: torch.Size([7, 49, 256]), torch.Size([117]), torch.Size([117, 16, 256])
2025-09-17 19:32:28.708 DEBUG: Calling TensorProductUniform4x1d: u,u,,u sizes=4352,2304,16,18176 num_segments=17,9,16,71 num_paths=215 u=256, input shapes: torch.Size([1296, 4352]), torch.Size([1296, 2304]), torch.Size([1296, 16])
2025-09-17 19:32:28.712 DEBUG: Calling SymmetricTensorContraction: [u,u,u sizes=4096,3328,256 num_segments=16,13,1 num_paths=1 u=256, u,u,u,u sizes=4096,4096,3328,256 num_segments=16,16,13,1 num_paths=16 u=256, u,u,u,u,u sizes=4096,4096,4096,3328,256 num_segments=16,16,16,13,1 num_paths=77 u=256], input shapes: torch.Size([7, 13, 256]), torch.Size([117]), torch.Size([117, 16, 256])
2025-09-17 19:32:28.765 DEBUG: Calling TensorProductUniform4x1d: u,u,,u sizes=1024,256,16,4096 num_segments=4,1,16,16 num_paths=16 u=256, input shapes: torch.Size([1684, 1024]), torch.Size([1684, 256]), torch.Size([1684, 16])
2025-09-17 19:32:28.772 DEBUG: Calling SymmetricTensorContraction: [u,u,u sizes=4096,12544,2304 num_segments=16,49,9 num_paths=9 u=256, u,u,u,u sizes=4096,4096,12544,2304 num_segments=16,16,49,9 num_paths=125 u=256, u,u,u,u,u sizes=4096,4096,4096,12544,2304 num_segments=16,16,16,49,9 num_paths=1093 u=256], input shapes: torch.Size([7, 49, 256]), torch.Size([134]), torch.Size([134, 16, 256])
2025-09-17 19:32:28.776 DEBUG: Calling TensorProductUniform4x1d: u,u,,u sizes=4352,2304,16,18176 num_segments=17,9,16,71 num_paths=215 u=256, input shapes: torch.Size([1684, 4352]), torch.Size([1684, 2304]), torch.Size([1684, 16])
2025-09-17 19:32:28.781 DEBUG: Calling SymmetricTensorContraction: [u,u,u sizes=4096,3328,256 num_segments=16,13,1 num_paths=1 u=256, u,u,u,u sizes=4096,4096,3328,256 num_segments=16,16,13,1 num_paths=16 u=256, u,u,u,u,u sizes=4096,4096,4096,3328,256 num_segments=16,16,16,13,1 num_paths=77 u=256], input shapes: torch.Size([7, 13, 256]), torch.Size([134]), torch.Size([134, 16, 256])
2025-09-17 19:32:28.835 DEBUG: Calling TensorProductUniform4x1d: u,u,,u sizes=1024,256,16,4096 num_segments=4,1,16,16 num_paths=16 u=256, input shapes: torch.Size([1552, 1024]), torch.Size([1552, 256]), torch.Size([1552, 16])
2025-09-17 19:32:28.841 DEBUG: Calling SymmetricTensorContraction: [u,u,u sizes=4096,12544,2304 num_segments=16,49,9 num_paths=9 u=256, u,u,u,u sizes=4096,4096,12544,2304 num_segments=16,16,49,9 num_paths=125 u=256, u,u,u,u,u sizes=4096,4096,4096,12544,2304 num_segments=16,16,16,49,9 num_paths=1093 u=256], input shapes: torch.Size([7, 49, 256]), torch.Size([127]), torch.Size([127, 16, 256])
2025-09-17 19:32:28.845 DEBUG: Calling TensorProductUniform4x1d: u,u,,u sizes=4352,2304,16,18176 num_segments=17,9,16,71 num_paths=215 u=256, input shapes: torch.Size([1552, 4352]), torch.Size([1552, 2304]), torch.Size([1552, 16])
2025-09-17 19:32:28.849 DEBUG: Calling SymmetricTensorContraction: [u,u,u sizes=4096,3328,256 num_segments=16,13,1 num_paths=1 u=256, u,u,u,u sizes=4096,4096,3328,256 num_segments=16,16,13,1 num_paths=16 u=256, u,u,u,u,u sizes=4096,4096,4096,3328,256 num_segments=16,16,16,13,1 num_paths=77 u=256], input shapes: torch.Size([7, 13, 256]), torch.Size([127]), torch.Size([127, 16, 256])
